file,source,mode,tag,label,radius,dx,dy,row,n,k,resolution,cladding_rows,guide_periods,a_nm,fcen,fwidth,pml,pad_x,pad_y,termination_x,absorber_periods,rows,t_harminv,symmetry,Q,f_r,wavelength_nm,fwhm_nm,harminv_error,amplitude,Q_limit,margin,gap_position,resolved,valid,exclusion_reason,mode_count,steps,pixels,throughput,wall_s,host,job_id,code_sha256,started,legacy_file
alan_uretim_rd0.060_dx+0.000_dy+0.000_s4_na1.3300_res24_nk12_simoto.json,legacy-campaign,field,production,alan_uretim_rd0.060_dx+0.000_dy+0.000_s4_na1.3300_res24_nk12_simoto,0.06,0.0,0.0,4,1.33,0.0,24,12,25,481.4,0.3105806451612903,0.06,1.0,1.5,1.0,pml,,,,even,,,,,,,,,,False,False,,0,,,,,,,,,alan_alan_uretim_rd0.060_dx+0.000_dy+0.000_s4_na1.3300_res24_nk12_simoto.npz
alan_uretim_rd0.060_dx+0.000_dy+0.000_s4_na1.4500_res24_nk12_simoto.json,legacy-campaign,field,production,alan_uretim_rd0.060_dx+0.000_dy+0.000_s4_na1.4500_res24_nk12_simoto,0.06,0.0,0.0,4,1.45,0.0,24,12,25,481.4,0.3105806451612903,0.06,1.0,1.5,1.0,pml,,,,even,,,,,,,,,,False,False,,0,,,,,,,,,alan_alan_uretim_rd0.060_dx+0.000_dy+0.000_s4_na1.4500_res24_nk12_simoto.npz
bands_bulk_na1.3300_legacy.json,legacy-campaign,bands,legacy,bands_bulk_na1.3300_legacy,0.06,0.0,0.0,4,1.33,0.0,24,12,25,481.4,auto,0.06,1.0,1.5,1.0,pml,,,,,,,,,,,,,,False,False,,0,,,,,,,,,bant_bulk_na1.33.json
bands_calibration_band_centre_legacy.json,legacy-campaign,bands,legacy,bands_calibration_band_centre_legacy,0.06,0.0,0.0,4,1.33,0.0,24,12,25,481.4,auto,0.06,1.0,1.5,1.0,pml,,,,,,,,,,,,,,False,False,,0,,,,,,,,,a_nm_bant_ortasi.json
bands_sweep_legacy.json,legacy-campaign,bands,legacy,bands_sweep_legacy,0.06,0.0,0.0,4,1.33,0.0,24,12,25,481.4,auto,0.06,1.0,1.5,1.0,pml,,,,,,,,,,,,,,False,False,,0,,,,,,,,,bant_tarama.json
bands_w1_na1.3300_legacy.json,legacy-campaign,bands,legacy,bands_w1_na1.3300_legacy,0.06,0.0,0.0,4,1.33,0.0,24,12,25,481.4,auto,0.06,1.0,1.5,1.0,pml,,,,,,,,,,,,,,False,False,,0,,,,,,,,,bant_w1_na1.33.json
harminv_tarama_rd0.000_dx+0.000_dy+0.000_s2_na1.3300_res20_nk8_simoto.json,legacy-campaign,harminv,sweep,harminv_tarama_rd0.000_dx+0.000_dy+0.000_s2_na1.3300_res20_nk8_simoto,0.0,0.0,0.0,2,1.33,0.0,20,8,25,481.4,0.3105806451612903,0.06,1.0,1.5,1.0,pml,,,1500.0,even,126.54967385683553,0.3140688628480159,1532.7848664608275,12.112120242955765,1.431864247812798e-07,2.818893514130159,1463.576809778832,11.56523573055244,0.5494515637107241,True,True,,3,66667,252000,37585536.483528174,223.49134230613708,a083,,,2026-08-23T22:14:58,harminv_tarama_rd0.000_dx+0.000_dy+0.000_s2_na1.3300_res20_nk8_simoto.json
harminv_tarama_rd0.000_dx+0.000_dy+0.000_s3_na1.3300_res20_nk8_simoto.json,legacy-campaign,harminv,sweep,harminv_tarama_rd0.000_dx+0.000_dy+0.000_s3_na1.3300_res20_nk8_simoto,0.0,0.0,0.0,3,1.33,0.0,20,8,25,481.4,0.3105806451612903,0.06,1.0,1.5,1.0,pml,,,2280.6000671816155,even,558.7225829509841,0.3121771701268749,1542.0730471877544,2.759997705915241,1.088448703961983e-09,6.238684170828537,2225.222247138039,3.9826960911176457,0.5226691885671493,True,True,,1,97891,252000,23143245.594023764,532.9531655311584,a083,,,2026-08-23T22:14:57,harminv_tarama_rd0.000_dx+0.000_dy+0.000_s3_na1.3300_res20_nk8_simoto.json
harminv_tarama_rd0.000_dx+0.000_dy+0.000_s4_na1.3300_res20_nk8_simoto.json,legacy-campaign,harminv,sweep,harminv_tarama_rd0.000_dx+0.000_dy+0.000_s4_na1.3300_res20_nk8_simoto,0.0,0.0,0.0,4,1.33,0.0,20,8,25,481.4,0.3105806451612903,0.06,1.0,1.5,1.0,pml,,,10861.498996571689,even,2649.66783250861,0.31186680359966634,1543.6077018891633,0.5825664949208864,1.3276675021243361e-09,6.894075877625833,10597.758700545584,3.999655568340432,0.5182750537952532,True,True,,1,441127,252000,34535821.28827007,1609.4014830589294,a083,,,2026-08-23T22:14:57,harminv_tarama_rd0.000_dx+0.000_dy+0.000_s4_na1.3300_res20_nk8_simoto.json
harminv_tarama_rd0.020_dx+0.000_dy+0.000_s2_na1.3300_res20_nk8_simoto.json,legacy-campaign,harminv,sweep,harminv_tarama_rd0.020_dx+0.000_dy+0.000_s2_na1.3300_res20_nk8_simoto,0.02,0.0,0.0,2,1.33,0.0,20,8,25,481.4,0.3105806451612903,0.06,1.0,1.5,1.0,pml,,,1500.0,even,78.01185131217204,0.31299622142098293,1538.0377367320111,19.715436960692074,4.071026903047221e-07,2.474318523030195,1463.576809778832,18.760954715998043,0.534265225690663,True,True,,3,66667,252000,38049271.21836569,220.76748728752136,a083,,,2026-08-23T22:14:57,harminv_tarama_rd0.020_dx+0.000_dy+0.000_s2_na1.3300_res20_nk8_simoto.json
harminv_tarama_rd0.020_dx+0.000_dy+0.000_s3_na1.3300_res20_nk8_simoto.json,legacy-campaign,harminv,sweep,harminv_tarama_rd0.020_dx+0.000_dy+0.000_s3_na1.3300_res20_nk8_simoto,0.02,0.0,0.0,3,1.33,0.0,20,8,25,481.4,0.3105806451612903,0.06,1.0,1.5,1.0,pml,,,1500.0,even,435.1197283841292,0.31055278722648894,1550.1390417369225,3.5625574769812327,2.7163654987593983e-09,6.5550530232289255,1463.576809778832,3.363618595769043,0.4996713561344563,True,True,,1,66667,252000,37927843.22143959,221.47428607940674,a083,,,2026-08-23T22:14:57,harminv_tarama_rd0.020_dx+0.000_dy+0.000_s3_na1.3300_res20_nk8_simoto.json
harminv_tarama_rd0.020_dx+0.000_dy+0.000_s4_na1.3300_res20_nk8_simoto.json,legacy-campaign,harminv,sweep,harminv_tarama_rd0.020_dx+0.000_dy+0.000_s4_na1.3300_res20_nk8_simoto,0.02,0.0,0.0,4,1.33,0.0,20,8,25,481.4,0.3105806451612903,0.06,1.0,1.5,1.0,pml,,,9861.323786204443,even,2404.1642810589947,0.31033077940572595,1551.2479971270218,0.6452337759729642,1.4700354078898077e-09,7.027072135071309,9621.869871472807,4.002168215906831,0.4965281941007749,True,True,,1,401120,252000,34119937.30800007,1481.2782199382782,a083,,,2026-08-23T22:14:57,harminv_tarama_rd0.020_dx+0.000_dy+0.000_s4_na1.3300_res20_nk8_simoto.json
harminv_tarama_rd0.040_dx+0.000_dy+0.000_s2_na1.3300_res20_nk8_simoto.json,legacy-campaign,harminv,sweep,harminv_tarama_rd0.040_dx+0.000_dy+0.000_s2_na1.3300_res20_nk8_simoto,0.04,0.0,0.0,2,1.33,0.0,20,8,25,481.4,0.3105806451612903,0.06,1.0,1.5,1.0,pml,,,1500.0,even,68.55756884220469,0.31218829550169613,1542.0180927230967,22.49231002155689,1.8823517050865162e-05,1.2652132590890053,1463.576809778832,21.348143385123077,0.5228267003864554,True,True,,3,66667,252000,37822249.644922964,222.09260630607605,a083,,,2026-08-23T22:14:58,harminv_tarama_rd0.040_dx+0.000_dy+0.000_s2_na1.3300_res20_nk8_simoto.json
harminv_tarama_rd0.040_dx+0.000_dy+0.000_s3_na1.3300_res20_nk8_simoto.json,legacy-campaign,harminv,sweep,harminv_tarama_rd0.040_dx+0.000_dy+0.000_s3_na1.3300_res20_nk8_simoto,0.04,0.0,0.0,3,1.33,0.0,20,8,25,481.4,0.3105806451612903,0.06,1.0,1.5,1.0,pml,,,1500.0,even,506.0205264215215,0.3088802878207877,1558.5326062610645,3.0799790223584473,5.007198060664517e-10,6.350388353262089,1463.576809778832,2.8923269578192055,0.47599229557123784,True,True,,1,66667,252000,37681146.37377248,222.92426872253418,a083,,,2026-08-23T22:14:57,harminv_tarama_rd0.040_dx+0.000_dy+0.000_s3_na1.3300_res20_nk8_simoto.json
harminv_tarama_rd0.040_dx+0.000_dy+0.000_s4_na1.3300_res20_nk8_simoto.json,legacy-campaign,harminv,sweep,harminv_tarama_rd0.040_dx+0.000_dy+0.000_s4_na1.3300_res20_nk8_simoto,0.04,0.0,0.0,4,1.33,0.0,20,8,25,481.4,0.3105806451612903,0.06,1.0,1.5,1.0,pml,,,10747.035426106593,even,2622.1860775493114,0.3087640148735079,1559.1195113757549,0.5945876704649824,1.2817334665177872e-09,6.935263665415372,10486.074549014118,3.9989818567011755,0.4743461161160365,True,True,,1,436549,252000,35965977.379462235,1529.3668630123138,a083,,,2026-08-23T22:18:47,harminv_tarama_rd0.040_dx+0.000_dy+0.000_s4_na1.3300_res20_nk8_simoto.json
harminv_tarama_rd0.040_dx+0.000_dy+0.000_s4_na1.3300_res24_nk10_simoto.json,legacy-campaign,harminv,sweep,harminv_tarama_rd0.040_dx+0.000_dy+0.000_s4_na1.3300_res24_nk10_simoto,0.04,0.0,0.0,4,1.33,0.0,24,10,25,481.4,0.3105806451612903,0.06,1.0,1.5,1.0,pml,,,10491.028047591319,even,4095.1424594612527,0.30874584861426224,1559.2112482180987,0.3807465219227623,3.20478784997042e-10,7.039234900191954,10236.2835741293,2.4996159902764314,0.4740889202381672,True,True,,1,511570,432000,51365982.36442453,2151.2120456695557,a086,,,2026-08-24T15:10:01,harminv_tarama_rd0.040_dx+0.000_dy+0.000_s4_na1.3300_res24_nk10_simoto.json
harminv_tarama_rd0.040_dx+0.000_dy+0.000_s4_na1.3300_res24_nk12_simoto.json,legacy-campaign,harminv,sweep,harminv_tarama_rd0.040_dx+0.000_dy+0.000_s4_na1.3300_res24_nk12_simoto,0.04,0.0,0.0,4,1.33,0.0,24,12,25,481.4,0.3105806451612903,0.06,1.0,1.5,1.0,pml,,,10801.50057357199,even,4216.752600516794,0.3087454563677695,1559.213229122209,0.3697663526504059,3.2984819344178273e-10,7.043174337643841,10539.21716686181,2.4993681549091007,0.4740833668559505,True,True,,1,526473,501120,56804984.19924031,2322.20951628685,a086,,,2026-08-24T15:10:01,harminv_tarama_rd0.040_dx+0.000_dy+0.000_s4_na1.3300_res24_nk12_simoto.json
harminv_tarama_rd0.040_dx+0.000_dy+0.000_s4_na1.3300_res32_nk8_simoto.json,legacy-campaign,harminv,sweep,harminv_tarama_rd0.040_dx+0.000_dy+0.000_s4_na1.3300_res32_nk8_simoto,0.04,0.0,0.0,4,1.33,0.0,32,8,25,481.4,0.3105806451612903,0.06,1.0,1.5,1.0,pml,,,6000.0,even,2659.6235369215506,0.30882723310688825,1558.8003530549474,0.5860981193072238,5.69031312137575e-10,6.99959719359718,5854.307239115328,2.201178910415098,0.475241152832827,True,True,,1,394667,645120,33703775.706349276,3777.1372747421265,a079,,,2026-08-24T11:04:48,harminv_tarama_rd0.040_dx+0.000_dy+0.000_s4_na1.3300_res32_nk8_simoto.json
harminv_tarama_rd0.050_dx+0.000_dy+0.000_s4_na1.3300_res24_nk12_simoto.json,legacy-campaign,harminv,sweep,harminv_tarama_rd0.050_dx+0.000_dy+0.000_s4_na1.3300_res24_nk12_simoto,0.05,0.0,0.0,4,1.33,0.0,24,12,25,481.4,0.3105806451612903,0.06,1.0,1.5,1.0,pml,,,11413.211445750865,even,5568.894023618156,0.3069218229663628,1568.4775860749373,0.2816497457884617,1.7064926181561844e-10,6.688229053802078,11136.074398068868,1.9996922819575706,0.4482645679913178,True,True,,1,555835,501120,9312654.765237812,14954.921138048172,a045,,,2026-08-24T23:34:14,harminv_tarama_rd0.050_dx+0.000_dy+0.000_s4_na1.3300_res24_nk12_simoto.json
harminv_tarama_rd0.050_dx+0.000_dy+0.050_s4_na1.3300_res24_nk12_simoto.json,legacy-campaign,harminv,sweep,harminv_tarama_rd0.050_dx+0.000_dy+0.050_s4_na1.3300_res24_nk12_simoto,0.05,0.0,0.05,4,1.33,0.0,24,12,25,481.4,0.3105806451612903,0.06,1.0,1.5,1.0,pml,,,11555.670925983079,even,5638.353855563105,0.3069516971120243,1568.3249336272913,0.27815298113648845,1.6424513932000986e-10,6.519305323296821,11275.07465913621,1.9997103672398302,0.4486875228228605,True,True,,1,562673,501120,9388369.535020055,15016.80844092369,a045,,,2026-08-24T23:34:14,harminv_tarama_rd0.050_dx+0.000_dy+0.050_s4_na1.3300_res24_nk12_simoto.json
harminv_tarama_rd0.050_dx+0.000_dy+0.100_s4_na1.3300_res24_nk12_simoto.json,legacy-campaign,harminv,sweep,harminv_tarama_rd0.050_dx+0.000_dy+0.100_s4_na1.3300_res24_nk12_simoto,0.05,0.0,0.1,4,1.33,0.0,24,12,25,481.4,0.3105806451612903,0.06,1.0,1.5,1.0,pml,,,11440.109576660328,even,5582.959720534016,0.3071180245298991,1567.475568185461,0.28076068011386807,7.587753742518856e-10,6.287116665577206,11162.319385152525,1.9993551707166601,0.45104236790546914,True,True,,1,557126,501120,9367297.522685027,14902.215950965881,a045,,,2026-08-24T23:34:14,harminv_tarama_rd0.050_dx+0.000_dy+0.100_s4_na1.3300_res24_nk12_simoto.json
harminv_tarama_rd0.050_dx+0.000_dy-0.050_s4_na1.3300_res24_nk12_simoto.json,legacy-campaign,harminv,sweep,harminv_tarama_rd0.050_dx+0.000_dy-0.050_s4_na1.3300_res24_nk12_simoto,0.05,0.0,-0.05,4,1.33,0.0,24,12,25,481.4,0.3105806451612903,0.06,1.0,1.5,1.0,pml,,,11157.181959113152,even,5444.486295550999,0.30695498020863043,1568.3081593033714,0.2880543864321829,4.941003244187411e-10,6.788191421241699,10886.261851893843,1.9995021129522597,0.4487340045394498,True,True,,1,543545,501120,9348350.260441266,14568.4138276577,a045,,,2026-08-24T23:34:14,harminv_tarama_rd0.050_dx+0.000_dy-0.050_s4_na1.3300_res24_nk12_simoto.json
harminv_tarama_rd0.050_dx+0.000_dy-0.100_s4_na1.3300_res24_nk12_simoto.json,legacy-campaign,harminv,sweep,harminv_tarama_rd0.050_dx+0.000_dy-0.100_s4_na1.3300_res24_nk12_simoto,0.05,0.0,-0.1,4,1.33,0.0,24,12,25,481.4,0.3105806451612903,0.06,1.0,1.5,1.0,pml,,,10689.983865854123,even,5216.156231243763,0.30712436566371176,1567.4432048387612,0.30049774879250757,3.231753248029298e-10,6.8388900648072575,10430.408321982643,1.9996349533218585,0.4511321449727,True,True,,1,521120,501120,9307124.701826828,14029.233665943146,a045,,,2026-08-24T23:34:14,harminv_tarama_rd0.050_dx+0.000_dy-0.100_s4_na1.3300_res24_nk12_simoto.json
harminv_tarama_rd0.060_dx+0.000_dy+0.000_s2_na1.3300_res20_nk8_simoto.json,legacy-campaign,harminv,sweep,harminv_tarama_rd0.060_dx+0.000_dy+0.000_s2_na1.3300_res20_nk8_simoto,0.06,0.0,0.0,2,1.33,0.0,20,8,25,481.4,0.3105806451612903,0.06,1.0,1.5,1.0,pml,,,1500.0,even,160.63048917958298,0.30494118156513483,1578.6650970825792,9.827929337360422,4.2852495866676324e-08,3.0618413020535415,1463.576809778832,9.111450866233561,0.420222867328333,True,True,,3,66667,252000,38792755.46959795,216.53635835647583,a083,,,2026-08-23T22:18:47,harminv_tarama_rd0.060_dx+0.000_dy+0.000_s2_na1.3300_res20_nk8_simoto.json
harminv_tarama_rd0.060_dx+0.000_dy+0.000_s3_na1.3300_res20_nk8_simoto.json,legacy-campaign,harminv,sweep,harminv_tarama_rd0.060_dx+0.000_dy+0.000_s3_na1.3300_res20_nk8_simoto,0.06,0.0,0.0,3,1.33,0.0,20,8,25,481.4,0.3105806451612903,0.06,1.0,1.5,1.0,pml,,,3891.797142215064,even,949.4538729799226,0.3048391730278381,1579.1933668447468,1.6632649692484227,3.3237421905699534e-12,5.4725529937676445,3797.296030472999,3.9994528839562675,0.41877864180312135,True,True,,1,162339,252000,26683280.20175765,766.5741934776306,a083,,,2026-08-23T22:18:48,harminv_tarama_rd0.060_dx+0.000_dy+0.000_s3_na1.3300_res20_nk8_simoto.json
harminv_tarama_rd0.060_dx+0.000_dy+0.000_s4_na1.3300_res20_nk8_simoto.json,legacy-campaign,harminv,sweep,harminv_tarama_rd0.060_dx+0.000_dy+0.000_s4_na1.3300_res20_nk8_simoto,0.06,0.0,0.0,4,1.33,0.0,20,8,25,481.4,0.3105806451612903,0.06,1.0,1.5,1.0,pml,,,15086.084095986487,even,3679.2589233354347,0.30470490943200357,1579.8892144447932,0.4294041945307137,5.647255693179126e-10,5.878627476074364,14719.761888839384,4.000740963208747,0.4168777527466807,True,True,,1,610111,252000,44634889.40000217,1722.284675359726,a083,,,2026-08-23T22:18:49,harminv_tarama_rd0.060_dx+0.000_dy+0.000_s4_na1.3300_res20_nk8_simoto.json
harminv_tarama_rd0.060_dx+0.000_dy+0.000_s4_na1.3300_res24_nk10_simoto.json,legacy-campaign,harminv,sweep,harminv_tarama_rd0.060_dx+0.000_dy+0.000_s4_na1.3300_res24_nk10_simoto,0.06,0.0,0.0,4,1.33,0.0,24,10,25,481.4,0.3105806451612903,0.06,1.0,1.5,1.0,pml,,,17062.694293412664,even,6657.830908836716,0.30461431616480034,1580.3590785258966,0.23736846131498157,3.739553536738118e-10,5.921006107936538,16648.37578678959,2.5005705333688724,0.4155951433457968,True,True,,1,827010,432000,69712706.08296396,2562.433307170868,a086,,,2026-08-24T15:10:01,harminv_tarama_rd0.060_dx+0.000_dy+0.000_s4_na1.3300_res24_nk10_simoto.json
harminv_tarama_rd0.060_dx+0.000_dy+0.000_s4_na1.3300_res24_nk12_simoto.json,legacy-campaign,harminv,sweep,harminv_tarama_rd0.060_dx+0.000_dy+0.000_s4_na1.3300_res24_nk12_simoto,0.06,0.0,0.0,4,1.33,0.0,24,12,25,481.4,0.3105806451612903,0.06,1.0,1.5,1.0,pml,,,17751.775421768845,even,6926.7174201944035,0.3046140797559758,1580.3603050313568,0.22815429144314694,3.373830943612657e-10,5.923484205947793,17320.724559801816,2.5005675140297114,0.4155917962959537,True,True,,1,860086,501120,81126020.29752676,2656.399850130081,a086,,,2026-08-24T15:10:01,harminv_tarama_rd0.060_dx+0.000_dy+0.000_s4_na1.3300_res24_nk12_simoto.json
harminv_tarama_rd0.060_dx+0.000_dy+0.000_s4_na1.3300_res32_nk8_simoto.json,legacy-campaign,harminv,sweep,harminv_tarama_rd0.060_dx+0.000_dy+0.000_s4_na1.3300_res32_nk8_simoto,0.06,0.0,0.0,4,1.33,0.0,32,8,25,481.4,0.3105806451612903,0.06,1.0,1.5,1.0,pml,,,6000.0,even,3731.364468092509,0.30470715769182954,1579.8775573459668,0.42340478150975364,1.0420239786453658e-09,5.920919153544953,5854.307239115328,1.568945432475557,0.4169095833592356,True,True,,1,394667,645120,33663685.13281263,3781.6355226039886,a079,,,2026-08-24T11:04:47,harminv_tarama_rd0.060_dx+0.000_dy+0.000_s4_na1.3300_res32_nk8_simoto.json
harminv_tarama_rd0.060_dx+0.000_dy+0.050_s4_na1.3300_res24_nk12_simoto.json,legacy-campaign,harminv,sweep,harminv_tarama_rd0.060_dx+0.000_dy+0.050_s4_na1.3300_res24_nk12_simoto,0.06,0.0,0.05,4,1.33,0.0,24,12,25,481.4,0.3105806451612903,0.06,1.0,1.5,1.0,pml,,,14527.468006895426,even,7086.3097718987465,0.3046674032474801,1580.0837072450468,0.22297694542101143,1.061769278879225e-10,5.795175065324935,14174.710186464035,2.000295025582262,0.4163467443577993,True,True,,1,705319,501120,9664267.300340174,18286.407354831696,a045,,,2026-08-24T23:34:14,harminv_tarama_rd0.060_dx+0.000_dy+0.050_s4_na1.3300_res24_nk12_simoto.json
harminv_tarama_rd0.060_dx+0.000_dy+0.100_s4_na1.3300_res24_nk12_simoto.json,legacy-campaign,harminv,sweep,harminv_tarama_rd0.060_dx+0.000_dy+0.100_s4_na1.3300_res24_nk12_simoto,0.06,0.0,0.1,4,1.33,0.0,24,12,25,481.4,0.3105806451612903,0.06,1.0,1.5,1.0,pml,,,14755.45090905219,even,7197.598807062396,0.30482907732049574,1579.2456685287227,0.21941285015485196,1.4628620555191312e-10,5.633184093674112,14397.15717887918,2.000272252567407,0.41863570790145727,True,True,,1,716262,501120,9735554.005834768,18434.144231796265,a045,,,2026-08-24T23:34:14,harminv_tarama_rd0.060_dx+0.000_dy+0.100_s4_na1.3300_res24_nk12_simoto.json
harminv_tarama_rd0.060_dx+0.000_dy-0.050_s4_na1.3300_res24_nk12_simoto.json,legacy-campaign,harminv,sweep,harminv_tarama_rd0.060_dx+0.000_dy-0.050_s4_na1.3300_res24_nk12_simoto,0.06,0.0,-0.05,4,1.33,0.0,24,12,25,481.4,0.3105806451612903,0.06,1.0,1.5,1.0,pml,,,13799.705736084015,even,6730.5535904809885,0.30467231208956774,1580.0582491344921,0.2347590325065038,4.716523471885936e-10,6.026371797694193,13464.619531402994,2.0005218516417407,0.4164162431980933,True,True,,1,670386,501120,9588934.57669487,17517.265846014023,a045,,,2026-08-24T23:34:14,harminv_tarama_rd0.060_dx+0.000_dy-0.050_s4_na1.3300_res24_nk12_simoto.json
harminv_tarama_rd0.060_dx+0.000_dy-0.100_s4_na1.3300_res24_nk12_simoto.json,legacy-campaign,harminv,sweep,harminv_tarama_rd0.060_dx+0.000_dy-0.100_s4_na1.3300_res24_nk12_simoto,0.06,0.0,-0.1,4,1.33,0.0,24,12,25,481.4,0.3105806451612903,0.06,1.0,1.5,1.0,pml,,,13321.624386544901,even,6498.230037629948,0.30483879777707296,1579.1953108017613,0.24301929935643363,1.3650677692472294e-10,6.0987936810179155,12998.147013820851,2.00025959969887,0.4187733290445257,True,True,,1,647438,501120,9568690.784725804,16953.42329788208,a045,,,2026-08-24T23:34:13,harminv_tarama_rd0.060_dx+0.000_dy-0.100_s4_na1.3300_res24_nk12_simoto.json
harminv_tarama_rd0.060_dx+0.020_dy+0.000_s4_na1.3300_res24_nk12_simyok.json,legacy-campaign,harminv,sweep,harminv_tarama_rd0.060_dx+0.020_dy+0.000_s4_na1.3300_res24_nk12_simyok,0.06,0.02,0.0,4,1.33,0.0,24,12,25,481.4,0.3105806451612903,0.06,1.0,1.5,1.0,pml,,,10642.975560282383,none,6921.57251434932,0.3046361230203648,1580.2459512256155,0.22830736049496847,4.244795120967209e-10,2.9168401612282753,10384.541478048111,1.5003153483575598,0.4159038823814246,True,True,,1,518863,501120,27484546.18198042,9460.320895910263,a017,,,2026-08-25T12:00:55,harminv_tarama_rd0.060_dx+0.020_dy+0.000_s4_na1.3300_res24_nk12_simyok.json
harminv_tarama_rd0.060_dx+0.020_dy+0.100_s4_na1.3300_res24_nk12_simyok.json,legacy-campaign,harminv,sweep,harminv_tarama_rd0.060_dx+0.020_dy+0.100_s4_na1.3300_res24_nk12_simyok,0.06,0.02,0.1,4,1.33,0.0,24,12,25,481.4,0.3105806451612903,0.06,1.0,1.5,1.0,pml,,,11053.535080108808,none,7188.512706901434,0.30485085529862005,1579.13285015533,0.21967448824834948,6.030384165200728e-10,2.775638114846622,10785.13173954937,1.5003286742742974,0.41894403809349917,True,True,,1,538570,501120,28230393.265274655,9560.199741601944,a017,,,2026-08-25T12:00:55,harminv_tarama_rd0.060_dx+0.020_dy+0.100_s4_na1.3300_res24_nk12_simyok.json
harminv_tarama_rd0.060_dx+0.040_dy+0.000_s4_na1.3300_res24_nk12_simyok.json,legacy-campaign,harminv,sweep,harminv_tarama_rd0.060_dx+0.040_dy+0.000_s4_na1.3300_res24_nk12_simyok,0.06,0.04,0.0,4,1.33,0.0,24,12,25,481.4,0.3105806451612903,0.06,1.0,1.5,1.0,pml,,,10642.436939964442,none,6921.411967632239,0.3046475428169778,1580.1867152731616,0.22830409787234945,3.278808835244222e-10,2.8660002502833604,10384.015936577036,1.500274219355466,0.4160655625917119,True,True,,1,518837,501120,27586676.231561016,9424.825058937073,a017,,,2026-08-25T12:00:55,harminv_tarama_rd0.060_dx+0.040_dy+0.000_s4_na1.3300_res24_nk12_simyok.json
harminv_tarama_rd0.060_dx+0.040_dy+0.100_s4_na1.3300_res24_nk12_simyok.json,legacy-campaign,harminv,sweep,harminv_tarama_rd0.060_dx+0.040_dy+0.100_s4_na1.3300_res24_nk12_simyok,0.06,0.04,0.1,4,1.33,0.0,24,12,25,481.4,0.3105806451612903,0.06,1.0,1.5,1.0,pml,,,11050.997241242083,none,7187.431049291051,0.3048611945801286,1579.0792943096947,0.21970009638777,9.702872250900533e-11,2.728864444359024,10782.65552480784,1.5002099430047977,0.4190904204911173,True,True,,1,538448,501120,28179144.661586665,9575.417032718658,a017,,,2026-08-25T12:00:55,harminv_tarama_rd0.060_dx+0.040_dy+0.100_s4_na1.3300_res24_nk12_simyok.json
harminv_tarama_rd0.060_dx+0.060_dy+0.000_s4_na1.3300_res24_nk12_simyok.json,legacy-campaign,harminv,sweep,harminv_tarama_rd0.060_dx+0.060_dy+0.000_s4_na1.3300_res24_nk12_simyok,0.06,0.06,0.0,4,1.33,0.0,24,12,25,481.4,0.3105806451612903,0.06,1.0,1.5,1.0,pml,,,10624.376982350097,none,6909.207608103818,0.30470197622470474,1579.9044232157785,0.22866651471909843,5.148188453630922e-10,2.8144655779326126,10366.39451314374,1.5003738635650465,0.41683622472398807,True,True,,1,517971,501120,27554719.018831085,9420.006327867508,a017,,,2026-08-25T12:00:55,harminv_tarama_rd0.060_dx+0.060_dy+0.000_s4_na1.3300_res24_nk12_simyok.json
harminv_tarama_rd0.060_dx+0.060_dy+0.100_s4_na1.3300_res24_nk12_simyok.json,legacy-campaign,harminv,sweep,harminv_tarama_rd0.060_dx+0.060_dy+0.100_s4_na1.3300_res24_nk12_simyok,0.06,0.06,0.1,4,1.33,0.0,24,12,25,481.4,0.3105806451612903,0.06,1.0,1.5,1.0,pml,,,11021.381042945046,none,7166.990035327258,0.3049140028844975,1578.8058122812943,0.22028854574920628,7.477937086166228e-10,2.68139552194125,10753.758470793604,1.5004567353640206,0.4198380745908013,True,True,,1,537027,501120,28106788.870940696,9574.731979370117,a017,,,2026-08-25T12:00:55,harminv_tarama_rd0.060_dx+0.060_dy+0.100_s4_na1.3300_res24_nk12_simyok.json
harminv_tarama_rd0.060_dx+0.080_dy+0.000_s4_na1.3300_res24_nk12_simyok.json,legacy-campaign,harminv,sweep,harminv_tarama_rd0.060_dx+0.080_dy+0.000_s4_na1.3300_res24_nk12_simyok,0.06,0.08,0.0,4,1.33,0.0,24,12,25,481.4,0.3105806451612903,0.06,1.0,1.5,1.0,pml,,,10608.788082473304,none,6899.756182934288,0.3047555206424257,1579.6268398525056,0.22893951582804065,1.4518126965353055e-10,2.7612347160273556,10351.184144910647,1.50022462685175,0.4175943006346374,True,True,,1,517222,501120,27439372.254074115,9445.926322221756,a017,,,2026-08-25T12:00:55,harminv_tarama_rd0.060_dx+0.080_dy+0.000_s4_na1.3300_res24_nk12_simyok.json
harminv_tarama_rd0.060_dx+0.080_dy+0.100_s4_na1.3300_res24_nk12_simyok.json,legacy-campaign,harminv,sweep,harminv_tarama_rd0.060_dx+0.080_dy+0.100_s4_na1.3300_res24_nk12_simyok,0.06,0.08,0.1,4,1.33,0.0,24,12,25,481.4,0.3105806451612903,0.06,1.0,1.5,1.0,pml,,,11000.045669687344,none,7153.038644935637,0.30495796005914966,1578.5782404454294,0.22068638501807414,7.677395279118242e-10,2.631218606226795,10732.941165774973,1.500472973590589,0.4204604153804174,True,True,,1,536003,501120,28131860.358865775,9547.958077907562,a017,,,2026-08-25T12:00:55,harminv_tarama_rd0.060_dx+0.080_dy+0.100_s4_na1.3300_res24_nk12_simyok.json
harminv_tarama_rd0.070_dx+0.000_dy-0.100_s4_na1.3300_res24_nk12_simoto.json,legacy-campaign,harminv,sweep,harminv_tarama_rd0.070_dx+0.000_dy-0.100_s4_na1.3300_res24_nk12_simoto,0.07,0.0,-0.1,4,1.33,0.0,24,12,25,481.4,0.3105806451612903,0.06,1.0,1.5,1.0,pml,,,12089.13974173954,even,5897.734575446233,0.30218847548319144,1593.0455297153671,0.2701114316584575,3.2494101908735003e-10,4.920578259580068,11795.5897174571,2.0000204428604054,0.38125036078818986,True,True,,1,588279,501120,9483314.247232556,15543.003468751907,a045,,,2026-08-24T23:34:14,harminv_tarama_rd0.070_dx+0.000_dy-0.100_s4_na1.3300_res24_nk12_simoto.json
harminv_tarama_rd0.080_dx+0.000_dy+0.000_s2_na1.3300_res20_nk8_simoto.json,legacy-campaign,harminv,sweep,harminv_tarama_rd0.080_dx+0.000_dy+0.000_s2_na1.3300_res20_nk8_simoto,0.08,0.0,0.0,2,1.33,0.0,20,8,25,481.4,0.3105806451612903,0.06,1.0,1.5,1.0,pml,,,1500.0,even,138.26286203228221,0.30017638595801743,1603.7237521652632,11.59909268904631,8.081646905870058e-08,1.5593031699175124,1463.576809778832,10.585465889148958,0.3527634210841746,True,True,,3,66667,252000,37708893.99187788,222.76023268699646,a083,,,2026-08-23T22:18:49,harminv_tarama_rd0.080_dx+0.000_dy+0.000_s2_na1.3300_res20_nk8_simoto.json
harminv_tarama_rd0.080_dx+0.000_dy+0.000_s3_na1.3300_res20_nk8_simoto.json,legacy-campaign,harminv,sweep,harminv_tarama_rd0.080_dx+0.000_dy+0.000_s3_na1.3300_res20_nk8_simoto,0.08,0.0,0.0,3,1.33,0.0,20,8,25,481.4,0.3105806451612903,0.06,1.0,1.5,1.0,pml,,,1500.0,even,512.7470346878814,0.2990439547371448,1609.7967953344632,3.1395535935461356,5.219460937458877e-10,2.9102072291872414,1463.576809778832,2.854383761906567,0.33673058581301357,True,True,,2,66667,252000,37843338.101133265,221.9688436985016,a083,,,2026-08-23T22:22:32,harminv_tarama_rd0.080_dx+0.000_dy+0.000_s3_na1.3300_res20_nk8_simoto.json
harminv_tarama_rd0.080_dx+0.000_dy+0.000_s4_na1.3300_res20_nk8_simoto.json,legacy-campaign,harminv,sweep,harminv_tarama_rd0.080_dx+0.000_dy+0.000_s4_na1.3300_res20_nk8_simoto,0.08,0.0,0.0,4,1.33,0.0,20,8,25,481.4,0.3105806451612903,0.06,1.0,1.5,1.0,pml,,,9377.505426880605,even,2287.0337514483917,0.2987813586088939,1611.2116306096416,0.7044984052330894,1.4195529501131867e-09,3.19479776629882,9149.799650905066,4.00072786206607,0.3330127790363272,True,True,,1,381767,252000,36521743.965332314,1317.095975637436,a083,,,2026-08-23T22:22:40,harminv_tarama_rd0.080_dx+0.000_dy+0.000_s4_na1.3300_res20_nk8_simoto.json
harminv_tarama_rd0.080_dx+0.000_dy+0.000_s4_na1.3300_res24_nk10_simoto.json,legacy-campaign,harminv,sweep,harminv_tarama_rd0.080_dx+0.000_dy+0.000_s4_na1.3300_res24_nk10_simoto,0.08,0.0,0.0,4,1.33,0.0,24,10,25,481.4,0.3105806451612903,0.06,1.0,1.5,1.0,pml,,,7847.671820989429,even,3063.892888466598,0.29881538011201175,1611.0281867671802,0.5258108704881846,5.250811388458027e-10,3.2495388690542084,7657.11365863663,2.4991453478874144,0.3334944516934497,True,True,,1,384689,432000,45615268.55773012,1821.6011135578156,a086,,,2026-08-24T15:10:01,harminv_tarama_rd0.080_dx+0.000_dy+0.000_s4_na1.3300_res24_nk10_simoto.json
harminv_tarama_rd0.080_dx+0.000_dy+0.000_s4_na1.3300_res24_nk12_simoto.json,legacy-campaign,harminv,sweep,harminv_tarama_rd0.080_dx+0.000_dy+0.000_s4_na1.3300_res24_nk12_simoto,0.08,0.0,0.0,4,1.33,0.0,24,12,25,481.4,0.3105806451612903,0.06,1.0,1.5,1.0,pml,,,7967.1648738744425,even,3110.359976424178,0.2988152681010516,1611.0287906614028,0.5179557359510266,1.3281972412395628e-09,3.2509243169594373,7773.705166058085,2.4992943662408864,0.3334928658547339,True,True,,1,390424,501120,47267120.66208101,2069.6127893924713,a086,,,2026-08-24T15:10:01,harminv_tarama_rd0.080_dx+0.000_dy+0.000_s4_na1.3300_res24_nk12_simoto.json
harminv_tarama_rd0.080_dx+0.000_dy+0.000_s4_na1.3300_res32_nk8_simoto.json,legacy-campaign,harminv,sweep,harminv_tarama_rd0.080_dx+0.000_dy+0.000_s4_na1.3300_res32_nk8_simoto,0.08,0.0,0.0,4,1.33,0.0,32,8,25,481.4,0.3105806451612903,0.06,1.0,1.5,1.0,pml,,,6000.0,even,2307.769777658083,0.29883279993309414,1610.934275313088,0.6980480856057741,6.969366693345386e-10,3.239824553801476,5854.307239115328,2.53678130972677,0.33374107958282545,True,True,,1,394667,645120,33829882.038972005,3763.0573873519897,a079,,,2026-08-24T11:04:48,harminv_tarama_rd0.080_dx+0.000_dy+0.000_s4_na1.3300_res32_nk8_simoto.json
harminv_tarama_rd0.100_dx+0.000_dy+0.000_s1_na1.3300_res20_nk6_simoto.json,legacy-campaign,harminv,sweep,harminv_tarama_rd0.100_dx+0.000_dy+0.000_s1_na1.3300_res20_nk6_simoto,0.1,0.0,0.0,1,1.33,0.0,20,6,25,481.4,0.3105806451612903,0.06,1.0,1.5,1.0,pml,,,800.0,even,57.24293642685645,0.29967211177426706,1606.4224233272078,28.063242796425246,3.0204647016307082e-06,0.2048924512344375,780.5742985487104,13.63616801080965,0.3456239632782173,True,True,,2,38667,204000,35479284.317182384,111.16441822052002,a046,,,2026-08-23T20:44:03,harminv_tarama_rd0.100_dx+0.000_dy+0.000_s1_na1.3300_res20_nk6_simoto.json
harminv_tarama_rd0.100_dx+0.000_dy+0.000_s2_na1.3300_res20_nk6_simoto.json,legacy-campaign,harminv,sweep,harminv_tarama_rd0.100_dx+0.000_dy+0.000_s2_na1.3300_res20_nk6_simoto,0.1,0.0,0.0,2,1.33,0.0,20,6,25,481.4,0.3105806451612903,0.06,1.0,1.5,1.0,pml,,,800.0,even,197.24598861439398,0.2912202637025661,1653.0443104456199,8.380623210935045,6.405948462483883e-08,0.44803472756221163,780.5742985487104,3.957364628969434,0.2259636383305879,True,True,,3,38667,204000,35489721.06085381,111.13172721862793,a083,,,2026-08-23T20:44:03,harminv_tarama_rd0.100_dx+0.000_dy+0.000_s2_na1.3300_res20_nk6_simoto.json
harminv_tarama_rd0.100_dx+0.000_dy+0.000_s2_na1.3300_res20_nk8_simoto.json,legacy-campaign,harminv,sweep,harminv_tarama_rd0.100_dx+0.000_dy+0.000_s2_na1.3300_res20_nk8_simoto,0.1,0.0,0.0,2,1.33,0.0,20,8,25,481.4,0.3105806451612903,0.06,1.0,1.5,1.0,pml,,,1500.0,even,200.5207891691798,0.2912233584937409,1653.0267437676926,8.24366765469405,2.8758872748330334e-08,0.45122589505433564,1463.576809778832,7.298878165415603,0.22600745403982492,True,True,,3,66667,252000,37921770.87515395,221.50975036621094,a083,,,2026-08-23T22:23:59,harminv_tarama_rd0.100_dx+0.000_dy+0.000_s2_na1.3300_res20_nk8_simoto.json
harminv_tarama_rd0.100_dx+0.000_dy+0.000_s3_na1.3300_res20_nk6_simoto.json,legacy-campaign,harminv,sweep,harminv_tarama_rd0.100_dx+0.000_dy+0.000_s3_na1.3300_res20_nk6_simoto,0.1,0.0,0.0,3,1.33,0.0,20,6,25,481.4,0.3105806451612903,0.06,1.0,1.5,1.0,pml,,,800.0,even,651.0955387029799,0.29173721376260203,1650.1151628593188,2.534367177736226,8.041312235380206e-10,0.799186067118356,780.5742985487104,1.1988629197239775,0.23328255978312976,True,True,,3,38667,204000,35710905.151267,110.4434061050415,a085,,,2026-08-23T20:44:03,harminv_tarama_rd0.100_dx+0.000_dy+0.000_s3_na1.3300_res20_nk6_simoto.json
harminv_tarama_rd0.100_dx+0.000_dy+0.000_s3_na1.3300_res20_nk8_simoto.json,legacy-campaign,harminv,sweep,harminv_tarama_rd0.100_dx+0.000_dy+0.000_s3_na1.3300_res20_nk8_simoto,0.1,0.0,0.0,3,1.33,0.0,20,8,25,481.4,0.3105806451612903,0.06,1.0,1.5,1.0,pml,,,3655.8934682586187,even,889.414772877824,0.2917603540651886,1649.9842877639223,1.8551347898407071,1.865323089138699e-11,0.8270952773339927,3567.120599443479,4.010637902833083,0.23361017761338437,True,True,,2,152903,252000,26584624.930342685,724.6962502002716,a083,,,2026-08-23T22:26:23,harminv_tarama_rd0.100_dx+0.000_dy+0.000_s3_na1.3300_res20_nk8_simoto.json
harminv_tarama_rd0.100_dx+0.000_dy+0.000_s4_na1.3300_res20_nk8_simoto.json,legacy-campaign,harminv,sweep,harminv_tarama_rd0.100_dx+0.000_dy+0.000_s4_na1.3300_res20_nk8_simoto,0.1,0.0,0.0,4,1.33,0.0,20,8,25,481.4,0.3105806451612903,0.06,1.0,1.5,1.0,pml,,,14017.717372378975,even,3419.1573486398206,0.291792834109954,1649.8006247082744,0.48251673043493704,7.180375372635558e-10,0.9104609001941794,13677.337381498488,4.0002070647434484,0.23407002647460046,True,True,,1,567376,252000,58040581.205889806,1231.7136478424072,a083,,,2026-08-23T22:27:49,harminv_tarama_rd0.100_dx+0.000_dy+0.000_s4_na1.3300_res20_nk8_simoto.json
harminv_tarama_rd0.100_dx+0.000_dy+0.000_s4_na1.3300_res32_nk10_simoto.json,legacy-campaign,harminv,sweep,harminv_tarama_rd0.100_dx+0.000_dy+0.000_s4_na1.3300_res32_nk10_simoto,0.1,0.0,0.0,4,1.33,0.0,32,10,25,481.4,0.3105806451612903,0.06,1.0,1.5,1.0,pml,,,8000.0,even,4926.369483614634,0.2917299011801059,1650.1565251029824,0.3349640197698306,4.128515397758046e-10,0.909234243788322,7805.742985487104,1.5844818403185994,0.23317902905348675,True,True,,1,522667,768000,39788005.8275273,5044.3374536037445,a079,,,2026-08-24T11:04:48,harminv_tarama_rd0.100_dx+0.000_dy+0.000_s4_na1.3300_res32_nk10_simoto.json
harminv_tarama_rd0.100_dx+0.000_dy+0.000_s4_na1.3300_res32_nk12_simoto.json,legacy-campaign,harminv,sweep,harminv_tarama_rd0.100_dx+0.000_dy+0.000_s4_na1.3300_res32_nk12_simoto,0.1,0.0,0.0,4,1.33,0.0,32,12,25,481.4,0.3105806451612903,0.06,1.0,1.5,1.0,pml,,,8000.0,even,5023.910969296199,0.2917299467805315,1650.1562671663507,0.32846049168692204,4.065791530021352e-10,0.9094967900062134,7805.742985487104,1.5537184144369127,0.23317967465924055,True,True,,1,522667,890880,43279934.88732659,5379.323908090591,a079,,,2026-08-24T11:04:49,harminv_tarama_rd0.100_dx+0.000_dy+0.000_s4_na1.3300_res32_nk12_simoto.json
harminv_tarama_rd0.100_dx+0.000_dy+0.000_s4_na1.3300_res32_nk8_simoto.json,legacy-campaign,harminv,sweep,harminv_tarama_rd0.100_dx+0.000_dy+0.000_s4_na1.3300_res32_nk8_simoto,0.1,0.0,0.0,4,1.33,0.0,32,8,25,481.4,0.3105806451612903,0.06,1.0,1.5,1.0,pml,,,8000.0,even,3468.5974431046284,0.29172673846902925,1650.174415024035,0.47574688100646745,6.216673935002584e-10,0.90325064979657,7805.742985487104,2.250403257663835,0.23313425174183422,True,True,,1,522667,645120,37458796.91528533,4500.7176258563995,a079,,,2026-08-24T11:04:48,harminv_tarama_rd0.100_dx+0.000_dy+0.000_s4_na1.3300_res32_nk8_simoto.json
harminv_tarama_rd0.100_dx+0.000_dy+0.000_s5_na1.3300_res32_nk10_simoto.json,legacy-campaign,harminv,sweep,harminv_tarama_rd0.100_dx+0.000_dy+0.000_s5_na1.3300_res32_nk10_simoto,0.1,0.0,0.0,5,1.33,0.0,32,10,25,481.4,0.3105806451612903,0.06,1.0,1.5,1.0,pml,,,8000.0,even,18357.063694986624,0.2917206017935274,1650.2091283245156,0.08989504834453417,5.225123156650579e-10,0.921068032732782,7805.742985487104,0.42521740487390036,0.23304736937262668,False,False,Q > Q_lim,1,522667,768000,40047812.38106005,5011.612771511078,a079,,,2026-08-24T11:05:34,harminv_tarama_rd0.100_dx+0.000_dy+0.000_s5_na1.3300_res32_nk10_simoto.json
harminv_tarama_rd0.100_dx+0.000_dy+0.000_s5_na1.3300_res32_nk12_simoto.json,legacy-campaign,harminv,sweep,harminv_tarama_rd0.100_dx+0.000_dy+0.000_s5_na1.3300_res32_nk12_simoto,0.1,0.0,0.0,5,1.33,0.0,32,12,25,481.4,0.3105806451612903,0.06,1.0,1.5,1.0,pml,,,8000.0,even,27526.803263824324,0.2917210268748992,1650.206723721846,0.05994908700097932,5.062015489372617e-10,0.9223153509220963,7805.742985487104,0.28356881511720605,0.23305338762740957,False,False,Q > Q_lim,1,522667,890880,43260852.40545071,5381.696742773056,a079,,,2026-08-24T11:04:49,harminv_tarama_rd0.100_dx+0.000_dy+0.000_s5_na1.3300_res32_nk12_simoto.json
harminv_tarama_rd0.100_dx+0.000_dy+0.000_s5_na1.3300_res32_nk8_simoto.json,legacy-campaign,harminv,sweep,harminv_tarama_rd0.100_dx+0.000_dy+0.000_s5_na1.3300_res32_nk8_simoto,0.1,0.0,0.0,5,1.33,0.0,32,8,25,481.4,0.3105806451612903,0.06,1.0,1.5,1.0,pml,,,8000.0,even,2155.2852157657303,0.29169830665154817,1650.3352574311043,0.7657154818114282,1.5636838079373688e-09,0.8912240636855164,7805.742985487104,3.621675186369187,0.23273171723224823,True,True,,1,522667,645120,37586673.54691482,4485.40537405014,a079,,,2026-08-24T11:04:48,harminv_tarama_rd0.100_dx+0.000_dy+0.000_s5_na1.3300_res32_nk8_simoto.json
harminv_tarama_rd0.100_dx+0.000_dy+0.050_s1_na1.3300_res20_nk6_simoto.json,legacy-campaign,harminv,sweep,harminv_tarama_rd0.100_dx+0.000_dy+0.050_s1_na1.3300_res20_nk6_simoto,0.1,0.0,0.05,1,1.33,0.0,20,6,25,481.4,0.3105806451612903,0.06,1.0,1.5,1.0,pml,,,800.0,even,57.61425656065806,0.29948890089173463,1607.4051444531706,27.8994339319617,3.8387481650827605e-06,0.20762441737760876,780.5742985487104,13.548283795468189,0.34303008398083895,True,True,,3,38667,204000,35374067.53165732,111.49506616592407,a083,,,2026-08-23T20:46:00,harminv_tarama_rd0.100_dx+0.000_dy+0.050_s1_na1.3300_res20_nk6_simoto.json
harminv_tarama_rd0.100_dx+0.000_dy+0.050_s2_na1.3300_res20_nk6_simoto.json,legacy-campaign,harminv,sweep,harminv_tarama_rd0.100_dx+0.000_dy+0.050_s2_na1.3300_res20_nk6_simoto,0.1,0.0,0.05,2,1.33,0.0,20,6,25,481.4,0.3105806451612903,0.06,1.0,1.5,1.0,pml,,,800.0,even,208.6743792846323,0.29128165793289,1652.6958937830284,7.919975127989947,3.259987009768668e-08,0.4640888968048147,780.5742985487104,3.740633139653457,0.2268328510149791,True,True,,3,38667,204000,35484530.54130065,111.14798307418823,a085,,,2026-08-23T20:46:00,harminv_tarama_rd0.100_dx+0.000_dy+0.050_s2_na1.3300_res20_nk6_simoto.json
harminv_tarama_rd0.100_dx+0.000_dy+0.050_s3_na1.3300_res20_nk6_simoto.json,legacy-campaign,harminv,sweep,harminv_tarama_rd0.100_dx+0.000_dy+0.050_s3_na1.3300_res20_nk6_simoto,0.1,0.0,0.05,3,1.33,0.0,20,6,25,481.4,0.3105806451612903,0.06,1.0,1.5,1.0,pml,,,800.0,even,660.0488326395777,0.291827110719836,1649.6068470559626,2.499219399357285,1.5600944216377076e-10,0.8029688979445009,780.5742985487104,1.1826008318613999,0.2345553109049158,True,True,,3,38667,204000,35292052.65959861,111.75416851043701,a076,,,2026-08-23T20:46:00,harminv_tarama_rd0.100_dx+0.000_dy+0.050_s3_na1.3300_res20_nk6_simoto.json
harminv_tarama_rd0.100_dx+0.000_dy+0.100_s1_na1.3300_res20_nk6_simoto.json,legacy-campaign,harminv,sweep,harminv_tarama_rd0.100_dx+0.000_dy+0.100_s1_na1.3300_res20_nk6_simoto,0.1,0.0,0.1,1,1.33,0.0,20,6,25,481.4,0.3105806451612903,0.06,1.0,1.5,1.0,pml,,,800.0,even,58.15524353034108,0.2993659585679889,1608.0652666815133,27.65125153061296,5.9426384026613504e-06,0.21184925546624164,780.5742985487104,13.422251394089079,0.3412894802354302,True,True,,3,38667,204000,35528108.2726822,111.01165223121643,a085,,,2026-08-23T20:47:45,harminv_tarama_rd0.100_dx+0.000_dy+0.100_s1_na1.3300_res20_nk6_simoto.json
harminv_tarama_rd0.100_dx+0.000_dy+0.100_s2_na1.3300_res20_nk6_simoto.json,legacy-campaign,harminv,sweep,harminv_tarama_rd0.100_dx+0.000_dy+0.100_s2_na1.3300_res20_nk6_simoto,0.1,0.0,0.1,2,1.33,0.0,20,6,25,481.4,0.3105806451612903,0.06,1.0,1.5,1.0,pml,,,800.0,even,214.97093482276966,0.2915247835834499,1651.3175795298985,7.681585331018393,1.9801684975553292e-08,0.4868352430327617,780.5742985487104,3.631069005641372,0.23027499693410775,True,True,,3,38667,204000,35570985.51798875,110.87783885002136,a076,,,2026-08-23T20:47:44,harminv_tarama_rd0.100_dx+0.000_dy+0.100_s2_na1.3300_res20_nk6_simoto.json
harminv_tarama_rd0.100_dx+0.000_dy+0.100_s3_na1.3300_res20_nk6_simoto.json,legacy-campaign,harminv,sweep,harminv_tarama_rd0.100_dx+0.000_dy+0.100_s3_na1.3300_res20_nk6_simoto,0.1,0.0,0.1,3,1.33,0.0,20,6,25,481.4,0.3105806451612903,0.06,1.0,1.5,1.0,pml,,,800.0,even,646.3097835714852,0.29212817162429106,1647.906798318422,2.549716622286215,2.739670185890331e-11,0.8332061324308037,780.5742985487104,1.2077401865020272,0.23881769770487943,True,True,,3,38667,204000,35443765.018341705,111.2758195400238,a046,,,2026-08-23T20:47:45,harminv_tarama_rd0.100_dx+0.000_dy+0.100_s3_na1.3300_res20_nk6_simoto.json
harminv_tarama_rd0.100_dx+0.000_dy+0.150_s1_na1.3300_res20_nk6_simoto.json,legacy-campaign,harminv,sweep,harminv_tarama_rd0.100_dx+0.000_dy+0.150_s1_na1.3300_res20_nk6_simoto,0.1,0.0,0.15,1,1.33,0.0,20,6,25,481.4,0.3105806451612903,0.06,1.0,1.5,1.0,pml,,,800.0,even,58.99198359167737,0.2993244897057916,1608.2880504470977,27.262823735155706,1.384590138278417e-05,0.21885377240279705,780.5742985487104,13.2318706885936,0.34070236869678905,True,True,,3,38667,204000,35497006.5792152,111.10891819000244,a076,,,2026-08-23T20:47:46,harminv_tarama_rd0.100_dx+0.000_dy+0.150_s1_na1.3300_res20_nk6_simoto.json
harminv_tarama_rd0.100_dx+0.000_dy+0.150_s2_na1.3300_res20_nk6_simoto.json,legacy-campaign,harminv,sweep,harminv_tarama_rd0.100_dx+0.000_dy+0.150_s2_na1.3300_res20_nk6_simoto,0.1,0.0,0.15,2,1.33,0.0,20,6,25,481.4,0.3105806451612903,0.06,1.0,1.5,1.0,pml,,,800.0,even,212.48224197385753,0.2919582169446371,1648.8660776116674,7.760018259853139,7.651298420239382e-09,0.5128044224639503,780.5742985487104,3.673597808915944,0.23641149825344138,True,True,,4,38667,204000,35233671.832988866,111.93934082984924,a046,,,2026-08-23T20:47:46,harminv_tarama_rd0.100_dx+0.000_dy+0.150_s2_na1.3300_res20_nk6_simoto.json
harminv_tarama_rd0.100_dx+0.000_dy+0.150_s3_na1.3300_res20_nk6_simoto.json,legacy-campaign,harminv,sweep,harminv_tarama_rd0.100_dx+0.000_dy+0.150_s3_na1.3300_res20_nk6_simoto,0.1,0.0,0.15,3,1.33,0.0,20,6,25,481.4,0.3105806451612903,0.06,1.0,1.5,1.0,pml,,,800.0,even,609.2194975997857,0.29264706612005376,1644.984883608959,2.700151406988616,2.0099665001199014e-09,0.8871961795244208,780.5742985487104,1.2812693973584752,0.24616414826217217,True,True,,2,38667,204000,35333410.900702566,111.62335872650146,a083,,,2026-08-23T20:47:47,harminv_tarama_rd0.100_dx+0.000_dy+0.150_s3_na1.3300_res20_nk6_simoto.json
harminv_tarama_rd0.100_dx+0.000_dy-0.050_s1_na1.3300_res20_nk6_simoto.json,legacy-campaign,harminv,sweep,harminv_tarama_rd0.100_dx+0.000_dy-0.050_s1_na1.3300_res20_nk6_simoto,0.1,0.0,-0.05,1,1.33,0.0,20,6,25,481.4,0.3105806451612903,0.06,1.0,1.5,1.0,pml,,,800.0,even,56.94113869974486,0.2999067490304568,1605.165610831625,28.189910625001556,2.556050364227467e-06,0.2030132357854612,780.5742985487104,13.708442022291486,0.34894593145396935,True,True,,2,38667,204000,35677133.37444604,110.54795122146606,a076,,,2026-08-23T20:44:03,harminv_tarama_rd0.100_dx+0.000_dy-0.050_s1_na1.3300_res20_nk6_simoto.json
harminv_tarama_rd0.100_dx+0.000_dy-0.050_s2_na1.3300_res20_nk6_simoto.json,legacy-campaign,harminv,sweep,harminv_tarama_rd0.100_dx+0.000_dy-0.050_s2_na1.3300_res20_nk6_simoto,0.1,0.0,-0.05,2,1.33,0.0,20,6,25,481.4,0.3105806451612903,0.06,1.0,1.5,1.0,pml,,,800.0,even,182.74776440499997,0.2913278193172168,1652.4340213312075,9.042157241765947,2.1794140099226434e-08,0.43849782426820777,780.5742985487104,4.271320642909894,0.2274863987600066,True,True,,3,38667,204000,34782191.21040211,113.392338514328,a046,,,2026-08-23T20:44:03,harminv_tarama_rd0.100_dx+0.000_dy-0.050_s2_na1.3300_res20_nk6_simoto.json
harminv_tarama_rd0.100_dx+0.000_dy-0.050_s3_na1.3300_res20_nk6_simoto.json,legacy-campaign,harminv,sweep,harminv_tarama_rd0.100_dx+0.000_dy-0.050_s3_na1.3300_res20_nk6_simoto,0.1,0.0,-0.05,3,1.33,0.0,20,6,25,481.4,0.3105806451612903,0.06,1.0,1.5,1.0,pml,,,800.0,even,621.5695971034365,0.29185429588254674,1649.45319219743,2.6536902703800385,5.321768883355396e-10,0.8221938432826729,780.5742985487104,1.255811581174897,0.23494019541492145,True,True,,3,38667,204000,35389818.97747936,111.4454414844513,a083,,,2026-08-23T20:44:03,harminv_tarama_rd0.100_dx+0.000_dy-0.050_s3_na1.3300_res20_nk6_simoto.json
harminv_tarama_rd0.100_dx+0.000_dy-0.100_s1_na1.3300_res20_nk6_simoto.json,legacy-campaign,harminv,sweep,harminv_tarama_rd0.100_dx+0.000_dy-0.100_s1_na1.3300_res20_nk6_simoto,0.1,0.0,-0.1,1,1.33,0.0,20,6,25,481.4,0.3105806451612903,0.06,1.0,1.5,1.0,pml,,,800.0,even,56.64923493534318,0.3001855064177284,1603.6750266353613,28.308855864791852,2.137532333117019e-06,0.2011262133786853,780.5742985487104,13.779079266288802,0.352892547538345,True,True,,2,38667,204000,35787039.3987314,110.20844602584839,a085,,,2026-08-23T20:44:03,harminv_tarama_rd0.100_dx+0.000_dy-0.100_s1_na1.3300_res20_nk6_simoto.json
harminv_tarama_rd0.100_dx+0.000_dy-0.100_s2_na1.3300_res20_nk6_simoto.json,legacy-campaign,harminv,sweep,harminv_tarama_rd0.100_dx+0.000_dy-0.100_s2_na1.3300_res20_nk6_simoto,0.1,0.0,-0.1,2,1.33,0.0,20,6,25,481.4,0.3105806451612903,0.06,1.0,1.5,1.0,pml,,,800.0,even,177.4434025929693,0.29156979359769236,1651.0626634535233,9.30472837719886,1.2020024946735764e-07,0.3774057544198346,780.5742985487104,4.399004342467667,0.23091224370954172,True,True,,3,38667,204000,35786679.40115899,110.20955467224121,a076,,,2026-08-23T20:44:03,harminv_tarama_rd0.100_dx+0.000_dy-0.100_s2_na1.3300_res20_nk6_simoto.json
harminv_tarama_rd0.100_dx+0.000_dy-0.100_s3_na1.3300_res20_nk6_simoto.json,legacy-campaign,harminv,sweep,harminv_tarama_rd0.100_dx+0.000_dy-0.100_s3_na1.3300_res20_nk6_simoto,0.1,0.0,-0.1,3,1.33,0.0,20,6,25,481.4,0.3105806451612903,0.06,1.0,1.5,1.0,pml,,,800.0,even,571.1897029796551,0.2921777534734796,1647.627152570655,2.8845533173579305,1.0980373083925293e-10,0.8727978070557455,780.5742985487104,1.3665762783831439,0.23951967201098032,True,True,,3,38667,204000,35456221.141530044,111.23672723770142,a046,,,2026-08-23T20:44:03,harminv_tarama_rd0.100_dx+0.000_dy-0.100_s3_na1.3300_res20_nk6_simoto.json
harminv_tarama_rd0.100_dx+0.000_dy-0.150_s1_na1.3300_res20_nk6_simoto.json,legacy-campaign,harminv,sweep,harminv_tarama_rd0.100_dx+0.000_dy-0.150_s1_na1.3300_res20_nk6_simoto,0.1,0.0,-0.15,1,1.33,0.0,20,6,25,481.4,0.3105806451612903,0.06,1.0,1.5,1.0,pml,,,800.0,even,56.3279345482352,0.3005015474762593,1601.9884224989967,28.440389929923114,1.5677041405330031e-06,0.19835316667491895,780.5742985487104,13.85767656508482,0.3573670216935564,True,True,,2,38667,204000,35658045.27432215,110.6071286201477,a083,,,2026-08-23T20:44:03,harminv_tarama_rd0.100_dx+0.000_dy-0.150_s1_na1.3300_res20_nk6_simoto.json
harminv_tarama_rd0.100_dx+0.000_dy-0.150_s2_na1.3300_res20_nk6_simoto.json,legacy-campaign,harminv,sweep,harminv_tarama_rd0.100_dx+0.000_dy-0.150_s2_na1.3300_res20_nk6_simoto,0.1,0.0,-0.15,2,1.33,0.0,20,6,25,481.4,0.3105806451612903,0.06,1.0,1.5,1.0,pml,,,800.0,even,147.70993847693998,0.29198957620023425,1648.6889917942685,11.161665956902803,1.79336999796252e-08,0.42036212544542995,780.5742985487104,5.2845076411061624,0.23685547910627244,True,True,,4,38667,204000,35825425.22284268,110.09036111831665,a085,,,2026-08-23T20:44:03,harminv_tarama_rd0.100_dx+0.000_dy-0.150_s2_na1.3300_res20_nk6_simoto.json
harminv_tarama_rd0.100_dx+0.000_dy-0.150_s3_na1.3300_res20_nk6_simoto.json,legacy-campaign,harminv,sweep,harminv_tarama_rd0.100_dx+0.000_dy-0.150_s3_na1.3300_res20_nk6_simoto,0.1,0.0,-0.15,3,1.33,0.0,20,6,25,481.4,0.3105806451612903,0.06,1.0,1.5,1.0,pml,,,800.0,even,497.8194499738049,0.29271021701935324,1644.629985594835,3.303667596116172,1.974438838006818e-09,0.9513028808087267,780.5742985487104,1.5679867441695658,0.24705823167053495,True,True,,3,38667,204000,35785468.85599891,110.21328282356262,a076,,,2026-08-23T20:44:03,harminv_tarama_rd0.100_dx+0.000_dy-0.150_s3_na1.3300_res20_nk6_simoto.json
harminv_tarama_rd0.100_dx+0.040_dy+0.000_s1_na1.3300_res20_nk6_simoto.json,legacy-campaign,harminv,sweep,harminv_tarama_rd0.100_dx+0.040_dy+0.000_s1_na1.3300_res20_nk6_simoto,0.1,0.04,0.0,1,1.33,0.0,20,6,25,481.4,0.3105806451612903,0.06,1.0,1.5,1.0,pml,,,800.0,none,57.199768961693955,0.29967740684155314,1606.3940390892667,28.083925306849594,1.8841802764196029e-06,0.10097324021122044,780.5742985487104,13.646458940620063,0.3456989302519131,True,True,,2,38667,204000,36265946.78203126,217.506192445755,a076,,,2026-08-23T20:44:03,harminv_tarama_rd0.100_dx+0.040_dy+0.000_s1_na1.3300_res20_nk6_simoto.json
harminv_tarama_rd0.100_dx+0.040_dy+0.000_s2_na1.3300_res20_nk6_simoto.json,legacy-campaign,harminv,sweep,harminv_tarama_rd0.100_dx+0.040_dy+0.000_s2_na1.3300_res20_nk6_simoto,0.1,0.04,0.0,2,1.33,0.0,20,6,25,481.4,0.3105806451612903,0.06,1.0,1.5,1.0,pml,,,800.0,none,196.54083466315245,0.29126211613344605,1652.8067789613924,8.409482852731882,4.957258874774946e-09,0.219387616598126,780.5742985487104,3.971562957318878,0.2265561803919758,True,True,,3,38667,204000,36452604.177375376,216.39244103431702,a046,,,2026-08-23T20:44:03,harminv_tarama_rd0.100_dx+0.040_dy+0.000_s2_na1.3300_res20_nk6_simoto.json
harminv_tarama_rd0.100_dx+0.040_dy+0.000_s3_na1.3300_res20_nk6_simoto.json,legacy-campaign,harminv,sweep,harminv_tarama_rd0.100_dx+0.040_dy+0.000_s3_na1.3300_res20_nk6_simoto,0.1,0.04,0.0,3,1.33,0.0,20,6,25,481.4,0.3105806451612903,0.06,1.0,1.5,1.0,pml,,,800.0,none,648.6172232619391,0.2917891828406986,1649.821269292285,2.5435976877012676,6.334875122074623e-10,0.3922300508275245,780.5742985487104,1.2034436807322977,0.23401833221059282,True,True,,3,38667,204000,36137536.33210076,218.27907490730286,a083,,,2026-08-23T20:46:00,harminv_tarama_rd0.100_dx+0.040_dy+0.000_s3_na1.3300_res20_nk6_simoto.json
harminv_tarama_rd0.100_dx+0.040_dy+0.050_s1_na1.3300_res20_nk6_simoto.json,legacy-campaign,harminv,sweep,harminv_tarama_rd0.100_dx+0.040_dy+0.050_s1_na1.3300_res20_nk6_simoto,0.1,0.04,0.05,1,1.33,0.0,20,6,25,481.4,0.3105806451612903,0.06,1.0,1.5,1.0,pml,,,800.0,none,57.54340439805691,0.2994940140876366,1607.3777015761486,27.93330909754838,2.1348031074519724e-06,0.10250562426030978,780.5742985487104,13.564965554507033,0.34310247603970695,True,True,,3,38667,204000,36196178.90000927,217.92543411254883,a046,,,2026-08-23T20:46:01,harminv_tarama_rd0.100_dx+0.040_dy+0.050_s1_na1.3300_res20_nk6_simoto.json
harminv_tarama_rd0.100_dx+0.040_dy+0.050_s2_na1.3300_res20_nk6_simoto.json,legacy-campaign,harminv,sweep,harminv_tarama_rd0.100_dx+0.040_dy+0.050_s2_na1.3300_res20_nk6_simoto,0.1,0.04,0.05,2,1.33,0.0,20,6,25,481.4,0.3105806451612903,0.06,1.0,1.5,1.0,pml,,,800.0,none,207.70980797393474,0.2913244998810277,1652.4528496456567,7.955584118844407,1.1525847837892965e-07,0.2276367044245038,780.5742985487104,3.7580040449831036,0.22743940255164372,True,True,,4,38667,204000,35928089.22403217,219.55155897140503,a083,,,2026-08-23T20:46:01,harminv_tarama_rd0.100_dx+0.040_dy+0.050_s2_na1.3300_res20_nk6_simoto.json
harminv_tarama_rd0.100_dx+0.040_dy+0.050_s3_na1.3300_res20_nk6_simoto.json,legacy-campaign,harminv,sweep,harminv_tarama_rd0.100_dx+0.040_dy+0.050_s3_na1.3300_res20_nk6_simoto,0.1,0.04,0.05,3,1.33,0.0,20,6,25,481.4,0.3105806451612903,0.06,1.0,1.5,1.0,pml,,,800.0,none,657.4627775785309,0.29187859437268276,1649.3158774957246,2.508607230313843,7.751065726952688e-10,0.39431593218536526,780.5742985487104,1.1872524577339656,0.2352842107356829,True,True,,3,38667,204000,36355670.88228155,216.96939730644226,a085,,,2026-08-23T20:46:00,harminv_tarama_rd0.100_dx+0.040_dy+0.050_s3_na1.3300_res20_nk6_simoto.json
harminv_tarama_rd0.100_dx+0.040_dy+0.100_s1_na1.3300_res20_nk6_simoto.json,legacy-campaign,harminv,sweep,harminv_tarama_rd0.100_dx+0.040_dy+0.100_s1_na1.3300_res20_nk6_simoto,0.1,0.04,0.1,1,1.33,0.0,20,6,25,481.4,0.3105806451612903,0.06,1.0,1.5,1.0,pml,,,800.0,none,58.02931435190296,0.29936927162388616,1608.0474705660804,27.710950724223878,2.8540807572112884e-06,0.10481906481103413,780.5742985487104,13.451378967104976,0.3413363861123307,True,True,,3,38667,204000,36212305.05279673,217.82838702201843,a083,,,2026-08-23T20:47:46,harminv_tarama_rd0.100_dx+0.040_dy+0.100_s1_na1.3300_res20_nk6_simoto.json
harminv_tarama_rd0.100_dx+0.040_dy+0.100_s2_na1.3300_res20_nk6_simoto.json,legacy-campaign,harminv,sweep,harminv_tarama_rd0.100_dx+0.040_dy+0.100_s2_na1.3300_res20_nk6_simoto,0.1,0.04,0.1,2,1.33,0.0,20,6,25,481.4,0.3105806451612903,0.06,1.0,1.5,1.0,pml,,,800.0,none,214.02145025970327,0.2915663090524161,1651.0823955090664,7.714565028437891,6.158531985922335e-08,0.23840179332847608,780.5742985487104,3.6471778768040606,0.2308629099050867,True,True,,3,38667,204000,36571945.85220994,215.68630862236023,a085,,,2026-08-23T20:47:46,harminv_tarama_rd0.100_dx+0.040_dy+0.100_s2_na1.3300_res20_nk6_simoto.json
harminv_tarama_rd0.100_dx+0.040_dy+0.100_s3_na1.3300_res20_nk6_simoto.json,legacy-campaign,harminv,sweep,harminv_tarama_rd0.100_dx+0.040_dy+0.100_s3_na1.3300_res20_nk6_simoto,0.1,0.04,0.1,3,1.33,0.0,20,6,25,481.4,0.3105806451612903,0.06,1.0,1.5,1.0,pml,,,800.0,none,643.411374522223,0.2921778671494081,1647.6265115380259,2.5607668387297338,1.4245897882403319e-09,0.4094313781858994,780.5742985487104,1.2131807572229203,0.23952128142213255,True,True,,2,38667,204000,36320820.82196954,217.17758083343506,a076,,,2026-08-23T20:47:45,harminv_tarama_rd0.100_dx+0.040_dy+0.100_s3_na1.3300_res20_nk6_simoto.json
harminv_tarama_rd0.100_dx+0.040_dy+0.150_s1_na1.3300_res20_nk6_simoto.json,legacy-campaign,harminv,sweep,harminv_tarama_rd0.100_dx+0.040_dy+0.150_s1_na1.3300_res20_nk6_simoto,0.1,0.04,0.15,1,1.33,0.0,20,6,25,481.4,0.3105806451612903,0.06,1.0,1.5,1.0,pml,,,800.0,none,58.76450399510152,0.2993130019881456,1608.3497769972118,27.369409552597947,5.050120045024873e-06,0.10815636376121647,780.5742985487104,13.283091755760882,0.34053972686807077,True,True,,3,38667,204000,36104869.45290557,218.47656893730164,a085,,,2026-08-23T20:47:46,harminv_tarama_rd0.100_dx+0.040_dy+0.150_s1_na1.3300_res20_nk6_simoto.json
harminv_tarama_rd0.100_dx+0.040_dy+0.150_s2_na1.3300_res20_nk6_simoto.json,legacy-campaign,harminv,sweep,harminv_tarama_rd0.100_dx+0.040_dy+0.150_s2_na1.3300_res20_nk6_simoto,0.1,0.04,0.15,2,1.33,0.0,20,6,25,481.4,0.3105806451612903,0.06,1.0,1.5,1.0,pml,,,800.0,none,211.28141368444062,0.2919965560022166,1648.6495820051578,7.803098025780434,1.7420427612095452e-08,0.2511842163695216,780.5742985487104,3.6944768824508967,0.23695429836641418,True,True,,3,38667,204000,36460348.37261761,216.34647917747498,a076,,,2026-08-23T20:47:47,harminv_tarama_rd0.100_dx+0.040_dy+0.150_s2_na1.3300_res20_nk6_simoto.json
harminv_tarama_rd0.100_dx+0.040_dy+0.150_s3_na1.3300_res20_nk6_simoto.json,legacy-campaign,harminv,sweep,harminv_tarama_rd0.100_dx+0.040_dy+0.150_s3_na1.3300_res20_nk6_simoto,0.1,0.04,0.15,3,1.33,0.0,20,6,25,481.4,0.3105806451612903,0.06,1.0,1.5,1.0,pml,,,800.0,none,602.8881147498141,0.29269470124206737,1644.7171676055304,2.7280636777655727,1.7021800784345253e-09,0.4377105600570202,780.5742985487104,1.2947249737584101,0.24683856102145424,True,True,,2,38667,204000,35779641.70372025,220.46246480941772,a046,,,2026-08-23T20:47:48,harminv_tarama_rd0.100_dx+0.040_dy+0.150_s3_na1.3300_res20_nk6_simoto.json
harminv_tarama_rd0.100_dx+0.040_dy-0.050_s1_na1.3300_res20_nk6_simoto.json,legacy-campaign,harminv,sweep,harminv_tarama_rd0.100_dx+0.040_dy-0.050_s1_na1.3300_res20_nk6_simoto,0.1,0.04,-0.05,1,1.33,0.0,20,6,25,481.4,0.3105806451612903,0.06,1.0,1.5,1.0,pml,,,800.0,none,56.92744014333322,0.29991199279753034,1605.1375455498762,28.196201014983703,1.774634198755462e-06,0.09984661256368013,780.5742985487104,13.711740710338677,0.34902017212496206,True,True,,2,38667,204000,36458739.993750535,216.356023311615,a085,,,2026-08-23T20:44:03,harminv_tarama_rd0.100_dx+0.040_dy-0.050_s1_na1.3300_res20_nk6_simoto.json
harminv_tarama_rd0.100_dx+0.040_dy-0.050_s2_na1.3300_res20_nk6_simoto.json,legacy-campaign,harminv,sweep,harminv_tarama_rd0.100_dx+0.040_dy-0.050_s2_na1.3300_res20_nk6_simoto,0.1,0.04,-0.05,2,1.33,0.0,20,6,25,481.4,0.3105806451612903,0.06,1.0,1.5,1.0,pml,,,800.0,none,182.29366039070803,0.29136911297089885,1652.1998337142925,9.063397104283004,1.2178473684841085e-07,0.21404320496551982,780.5742985487104,4.281960748803408,0.22807102971597626,True,True,,3,38667,204000,36034862.050145596,218.90101838111877,a076,,,2026-08-23T20:44:03,harminv_tarama_rd0.100_dx+0.040_dy-0.050_s2_na1.3300_res20_nk6_simoto.json
harminv_tarama_rd0.100_dx+0.040_dy-0.050_s3_na1.3300_res20_nk6_simoto.json,legacy-campaign,harminv,sweep,harminv_tarama_rd0.100_dx+0.040_dy-0.050_s3_na1.3300_res20_nk6_simoto,0.1,0.04,-0.05,3,1.33,0.0,20,6,25,481.4,0.3105806451612903,0.06,1.0,1.5,1.0,pml,,,800.0,none,618.9637899194928,0.2919054605043759,1649.1640792474434,2.664395084342408,6.482760206950311e-10,0.403287339864579,780.5742985487104,1.2610984863108678,0.23566457844002534,True,True,,3,38667,204000,36087651.48283663,218.58080744743347,a046,,,2026-08-23T20:44:03,harminv_tarama_rd0.100_dx+0.040_dy-0.050_s3_na1.3300_res20_nk6_simoto.json
harminv_tarama_rd0.100_dx+0.040_dy-0.100_s1_na1.3300_res20_nk6_simoto.json,legacy-campaign,harminv,sweep,harminv_tarama_rd0.100_dx+0.040_dy-0.100_s1_na1.3300_res20_nk6_simoto,0.1,0.04,-0.1,1,1.33,0.0,20,6,25,481.4,0.3105806451612903,0.06,1.0,1.5,1.0,pml,,,800.0,none,56.64861238010982,0.3001914759578783,1603.643136314597,28.308604022887952,1.528860930511119e-06,0.09876965462505687,780.5742985487104,13.779230695203786,0.3529770636238292,True,True,,2,38667,204000,36153911.46564399,218.1802101135254,a083,,,2026-08-23T20:44:03,harminv_tarama_rd0.100_dx+0.040_dy-0.100_s1_na1.3300_res20_nk6_simoto.json
harminv_tarama_rd0.100_dx+0.040_dy-0.100_s2_na1.3300_res20_nk6_simoto.json,legacy-campaign,harminv,sweep,harminv_tarama_rd0.100_dx+0.040_dy-0.100_s2_na1.3300_res20_nk6_simoto,0.1,0.04,-0.1,2,1.33,0.0,20,6,25,481.4,0.3105806451612903,0.06,1.0,1.5,1.0,pml,,,800.0,none,165.57395160718988,0.2916292501298666,1650.7260495496448,9.969720680858375,2.6314191352791048e-09,0.21063800359354923,780.5742985487104,4.714354468029829,0.23175402267904935,True,True,,4,38667,204000,36524069.51218665,215.96903371810913,a085,,,2026-08-23T20:44:03,harminv_tarama_rd0.100_dx+0.040_dy-0.100_s2_na1.3300_res20_nk6_simoto.json
harminv_tarama_rd0.100_dx+0.040_dy-0.100_s3_na1.3300_res20_nk6_simoto.json,legacy-campaign,harminv,sweep,harminv_tarama_rd0.100_dx+0.040_dy-0.100_s3_na1.3300_res20_nk6_simoto,0.1,0.04,-0.1,3,1.33,0.0,20,6,25,481.4,0.3105806451612903,0.06,1.0,1.5,1.0,pml,,,800.0,none,568.2531097551579,0.2922268654667785,1647.3502503989573,2.8989726974107506,5.639051393686316e-10,0.4278671333282438,780.5742985487104,1.3736384106811752,0.2402149941496559,True,True,,3,38667,204000,36579390.15929155,215.64241409301758,a076,,,2026-08-23T20:44:03,harminv_tarama_rd0.100_dx+0.040_dy-0.100_s3_na1.3300_res20_nk6_simoto.json
harminv_tarama_rd0.100_dx+0.040_dy-0.150_s1_na1.3300_res20_nk6_simoto.json,legacy-campaign,harminv,sweep,harminv_tarama_rd0.100_dx+0.040_dy-0.150_s1_na1.3300_res20_nk6_simoto,0.1,0.04,-0.15,1,1.33,0.0,20,6,25,481.4,0.3105806451612903,0.06,1.0,1.5,1.0,pml,,,800.0,none,59.93620160494991,0.3119814865002818,1543.040279089013,25.744712507133237,1.5691697797623905e-05,0.12886911056512582,780.5742985487104,13.023419530213367,0.5198987215466329,True,True,,3,38667,204000,36067461.29095434,218.70316672325134,a046,,,2026-08-23T20:44:03,harminv_tarama_rd0.100_dx+0.040_dy-0.150_s1_na1.3300_res20_nk6_simoto.json
harminv_tarama_rd0.100_dx+0.040_dy-0.150_s2_na1.3300_res20_nk6_simoto.json,legacy-campaign,harminv,sweep,harminv_tarama_rd0.100_dx+0.040_dy-0.150_s2_na1.3300_res20_nk6_simoto,0.1,0.04,-0.15,2,1.33,0.0,20,6,25,481.4,0.3105806451612903,0.06,1.0,1.5,1.0,pml,,,800.0,none,147.11133612575503,0.2920238691598567,1648.4953828773394,11.205767184849424,2.5702661513290054e-08,0.20493967346464606,780.5742985487104,5.306010529885018,0.23734099501439382,True,True,,3,38667,204000,36362042.781240486,216.93137669563293,a083,,,2026-08-23T20:44:02,harminv_tarama_rd0.100_dx+0.040_dy-0.150_s2_na1.3300_res20_nk6_simoto.json
harminv_tarama_rd0.100_dx+0.040_dy-0.150_s3_na1.3300_res20_nk6_simoto.json,legacy-campaign,harminv,sweep,harminv_tarama_rd0.100_dx+0.040_dy-0.150_s3_na1.3300_res20_nk6_simoto,0.1,0.04,-0.15,3,1.33,0.0,20,6,25,481.4,0.3105806451612903,0.06,1.0,1.5,1.0,pml,,,800.0,none,494.52235059822823,0.2927561254322915,1644.3720837237884,3.3251724249360546,4.3483837889256433e-10,0.46613197471211854,780.5742985487104,1.578440888676604,0.2477081978747806,True,True,,3,38667,204000,36415565.5809998,216.61253571510315,a085,,,2026-08-23T20:44:03,harminv_tarama_rd0.100_dx+0.040_dy-0.150_s3_na1.3300_res20_nk6_simoto.json
harminv_tarama_rd0.100_dx+0.080_dy+0.000_s1_na1.3300_res20_nk6_simoto.json,legacy-campaign,harminv,sweep,harminv_tarama_rd0.100_dx+0.080_dy+0.000_s1_na1.3300_res20_nk6_simoto,0.1,0.08,0.0,1,1.33,0.0,20,6,25,481.4,0.3105806451612903,0.06,1.0,1.5,1.0,pml,,,800.0,none,57.267379999725364,0.2997022358790666,1606.2609562721134,28.048444966049022,1.7664993858279511e-06,0.09989191224968531,780.5742985487104,13.63034765258082,0.34605045700343423,True,True,,2,38667,204000,36406014.18912158,216.66936564445496,a085,,,2026-08-23T20:46:00,harminv_tarama_rd0.100_dx+0.080_dy+0.000_s1_na1.3300_res20_nk6_simoto.json
harminv_tarama_rd0.100_dx+0.080_dy+0.000_s2_na1.3300_res20_nk6_simoto.json,legacy-campaign,harminv,sweep,harminv_tarama_rd0.100_dx+0.080_dy+0.000_s2_na1.3300_res20_nk6_simoto,0.1,0.08,0.0,2,1.33,0.0,20,6,25,481.4,0.3105806451612903,0.06,1.0,1.5,1.0,pml,,,800.0,none,194.38150334519335,0.291393434406539,1652.0619312526185,8.499069627621905,6.981860816593802e-08,0.21669430759671737,780.5742985487104,4.015681971357757,0.22841536989663275,True,True,,4,38667,204000,36458734.328856304,216.35605692863464,a076,,,2026-08-23T20:45:59,harminv_tarama_rd0.100_dx+0.080_dy+0.000_s2_na1.3300_res20_nk6_simoto.json
harminv_tarama_rd0.100_dx+0.080_dy+0.000_s3_na1.3300_res20_nk6_simoto.json,legacy-campaign,harminv,sweep,harminv_tarama_rd0.100_dx+0.080_dy+0.000_s3_na1.3300_res20_nk6_simoto,0.1,0.08,0.0,3,1.33,0.0,20,6,25,481.4,0.3105806451612903,0.06,1.0,1.5,1.0,pml,,,800.0,none,640.1519763736464,0.29195100891373676,1648.9067867624326,2.5758051956712107,2.41310475425073e-09,0.3914955856496058,780.5742985487104,1.219357789021496,0.23630944775366342,True,True,,3,38667,204000,36241660.99000042,217.65194487571716,a046,,,2026-08-23T20:46:01,harminv_tarama_rd0.100_dx+0.080_dy+0.000_s3_na1.3300_res20_nk6_simoto.json
harminv_tarama_rd0.100_dx+0.080_dy+0.050_s1_na1.3300_res20_nk6_simoto.json,legacy-campaign,harminv,sweep,harminv_tarama_rd0.100_dx+0.080_dy+0.050_s1_na1.3300_res20_nk6_simoto,0.1,0.08,0.05,1,1.33,0.0,20,6,25,481.4,0.3105806451612903,0.06,1.0,1.5,1.0,pml,,,800.0,none,57.608185841071524,0.29951858207878523,1607.2458565304396,27.899608936904936,1.9119528738701257e-06,0.10157973061915994,780.5742985487104,13.549711506315186,0.34345030692582995,True,True,,3,38667,204000,36334489.42254576,217.0958812236786,a076,,,2026-08-23T20:46:00,harminv_tarama_rd0.100_dx+0.080_dy+0.050_s1_na1.3300_res20_nk6_simoto.json
harminv_tarama_rd0.100_dx+0.080_dy+0.050_s2_na1.3300_res20_nk6_simoto.json,legacy-campaign,harminv,sweep,harminv_tarama_rd0.100_dx+0.080_dy+0.050_s2_na1.3300_res20_nk6_simoto,0.1,0.08,0.05,2,1.33,0.0,20,6,25,481.4,0.3105806451612903,0.06,1.0,1.5,1.0,pml,,,800.0,none,205.4015929758269,0.29145598507581216,1651.707374870962,8.041356208300423,1.0865936006292268e-07,0.22442366678126338,780.5742985487104,3.800234882504411,0.2293009553150435,True,True,,3,38667,204000,35809899.784273446,220.27618193626404,a046,,,2026-08-23T20:46:03,harminv_tarama_rd0.100_dx+0.080_dy+0.050_s2_na1.3300_res20_nk6_simoto.json
harminv_tarama_rd0.100_dx+0.080_dy+0.050_s3_na1.3300_res20_nk6_simoto.json,legacy-campaign,harminv,sweep,harminv_tarama_rd0.100_dx+0.080_dy+0.050_s3_na1.3300_res20_nk6_simoto,0.1,0.08,0.05,3,1.33,0.0,20,6,25,481.4,0.3105806451612903,0.06,1.0,1.5,1.0,pml,,,800.0,none,652.8452215493509,0.29203973144266826,1648.4058440332662,2.5249565894366546,2.3985973617837862e-09,0.3922903975223387,780.5742985487104,1.195649861227795,0.23756557145016774,True,True,,3,38667,204000,36315402.428074256,217.20998454093933,a083,,,2026-08-23T20:47:46,harminv_tarama_rd0.100_dx+0.080_dy+0.050_s3_na1.3300_res20_nk6_simoto.json
harminv_tarama_rd0.100_dx+0.080_dy+0.100_s1_na1.3300_res20_nk6_simoto.json,legacy-campaign,harminv,sweep,harminv_tarama_rd0.100_dx+0.080_dy+0.100_s1_na1.3300_res20_nk6_simoto,0.1,0.08,0.1,1,1.33,0.0,20,6,25,481.4,0.3105806451612903,0.06,1.0,1.5,1.0,pml,,,800.0,none,58.08651585496879,0.29939332204594127,1607.918295272231,27.68143813767215,2.469993603661848e-06,0.10404612508695452,780.5742985487104,13.438132534883984,0.34167688931279383,True,True,,3,38667,204000,36144680.080711044,218.2359335422516,a046,,,2026-08-23T20:47:46,harminv_tarama_rd0.100_dx+0.080_dy+0.100_s1_na1.3300_res20_nk6_simoto.json
harminv_tarama_rd0.100_dx+0.080_dy+0.100_s2_na1.3300_res20_nk6_simoto.json,legacy-campaign,harminv,sweep,harminv_tarama_rd0.100_dx+0.080_dy+0.100_s2_na1.3300_res20_nk6_simoto,0.1,0.08,0.1,2,1.33,0.0,20,6,25,481.4,0.3105806451612903,0.06,1.0,1.5,1.0,pml,,,800.0,none,210.7702874663014,0.29169392411812783,1650.3600527690337,7.830136176252539,4.683717841499371e-08,0.23539444174409657,780.5742985487104,3.7034361338692534,0.23266966981152767,True,True,,3,38667,204000,36040405.98568763,218.86734580993652,a083,,,2026-08-23T20:47:47,harminv_tarama_rd0.100_dx+0.080_dy+0.100_s2_na1.3300_res20_nk6_simoto.json
harminv_tarama_rd0.100_dx+0.080_dy+0.100_s3_na1.3300_res20_nk6_simoto.json,legacy-campaign,harminv,sweep,harminv_tarama_rd0.100_dx+0.080_dy+0.100_s3_na1.3300_res20_nk6_simoto,0.1,0.08,0.1,3,1.33,0.0,20,6,25,481.4,0.3105806451612903,0.06,1.0,1.5,1.0,pml,,,800.0,none,637.4020059422772,0.29233227845522225,1646.7562273446927,2.583544155795804,2.0067921171082094e-09,0.4073754881962791,780.5742985487104,1.2246185158999936,0.24170741951554875,True,True,,3,38667,204000,36524024.39340945,215.96930050849915,a085,,,2026-08-23T20:47:46,harminv_tarama_rd0.100_dx+0.080_dy+0.100_s3_na1.3300_res20_nk6_simoto.json
harminv_tarama_rd0.100_dx+0.080_dy+0.150_s1_na1.3300_res20_nk6_simoto.json,legacy-campaign,harminv,sweep,harminv_tarama_rd0.100_dx+0.080_dy+0.150_s1_na1.3300_res20_nk6_simoto,0.1,0.08,0.15,1,1.33,0.0,20,6,25,481.4,0.3105806451612903,0.06,1.0,1.5,1.0,pml,,,800.0,none,58.777599051058935,0.2993346139923297,1608.2336539012344,27.36133628908853,3.7855198027769965e-06,0.10758747081696496,780.5742985487104,13.280132416954306,0.3408457072195276,True,True,,3,38667,204000,35982463.00434642,219.2197904586792,a083,,,2026-08-23T20:47:49,harminv_tarama_rd0.100_dx+0.080_dy+0.150_s1_na1.3300_res20_nk6_simoto.json
harminv_tarama_rd0.100_dx+0.080_dy+0.150_s2_na1.3300_res20_nk6_simoto.json,legacy-campaign,harminv,sweep,harminv_tarama_rd0.100_dx+0.080_dy+0.150_s2_na1.3300_res20_nk6_simoto,0.1,0.08,0.15,2,1.33,0.0,20,6,25,481.4,0.3105806451612903,0.06,1.0,1.5,1.0,pml,,,800.0,none,214.19972235355715,0.2921590029575611,1647.7328958776875,7.692507150676631,7.849345305219213e-08,0.23294194236819654,780.5742985487104,3.6441424385242565,0.2392542042921208,True,True,,3,38667,204000,35732011.791219145,220.75633597373962,a085,,,2026-08-23T20:47:48,harminv_tarama_rd0.100_dx+0.080_dy+0.150_s2_na1.3300_res20_nk6_simoto.json
harminv_tarama_rd0.100_dx+0.080_dy+0.150_s3_na1.3300_res20_nk6_simoto.json,legacy-campaign,harminv,sweep,harminv_tarama_rd0.100_dx+0.080_dy+0.150_s3_na1.3300_res20_nk6_simoto,0.1,0.08,0.15,3,1.33,0.0,20,6,25,481.4,0.3105806451612903,0.06,1.0,1.5,1.0,pml,,,800.0,none,594.7271086411145,0.29283913973982945,1643.9059356194527,2.764134864098587,2.0808490481427095e-09,0.4355118252340484,780.5742985487104,1.3124915397454073,0.24888350520768823,True,True,,3,38667,204000,34869608.87547449,226.21613073349,a076,,,2026-08-23T20:47:48,harminv_tarama_rd0.100_dx+0.080_dy+0.150_s3_na1.3300_res20_nk6_simoto.json
harminv_tarama_rd0.100_dx+0.080_dy-0.050_s1_na1.3300_res20_nk6_simoto.json,legacy-campaign,harminv,sweep,harminv_tarama_rd0.100_dx+0.080_dy-0.050_s1_na1.3300_res20_nk6_simoto,0.1,0.08,-0.05,1,1.33,0.0,20,6,25,481.4,0.3105806451612903,0.06,1.0,1.5,1.0,pml,,,800.0,none,56.99376207290931,0.2999367341415332,1605.0051400934387,28.16106678552356,1.6588618622417227e-06,0.0986091264969084,780.5742985487104,13.695784769395644,0.3493704573215143,True,True,,2,38667,204000,35980478.25113354,219.23188304901123,a083,,,2026-08-23T20:44:03,harminv_tarama_rd0.100_dx+0.080_dy-0.050_s1_na1.3300_res20_nk6_simoto.json
harminv_tarama_rd0.100_dx+0.080_dy-0.050_s2_na1.3300_res20_nk6_simoto.json,legacy-campaign,harminv,sweep,harminv_tarama_rd0.100_dx+0.080_dy-0.050_s2_na1.3300_res20_nk6_simoto,0.1,0.08,-0.05,2,1.33,0.0,20,6,25,481.4,0.3105806451612903,0.06,1.0,1.5,1.0,pml,,,800.0,none,180.1587355221857,0.29149509554583203,1651.4857620453824,9.166836996599644,2.2524907506046783e-08,0.21131214334691936,780.5742985487104,4.33270302595228,0.22985467699954718,True,True,,3,38667,204000,36118056.82572659,218.3967990875244,a085,,,2026-08-23T20:44:03,harminv_tarama_rd0.100_dx+0.080_dy-0.050_s2_na1.3300_res20_nk6_simoto.json
harminv_tarama_rd0.100_dx+0.080_dy-0.050_s3_na1.3300_res20_nk6_simoto.json,legacy-campaign,harminv,sweep,harminv_tarama_rd0.100_dx+0.080_dy-0.050_s3_na1.3300_res20_nk6_simoto,0.1,0.08,-0.05,3,1.33,0.0,20,6,25,481.4,0.3105806451612903,0.06,1.0,1.5,1.0,pml,,,800.0,none,610.1172909265214,0.2920648275973395,1648.2642020274036,2.701553007167453,2.101820621129066e-09,0.4020163193844818,780.5742985487104,1.2793839974004568,0.2379208800166988,True,True,,3,38667,204000,36411745.697223626,216.63526010513306,a076,,,2026-08-23T20:44:03,harminv_tarama_rd0.100_dx+0.080_dy-0.050_s3_na1.3300_res20_nk6_simoto.json
harminv_tarama_rd0.100_dx+0.080_dy-0.100_s1_na1.3300_res20_nk6_simoto.json,legacy-campaign,harminv,sweep,harminv_tarama_rd0.100_dx+0.080_dy-0.100_s1_na1.3300_res20_nk6_simoto,0.1,0.08,-0.1,1,1.33,0.0,20,6,25,481.4,0.3105806451612903,0.06,1.0,1.5,1.0,pml,,,800.0,none,56.709597554588655,0.3002162386478485,1603.5108632637248,28.27582864999501,1.466371575576351e-06,0.0973737066786864,780.5742985487104,13.764412589902964,0.35332765103421265,True,True,,2,38667,204000,36663565.784369975,215.14732217788696,a046,,,2026-08-23T20:44:03,harminv_tarama_rd0.100_dx+0.080_dy-0.100_s1_na1.3300_res20_nk6_simoto.json
harminv_tarama_rd0.100_dx+0.080_dy-0.100_s2_na1.3300_res20_nk6_simoto.json,legacy-campaign,harminv,sweep,harminv_tarama_rd0.100_dx+0.080_dy-0.100_s2_na1.3300_res20_nk6_simoto,0.1,0.08,-0.1,2,1.33,0.0,20,6,25,481.4,0.3105806451612903,0.06,1.0,1.5,1.0,pml,,,800.0,none,163.79154021186199,0.2917479577392557,1650.0543953429906,10.074112455433712,1.3791642599911415e-07,0.2062995709013265,780.5742985487104,4.765656990214811,0.2334346718096005,True,True,,3,38667,204000,36130459.40477259,218.32182955741882,a083,,,2026-08-23T20:44:02,harminv_tarama_rd0.100_dx+0.080_dy-0.100_s2_na1.3300_res20_nk6_simoto.json
harminv_tarama_rd0.100_dx+0.080_dy-0.100_s3_na1.3300_res20_nk6_simoto.json,legacy-campaign,harminv,sweep,harminv_tarama_rd0.100_dx+0.080_dy-0.100_s3_na1.3300_res20_nk6_simoto,0.1,0.08,-0.1,3,1.33,0.0,20,6,25,481.4,0.3105806451612903,0.06,1.0,1.5,1.0,pml,,,800.0,none,558.459235645075,0.2923799797665305,1646.4875617831447,2.9482681218107007,1.3038411469257209e-09,0.42565257835825776,780.5742985487104,1.3977283366924194,0.24238276937550268,True,True,,3,38667,204000,36478051.03672702,216.2414870262146,a085,,,2026-08-23T20:44:03,harminv_tarama_rd0.100_dx+0.080_dy-0.100_s3_na1.3300_res20_nk6_simoto.json
harminv_tarama_rd0.100_dx+0.080_dy-0.150_s1_na1.3300_res20_nk6_simoto.json,legacy-campaign,harminv,sweep,harminv_tarama_rd0.100_dx+0.080_dy-0.150_s1_na1.3300_res20_nk6_simoto,0.1,0.08,-0.15,1,1.33,0.0,20,6,25,481.4,0.3105806451612903,0.06,1.0,1.5,1.0,pml,,,800.0,none,76.57258554565709,0.3121188478144022,1542.361197892986,20.142472490671473,1.79768183622905e-05,0.12406635639557603,780.5742985487104,10.193913304433034,0.5218434677540232,True,True,,3,38667,204000,36736094.95413457,214.72255039215088,a076,,,2026-08-23T20:44:03,harminv_tarama_rd0.100_dx+0.080_dy-0.150_s1_na1.3300_res20_nk6_simoto.json
harminv_tarama_rd0.100_dx+0.080_dy-0.150_s2_na1.3300_res20_nk6_simoto.json,legacy-campaign,harminv,sweep,harminv_tarama_rd0.100_dx+0.080_dy-0.150_s2_na1.3300_res20_nk6_simoto,0.1,0.08,-0.15,2,1.33,0.0,20,6,25,481.4,0.3105806451612903,0.06,1.0,1.5,1.0,pml,,,800.0,none,145.3413235727312,0.2921310286178002,1647.8906820604238,11.338074000927838,9.754990709935764e-08,0.19958505210495175,780.5742985487104,5.370628802331624,0.2388581467012148,True,True,,3,38667,204000,36498472.224583074,216.1204981803894,a046,,,2026-08-23T20:44:03,harminv_tarama_rd0.100_dx+0.080_dy-0.150_s2_na1.3300_res20_nk6_simoto.json
harminv_tarama_rd0.100_dx+0.080_dy-0.150_s3_na1.3300_res20_nk6_simoto.json,legacy-campaign,harminv,sweep,harminv_tarama_rd0.100_dx+0.080_dy-0.150_s3_na1.3300_res20_nk6_simoto,0.1,0.08,-0.15,3,1.33,0.0,20,6,25,481.4,0.3105806451612903,0.06,1.0,1.5,1.0,pml,,,800.0,none,483.8218357943815,0.2928994640714961,1643.5673637234493,3.397050819388701,1.27312764550017e-09,0.462507653093835,780.5742985487104,1.6133507022623204,0.24973757038588845,True,True,,3,38667,204000,36312358.11907442,217.22819471359253,a083,,,2026-08-23T20:44:02,harminv_tarama_rd0.100_dx+0.080_dy-0.150_s3_na1.3300_res20_nk6_simoto.json
harminv_tarama_rd0.110_dx+0.000_dy+0.000_s1_na1.3300_res20_nk6_simoto.json,legacy-campaign,harminv,sweep,harminv_tarama_rd0.110_dx+0.000_dy+0.000_s1_na1.3300_res20_nk6_simoto,0.11,0.0,0.0,1,1.33,0.0,20,6,25,481.4,0.3105806451612903,0.06,1.0,1.5,1.0,pml,,,800.0,even,55.6706673293691,0.29894896670451154,1610.3082921033392,28.925615038457064,2.68613714046063e-06,0.14606374621039625,780.5742985487104,14.021285103886619,0.33538575581197655,True,True,,3,38667,204000,35446348.12871087,111.2677104473114,a076,,,2026-08-23T20:51:30,harminv_tarama_rd0.110_dx+0.000_dy+0.000_s1_na1.3300_res20_nk6_simoto.json
harminv_tarama_rd0.110_dx+0.000_dy+0.000_s2_na1.3300_res20_nk6_simoto.json,legacy-campaign,harminv,sweep,harminv_tarama_rd0.110_dx+0.000_dy+0.000_s2_na1.3300_res20_nk6_simoto,0.11,0.0,0.0,2,1.33,0.0,20,6,25,481.4,0.3105806451612903,0.06,1.0,1.5,1.0,pml,,,800.0,even,191.83764796985335,0.2882918692354915,1669.8355082874984,8.704420253056416,1.4429738007400371e-09,0.21076082129070686,780.5742985487104,4.068931759793965,0.18450375517458778,True,False,gap position outside 0.2-0.8,3,38667,204000,35312155.60360397,111.69054770469666,a046,,,2026-08-23T20:51:31,harminv_tarama_rd0.110_dx+0.000_dy+0.000_s2_na1.3300_res20_nk6_simoto.json
harminv_tarama_rd0.110_dx+0.000_dy+0.000_s3_na1.3300_res20_nk6_simoto.json,legacy-campaign,harminv,sweep,harminv_tarama_rd0.110_dx+0.000_dy+0.000_s3_na1.3300_res20_nk6_simoto,0.11,0.0,0.0,3,1.33,0.0,20,6,25,481.4,0.3105806451612903,0.06,1.0,1.5,1.0,pml,,,800.0,even,641.0344318347218,0.2881839523908282,1670.4608150669567,2.605883135303491,9.657625310714767e-09,0.33056477311272475,780.5742985487104,1.2176792068947184,0.18297588049082872,True,False,gap position outside 0.2-0.8,4,38667,204000,35470480.62588037,111.19200897216797,a083,,,2026-08-23T20:51:33,harminv_tarama_rd0.110_dx+0.000_dy+0.000_s3_na1.3300_res20_nk6_simoto.json
harminv_tarama_rd0.110_dx+0.000_dy+0.050_s1_na1.3300_res20_nk6_simoto.json,legacy-campaign,harminv,sweep,harminv_tarama_rd0.110_dx+0.000_dy+0.050_s1_na1.3300_res20_nk6_simoto,0.11,0.0,0.05,1,1.33,0.0,20,6,25,481.4,0.3105806451612903,0.06,1.0,1.5,1.0,pml,,,800.0,even,55.965372757976304,0.2987272959345722,1611.5032223417477,28.79464824277567,2.339576600467371e-06,0.14450093561441488,780.5742985487104,13.947451077013712,0.33224736570636804,True,True,,2,38667,204000,35173476.19675015,112.1309130191803,a046,,,2026-08-23T20:51:46,harminv_tarama_rd0.110_dx+0.000_dy+0.050_s1_na1.3300_res20_nk6_simoto.json
harminv_tarama_rd0.110_dx+0.000_dy+0.050_s2_na1.3300_res20_nk6_simoto.json,legacy-campaign,harminv,sweep,harminv_tarama_rd0.110_dx+0.000_dy+0.050_s2_na1.3300_res20_nk6_simoto,0.11,0.0,0.05,2,1.33,0.0,20,6,25,481.4,0.3105806451612903,0.06,1.0,1.5,1.0,pml,,,800.0,even,207.20051114526416,0.2882833926171838,1669.8846077451951,8.059268765869367,2.2419778236311893e-08,0.22003685212354318,780.5742985487104,3.767241182148751,0.1843837441553937,True,False,gap position outside 0.2-0.8,3,38667,204000,35239751.58591719,111.92002844810486,a083,,,2026-08-23T20:51:44,harminv_tarama_rd0.110_dx+0.000_dy+0.050_s2_na1.3300_res20_nk6_simoto.json
harminv_tarama_rd0.110_dx+0.000_dy+0.050_s3_na1.3300_res20_nk6_simoto.json,legacy-campaign,harminv,sweep,harminv_tarama_rd0.110_dx+0.000_dy+0.050_s3_na1.3300_res20_nk6_simoto,0.11,0.0,0.05,3,1.33,0.0,20,6,25,481.4,0.3105806451612903,0.06,1.0,1.5,1.0,pml,,,800.0,even,673.846245378426,0.2882635766845186,1669.99939963575,2.478309274689055,1.0890698429121474e-08,0.3351809755115506,780.5742985487104,1.158386358761036,0.18410319238473447,True,False,gap position outside 0.2-0.8,3,38667,204000,35355057.97034319,111.55501437187195,a085,,,2026-08-23T20:51:41,harminv_tarama_rd0.110_dx+0.000_dy+0.050_s3_na1.3300_res20_nk6_simoto.json
harminv_tarama_rd0.110_dx+0.000_dy+0.100_s1_na1.3300_res20_nk6_simoto.json,legacy-campaign,harminv,sweep,harminv_tarama_rd0.110_dx+0.000_dy+0.100_s1_na1.3300_res20_nk6_simoto,0.11,0.0,0.1,1,1.33,0.0,20,6,25,481.4,0.3105806451612903,0.06,1.0,1.5,1.0,pml,,,800.0,even,56.18054492050769,0.2985666291100827,1612.3704160604832,28.6998002305228,2.0848144975891774e-06,0.1458296090512245,780.5742985487104,13.894032171691803,0.3299726626753126,True,True,,2,38667,204000,35405714.795822665,111.39540672302246,a083,,,2026-08-23T20:53:31,harminv_tarama_rd0.110_dx+0.000_dy+0.100_s1_na1.3300_res20_nk6_simoto.json
harminv_tarama_rd0.110_dx+0.000_dy+0.100_s2_na1.3300_res20_nk6_simoto.json,legacy-campaign,harminv,sweep,harminv_tarama_rd0.110_dx+0.000_dy+0.100_s2_na1.3300_res20_nk6_simoto,0.11,0.0,0.1,2,1.33,0.0,20,6,25,481.4,0.3105806451612903,0.06,1.0,1.5,1.0,pml,,,800.0,even,229.37109763717075,0.2884821209184521,1668.7342649428238,7.275259534148024,1.878346583844344e-07,0.24254589190396367,780.5742985487104,3.4031066101599996,0.18719731734131967,True,False,gap position outside 0.2-0.8,3,38667,204000,35515918.494200476,111.04975366592407,a085,,,2026-08-23T20:53:26,harminv_tarama_rd0.110_dx+0.000_dy+0.100_s2_na1.3300_res20_nk6_simoto.json
harminv_tarama_rd0.110_dx+0.000_dy+0.100_s3_na1.3300_res20_nk6_simoto.json,legacy-campaign,harminv,sweep,harminv_tarama_rd0.110_dx+0.000_dy+0.100_s3_na1.3300_res20_nk6_simoto,0.11,0.0,0.1,3,1.33,0.0,20,6,25,481.4,0.3105806451612903,0.06,1.0,1.5,1.0,pml,,,800.0,even,711.5442235127978,0.28857112497958437,1668.2195768341608,2.3445058250889677,8.293201002625316e-09,0.35767093636652403,780.5742985487104,1.0970144549766991,0.18845742693940934,True,False,gap position outside 0.2-0.8,4,38667,204000,35417621.02895885,111.3579592704773,a076,,,2026-08-23T20:53:26,harminv_tarama_rd0.110_dx+0.000_dy+0.100_s3_na1.3300_res20_nk6_simoto.json
harminv_tarama_rd0.110_dx+0.000_dy+0.150_s1_na1.3300_res20_nk6_simoto.json,legacy-campaign,harminv,sweep,harminv_tarama_rd0.110_dx+0.000_dy+0.150_s1_na1.3300_res20_nk6_simoto,0.11,0.0,0.15,1,1.33,0.0,20,6,25,481.4,0.3105806451612903,0.06,1.0,1.5,1.0,pml,,,800.0,even,56.486804038206394,0.2984704544023145,1612.889962472168,28.553393840112566,2.123729379642693e-06,0.15014623870251637,780.5742985487104,13.818701762994905,0.32861103185970236,True,True,,3,38667,204000,35401034.347477205,111.4101345539093,a085,,,2026-08-23T20:53:40,harminv_tarama_rd0.110_dx+0.000_dy+0.150_s1_na1.3300_res20_nk6_simoto.json
harminv_tarama_rd0.110_dx+0.000_dy+0.150_s2_na1.3300_res20_nk6_simoto.json,legacy-campaign,harminv,sweep,harminv_tarama_rd0.110_dx+0.000_dy+0.150_s2_na1.3300_res20_nk6_simoto,0.11,0.0,0.15,2,1.33,0.0,20,6,25,481.4,0.3105806451612903,0.06,1.0,1.5,1.0,pml,,,800.0,even,257.9202672619137,0.28891170504150643,1666.2530164045786,6.460341539242152,1.2549746406703925e-08,0.2775881646961232,780.5742985487104,3.026417066154985,0.19327932157529756,True,False,gap position outside 0.2-0.8,4,38667,204000,35376821.23129507,111.4863874912262,a076,,,2026-08-23T20:53:28,harminv_tarama_rd0.110_dx+0.000_dy+0.150_s2_na1.3300_res20_nk6_simoto.json
harminv_tarama_rd0.110_dx+0.000_dy+0.150_s3_na1.3300_res20_nk6_simoto.json,legacy-campaign,harminv,sweep,harminv_tarama_rd0.110_dx+0.000_dy+0.150_s3_na1.3300_res20_nk6_simoto,0.11,0.0,0.15,3,1.33,0.0,20,6,25,481.4,0.3105806451612903,0.06,1.0,1.5,1.0,pml,,,800.0,even,739.2962592281044,0.2891183776558268,1665.0619165173568,2.2522255398070588,2.5732511124339618e-09,0.40000134350905925,780.5742985487104,1.0558342326305075,0.19620536946181347,True,False,gap position outside 0.2-0.8,3,38667,204000,35094592.614099875,112.38295435905457,a046,,,2026-08-23T20:53:30,harminv_tarama_rd0.110_dx+0.000_dy+0.150_s3_na1.3300_res20_nk6_simoto.json
harminv_tarama_rd0.110_dx+0.000_dy-0.050_s1_na1.3300_res20_nk6_simoto.json,legacy-campaign,harminv,sweep,harminv_tarama_rd0.110_dx+0.000_dy-0.050_s1_na1.3300_res20_nk6_simoto,0.11,0.0,-0.05,1,1.33,0.0,20,6,25,481.4,0.3105806451612903,0.06,1.0,1.5,1.0,pml,,,800.0,even,55.41934289245561,0.2992097261308935,1608.9049183829163,29.03146869686073,1.6049614974197926e-06,0.1487810788857297,780.5742985487104,14.084871054199601,0.3390775587678887,True,True,,2,38667,204000,35355320.927518934,111.55418467521667,a085,,,2026-08-23T20:49:55,harminv_tarama_rd0.110_dx+0.000_dy-0.050_s1_na1.3300_res20_nk6_simoto.json
harminv_tarama_rd0.110_dx+0.000_dy-0.050_s2_na1.3300_res20_nk6_simoto.json,legacy-campaign,harminv,sweep,harminv_tarama_rd0.110_dx+0.000_dy-0.050_s2_na1.3300_res20_nk6_simoto,0.11,0.0,-0.05,2,1.33,0.0,20,6,25,481.4,0.3105806451612903,0.06,1.0,1.5,1.0,pml,,,800.0,even,182.2806702187844,0.28848617709756014,1668.7108021719887,9.154622923917824,1.4636465471208193e-07,0.2127072084015237,780.5742985487104,4.282265901325783,0.18725474427398525,True,False,gap position outside 0.2-0.8,3,38667,204000,35347927.88165059,111.57751631736755,a076,,,2026-08-23T20:49:44,harminv_tarama_rd0.110_dx+0.000_dy-0.050_s2_na1.3300_res20_nk6_simoto.json
harminv_tarama_rd0.110_dx+0.000_dy-0.050_s3_na1.3300_res20_nk6_simoto.json,legacy-campaign,harminv,sweep,harminv_tarama_rd0.110_dx+0.000_dy-0.050_s3_na1.3300_res20_nk6_simoto,0.11,0.0,-0.05,3,1.33,0.0,20,6,25,481.4,0.3105806451612903,0.06,1.0,1.5,1.0,pml,,,800.0,even,621.1845027524017,0.28832547821192145,1669.6408620752109,2.6878340568336974,2.050489189212224e-08,0.3437259664515294,780.5742985487104,1.256590103407393,0.1849795873247457,True,False,gap position outside 0.2-0.8,3,38667,204000,35257410.385779165,111.86397290229797,a046,,,2026-08-23T20:49:47,harminv_tarama_rd0.110_dx+0.000_dy-0.050_s3_na1.3300_res20_nk6_simoto.json
harminv_tarama_rd0.110_dx+0.000_dy-0.100_s1_na1.3300_res20_nk6_simoto.json,legacy-campaign,harminv,sweep,harminv_tarama_rd0.110_dx+0.000_dy-0.100_s1_na1.3300_res20_nk6_simoto,0.11,0.0,-0.1,1,1.33,0.0,20,6,25,481.4,0.3105806451612903,0.06,1.0,1.5,1.0,pml,,,800.0,even,55.3715233798933,0.29951481638812866,1607.266063846985,29.026943196412418,1.3524685649659935e-06,0.15096773535591934,780.5742985487104,14.097034917990992,0.3433969926963507,True,True,,2,38667,204000,35364318.005596586,111.52580404281616,a083,,,2026-08-23T20:49:46,harminv_tarama_rd0.110_dx+0.000_dy-0.100_s1_na1.3300_res20_nk6_simoto.json
harminv_tarama_rd0.110_dx+0.000_dy-0.100_s2_na1.3300_res20_nk6_simoto.json,legacy-campaign,harminv,sweep,harminv_tarama_rd0.110_dx+0.000_dy-0.100_s2_na1.3300_res20_nk6_simoto,0.11,0.0,-0.1,2,1.33,0.0,20,6,25,481.4,0.3105806451612903,0.06,1.0,1.5,1.0,pml,,,800.0,even,173.5083707948172,0.28887821968872684,1666.4461603187667,9.604413623878857,8.645745693217782e-08,0.23101328187865458,780.5742985487104,4.498770260898713,0.19280523967503163,True,False,gap position outside 0.2-0.8,4,38667,204000,35384579.29952183,111.46194410324097,a085,,,2026-08-23T20:49:43,harminv_tarama_rd0.110_dx+0.000_dy-0.100_s2_na1.3300_res20_nk6_simoto.json
harminv_tarama_rd0.110_dx+0.000_dy-0.100_s3_na1.3300_res20_nk6_simoto.json,legacy-campaign,harminv,sweep,harminv_tarama_rd0.110_dx+0.000_dy-0.100_s3_na1.3300_res20_nk6_simoto,0.11,0.0,-0.1,3,1.33,0.0,20,6,25,481.4,0.3105806451612903,0.06,1.0,1.5,1.0,pml,,,800.0,even,612.7291258893342,0.28868804278948806,1667.5439528024992,2.7215026711553394,2.9786922025696313e-09,0.3770240343637669,780.5742985487104,1.2739304622018097,0.19011273628791558,True,False,gap position outside 0.2-0.8,3,38667,204000,35374243.478434764,111.49451160430908,a076,,,2026-08-23T20:49:43,harminv_tarama_rd0.110_dx+0.000_dy-0.100_s3_na1.3300_res20_nk6_simoto.json
harminv_tarama_rd0.110_dx+0.000_dy-0.150_s1_na1.3300_res20_nk6_simoto.json,legacy-campaign,harminv,sweep,harminv_tarama_rd0.110_dx+0.000_dy-0.150_s1_na1.3300_res20_nk6_simoto,0.11,0.0,-0.15,1,1.33,0.0,20,6,25,481.4,0.3105806451612903,0.06,1.0,1.5,1.0,pml,,,800.0,even,55.281369853774024,0.29986369502809196,1605.3960782244787,29.040453998715073,1.2259660227043674e-06,0.152801926537925,780.5742985487104,14.120024532919947,0.3483363776771427,True,True,,2,38667,204000,35398963.45860357,111.4166522026062,a046,,,2026-08-23T20:47:48,harminv_tarama_rd0.110_dx+0.000_dy-0.150_s1_na1.3300_res20_nk6_simoto.json
harminv_tarama_rd0.110_dx+0.000_dy-0.150_s2_na1.3300_res20_nk6_simoto.json,legacy-campaign,harminv,sweep,harminv_tarama_rd0.110_dx+0.000_dy-0.150_s2_na1.3300_res20_nk6_simoto,0.11,0.0,-0.15,2,1.33,0.0,20,6,25,481.4,0.3105806451612903,0.06,1.0,1.5,1.0,pml,,,800.0,even,168.45216502533154,0.28938660752663625,1663.5185854469444,9.875317335320608,2.760739582376879e-07,0.2488810120660196,780.5742985487104,4.63380389579041,0.2000029381390339,True,True,,3,38667,204000,35382430.26686978,111.46871399879456,a083,,,2026-08-23T20:47:59,harminv_tarama_rd0.110_dx+0.000_dy-0.150_s2_na1.3300_res20_nk6_simoto.json
harminv_tarama_rd0.110_dx+0.000_dy-0.150_s3_na1.3300_res20_nk6_simoto.json,legacy-campaign,harminv,sweep,harminv_tarama_rd0.110_dx+0.000_dy-0.150_s3_na1.3300_res20_nk6_simoto,0.11,0.0,-0.15,3,1.33,0.0,20,6,25,481.4,0.3105806451612903,0.06,1.0,1.5,1.0,pml,,,800.0,even,606.9981900679185,0.289276674930975,1664.1507654043246,2.74160745885934,2.904826110629248e-09,0.4346786299497517,780.5742985487104,1.2859581977688765,0.1984465246768457,True,False,gap position outside 0.2-0.8,3,38667,204000,35558689.79287614,110.91617894172668,a085,,,2026-08-23T20:47:58,harminv_tarama_rd0.110_dx+0.000_dy-0.150_s3_na1.3300_res20_nk6_simoto.json
harminv_tarama_rd0.110_dx+0.040_dy+0.000_s1_na1.3300_res20_nk6_simoto.json,legacy-campaign,harminv,sweep,harminv_tarama_rd0.110_dx+0.040_dy+0.000_s1_na1.3300_res20_nk6_simoto,0.11,0.04,0.0,1,1.33,0.0,20,6,25,481.4,0.3105806451612903,0.06,1.0,1.5,1.0,pml,,,800.0,none,55.8115963045906,0.2989452814380383,1610.3281432785507,28.852931109338265,1.940705668676172e-06,0.0716743320559268,780.5742985487104,13.98588017960896,0.33533358021913956,True,True,,2,38667,204000,36130412.37291771,218.3221137523651,a085,,,2026-08-23T20:51:31,harminv_tarama_rd0.110_dx+0.040_dy+0.000_s1_na1.3300_res20_nk6_simoto.json
harminv_tarama_rd0.110_dx+0.040_dy+0.000_s2_na1.3300_res20_nk6_simoto.json,legacy-campaign,harminv,sweep,harminv_tarama_rd0.110_dx+0.040_dy+0.000_s2_na1.3300_res20_nk6_simoto,0.11,0.04,0.0,2,1.33,0.0,20,6,25,481.4,0.3105806451612903,0.06,1.0,1.5,1.0,pml,,,800.0,none,193.02957154166538,0.28832538964941923,1669.6413749248518,8.649666274394958,5.0593965440521674e-08,0.1040867549790861,780.5742985487104,4.043806823558243,0.18497833346668957,True,False,gap position outside 0.2-0.8,3,38667,204000,35951126.318445235,219.4108726978302,a076,,,2026-08-23T20:51:41,harminv_tarama_rd0.110_dx+0.040_dy+0.000_s2_na1.3300_res20_nk6_simoto.json
harminv_tarama_rd0.110_dx+0.040_dy+0.000_s3_na1.3300_res20_nk6_simoto.json,legacy-campaign,harminv,sweep,harminv_tarama_rd0.110_dx+0.040_dy+0.000_s3_na1.3300_res20_nk6_simoto,0.11,0.04,0.0,3,1.33,0.0,20,6,25,481.4,0.3105806451612903,0.06,1.0,1.5,1.0,pml,,,800.0,none,646.372837164128,0.28822739142233744,1670.209058286928,2.583971606255518,1.8258308063503792e-09,0.16284070314870946,780.5742985487104,1.2076223715918708,0.18359088546745714,True,False,gap position outside 0.2-0.8,3,38667,204000,35828395.840883866,220.1624665260315,a046,,,2026-08-23T20:51:36,harminv_tarama_rd0.110_dx+0.040_dy+0.000_s3_na1.3300_res20_nk6_simoto.json
harminv_tarama_rd0.110_dx+0.040_dy+0.050_s1_na1.3300_res20_nk6_simoto.json,legacy-campaign,harminv,sweep,harminv_tarama_rd0.110_dx+0.040_dy+0.050_s1_na1.3300_res20_nk6_simoto,0.11,0.04,0.05,1,1.33,0.0,20,6,25,481.4,0.3105806451612903,0.06,1.0,1.5,1.0,pml,,,800.0,none,55.956027305709675,0.2987281387509695,1611.4986757284098,28.799376105172048,1.7066429658951158e-06,0.0713952392692821,780.5742985487104,13.949780499679285,0.33225929820717903,True,True,,2,38667,204000,35692083.74290095,221.00329184532166,a076,,,2026-08-23T20:51:42,harminv_tarama_rd0.110_dx+0.040_dy+0.050_s1_na1.3300_res20_nk6_simoto.json
harminv_tarama_rd0.110_dx+0.040_dy+0.050_s2_na1.3300_res20_nk6_simoto.json,legacy-campaign,harminv,sweep,harminv_tarama_rd0.110_dx+0.040_dy+0.050_s2_na1.3300_res20_nk6_simoto,0.11,0.04,0.05,2,1.33,0.0,20,6,25,481.4,0.3105806451612903,0.06,1.0,1.5,1.0,pml,,,800.0,none,208.76439439912141,0.28831706389749107,1669.6895892750838,7.997961501437482,1.5367656817416448e-07,0.10845642354217898,780.5742985487104,3.739020251970685,0.1848604583969172,True,False,gap position outside 0.2-0.8,5,38667,204000,36466807.182834364,216.30816102027893,a046,,,2026-08-23T20:53:28,harminv_tarama_rd0.110_dx+0.040_dy+0.050_s2_na1.3300_res20_nk6_simoto.json
harminv_tarama_rd0.110_dx+0.040_dy+0.050_s3_na1.3300_res20_nk6_simoto.json,legacy-campaign,harminv,sweep,harminv_tarama_rd0.110_dx+0.040_dy+0.050_s3_na1.3300_res20_nk6_simoto,0.11,0.04,0.05,3,1.33,0.0,20,6,25,481.4,0.3105806451612903,0.06,1.0,1.5,1.0,pml,,,800.0,none,678.8519242701462,0.2883065690371692,1669.7503688788188,2.459668020642376,1.7027458983306133e-09,0.16518729776877614,780.5742985487104,1.1498447167074453,0.18471187333176484,True,False,gap position outside 0.2-0.8,3,38667,204000,36228214.8979502,217.7327263355255,a083,,,2026-08-23T20:53:29,harminv_tarama_rd0.110_dx+0.040_dy+0.050_s3_na1.3300_res20_nk6_simoto.json
harminv_tarama_rd0.110_dx+0.040_dy+0.100_s1_na1.3300_res20_nk6_simoto.json,legacy-campaign,harminv,sweep,harminv_tarama_rd0.110_dx+0.040_dy+0.100_s1_na1.3300_res20_nk6_simoto,0.11,0.04,0.1,1,1.33,0.0,20,6,25,481.4,0.3105806451612903,0.06,1.0,1.5,1.0,pml,,,800.0,none,56.02862294339656,0.298572250787113,1612.3400574933073,28.77707808600238,1.7734210873983939e-06,0.07256894942198891,780.5742985487104,13.931705930686407,0.33005225375344055,True,True,,2,38667,204000,36072457.32243855,218.67287635803223,a046,,,2026-08-23T20:53:29,harminv_tarama_rd0.110_dx+0.040_dy+0.100_s1_na1.3300_res20_nk6_simoto.json
harminv_tarama_rd0.110_dx+0.040_dy+0.100_s2_na1.3300_res20_nk6_simoto.json,legacy-campaign,harminv,sweep,harminv_tarama_rd0.110_dx+0.040_dy+0.100_s2_na1.3300_res20_nk6_simoto,0.11,0.04,0.1,2,1.33,0.0,20,6,25,481.4,0.3105806451612903,0.06,1.0,1.5,1.0,pml,,,800.0,none,231.22817773821617,0.28851511652200584,1668.543422622649,7.216003857936735,7.097526432445548e-08,0.11930476914690098,780.5742985487104,3.3757749863532363,0.1876644654265182,True,False,gap position outside 0.2-0.8,4,38667,204000,36090328.47424026,218.56459426879883,a083,,,2026-08-23T20:53:34,harminv_tarama_rd0.110_dx+0.040_dy+0.100_s2_na1.3300_res20_nk6_simoto.json
harminv_tarama_rd0.110_dx+0.040_dy+0.100_s3_na1.3300_res20_nk6_simoto.json,legacy-campaign,harminv,sweep,harminv_tarama_rd0.110_dx+0.040_dy+0.100_s3_na1.3300_res20_nk6_simoto,0.11,0.04,0.1,3,1.33,0.0,20,6,25,481.4,0.3105806451612903,0.06,1.0,1.5,1.0,pml,,,800.0,none,715.7898929281793,0.2886121032188918,1667.9827167015662,2.330268607004385,1.4707266877507626e-09,0.17632237645160784,780.5742985487104,1.0905075724882183,0.18903759229374495,True,False,gap position outside 0.2-0.8,3,38667,204000,36354266.94342244,216.9777762889862,a085,,,2026-08-23T20:53:31,harminv_tarama_rd0.110_dx+0.040_dy+0.100_s3_na1.3300_res20_nk6_simoto.json
harminv_tarama_rd0.110_dx+0.040_dy+0.150_s1_na1.3300_res20_nk6_simoto.json,legacy-campaign,harminv,sweep,harminv_tarama_rd0.110_dx+0.040_dy+0.150_s1_na1.3300_res20_nk6_simoto,0.11,0.04,0.15,1,1.33,0.0,20,6,25,481.4,0.3105806451612903,0.06,1.0,1.5,1.0,pml,,,800.0,none,56.20350459449975,0.2984825240793324,1612.8247423693413,28.696159679109716,1.9018228159251281e-06,0.07524977714173829,780.5742985487104,13.888356325471916,0.3287819130044794,True,True,,2,38667,204000,35655371.96639918,221.2308430671692,a083,,,2026-08-23T20:53:46,harminv_tarama_rd0.110_dx+0.040_dy+0.150_s1_na1.3300_res20_nk6_simoto.json
harminv_tarama_rd0.110_dx+0.040_dy+0.150_s2_na1.3300_res20_nk6_simoto.json,legacy-campaign,harminv,sweep,harminv_tarama_rd0.110_dx+0.040_dy+0.150_s2_na1.3300_res20_nk6_simoto,0.11,0.04,0.15,2,1.33,0.0,20,6,25,481.4,0.3105806451612903,0.06,1.0,1.5,1.0,pml,,,800.0,none,258.886380442983,0.28894301956129226,1666.07243438834,6.435535278207788,3.453181023459896e-08,0.1370956439109939,780.5742985487104,3.015123071414812,0.19372266906348748,True,False,gap position outside 0.2-0.8,4,38667,204000,36671520.60520281,215.100652217865,a085,,,2026-08-23T20:55:10,harminv_tarama_rd0.110_dx+0.040_dy+0.150_s2_na1.3300_res20_nk6_simoto.json
harminv_tarama_rd0.110_dx+0.040_dy+0.150_s3_na1.3300_res20_nk6_simoto.json,legacy-campaign,harminv,sweep,harminv_tarama_rd0.110_dx+0.040_dy+0.150_s3_na1.3300_res20_nk6_simoto,0.11,0.04,0.15,3,1.33,0.0,20,6,25,481.4,0.3105806451612903,0.06,1.0,1.5,1.0,pml,,,800.0,none,741.8439336641421,0.28915596337213545,1664.8454847201333,2.2441990952154436,1.311133588172067e-09,0.19734208626492963,780.5742985487104,1.05220823831944,0.1967375038528633,True,False,gap position outside 0.2-0.8,3,38667,204000,36587369.58660989,215.59538412094116,a076,,,2026-08-23T20:55:12,harminv_tarama_rd0.110_dx+0.040_dy+0.150_s3_na1.3300_res20_nk6_simoto.json
harminv_tarama_rd0.110_dx+0.040_dy-0.050_s1_na1.3300_res20_nk6_simoto.json,legacy-campaign,harminv,sweep,harminv_tarama_rd0.110_dx+0.040_dy-0.050_s1_na1.3300_res20_nk6_simoto,0.11,0.04,-0.05,1,1.33,0.0,20,6,25,481.4,0.3105806451612903,0.06,1.0,1.5,1.0,pml,,,800.0,none,55.55274571826271,0.29921616654868033,1608.8702878347974,28.961129950159936,1.8842388948901954e-06,0.07295979388805446,780.5742985487104,14.051048034734675,0.33916874148658277,True,True,,3,38667,204000,36367136.35227338,216.90099334716797,a083,,,2026-08-23T20:51:30,harminv_tarama_rd0.110_dx+0.040_dy-0.050_s1_na1.3300_res20_nk6_simoto.json
harminv_tarama_rd0.110_dx+0.040_dy-0.050_s2_na1.3300_res20_nk6_simoto.json,legacy-campaign,harminv,sweep,harminv_tarama_rd0.110_dx+0.040_dy-0.050_s2_na1.3300_res20_nk6_simoto,0.11,0.04,-0.05,2,1.33,0.0,20,6,25,481.4,0.3105806451612903,0.06,1.0,1.5,1.0,pml,,,800.0,none,183.01110505502265,0.2885188492597373,1668.5218356968512,9.117052406165225,9.60391682614594e-08,0.1052573055096503,780.5742985487104,4.265174500279801,0.18771731311214887,True,False,gap position outside 0.2-0.8,3,38667,204000,36659169.69804616,215.17312216758728,a085,,,2026-08-23T20:51:28,harminv_tarama_rd0.110_dx+0.040_dy-0.050_s2_na1.3300_res20_nk6_simoto.json
harminv_tarama_rd0.110_dx+0.040_dy-0.050_s3_na1.3300_res20_nk6_simoto.json,legacy-campaign,harminv,sweep,harminv_tarama_rd0.110_dx+0.040_dy-0.050_s3_na1.3300_res20_nk6_simoto,0.11,0.04,-0.05,3,1.33,0.0,20,6,25,481.4,0.3105806451612903,0.06,1.0,1.5,1.0,pml,,,800.0,none,626.1009330112372,0.2883680958720628,1669.394107361924,2.666333843862778,1.652682433417293e-09,0.16924995114805425,780.5742985487104,1.2467227844471216,0.18558296341690442,True,False,gap position outside 0.2-0.8,3,38667,204000,36491303.34812237,216.1629559993744,a076,,,2026-08-23T20:51:29,harminv_tarama_rd0.110_dx+0.040_dy-0.050_s3_na1.3300_res20_nk6_simoto.json
harminv_tarama_rd0.110_dx+0.040_dy-0.100_s1_na1.3300_res20_nk6_simoto.json,legacy-campaign,harminv,sweep,harminv_tarama_rd0.110_dx+0.040_dy-0.100_s1_na1.3300_res20_nk6_simoto,0.11,0.04,-0.1,1,1.33,0.0,20,6,25,481.4,0.3105806451612903,0.06,1.0,1.5,1.0,pml,,,800.0,none,55.401035142002584,0.29952206953556576,1607.2271427158983,29.01077820290348,1.2501379989793792e-06,0.07422212914785012,780.5742985487104,14.089525521462937,0.3434996819510384,True,True,,3,38667,204000,36130285.64003908,218.3228795528412,a046,,,2026-08-23T20:49:45,harminv_tarama_rd0.110_dx+0.040_dy-0.100_s1_na1.3300_res20_nk6_simoto.json
harminv_tarama_rd0.110_dx+0.040_dy-0.100_s2_na1.3300_res20_nk6_simoto.json,legacy-campaign,harminv,sweep,harminv_tarama_rd0.110_dx+0.040_dy-0.100_s2_na1.3300_res20_nk6_simoto,0.11,0.04,-0.1,2,1.33,0.0,20,6,25,481.4,0.3105806451612903,0.06,1.0,1.5,1.0,pml,,,800.0,none,176.02954375268303,0.28888396911380587,1666.4129943823652,9.46666655413044,1.703934656539373e-08,0.11153282066075389,780.5742985487104,4.43433688407099,0.1928866393958243,True,False,gap position outside 0.2-0.8,3,38667,204000,35789520.443468556,220.40161204338074,a083,,,2026-08-23T20:49:47,harminv_tarama_rd0.110_dx+0.040_dy-0.100_s2_na1.3300_res20_nk6_simoto.json
harminv_tarama_rd0.110_dx+0.040_dy-0.100_s3_na1.3300_res20_nk6_simoto.json,legacy-campaign,harminv,sweep,harminv_tarama_rd0.110_dx+0.040_dy-0.100_s3_na1.3300_res20_nk6_simoto,0.11,0.04,-0.1,3,1.33,0.0,20,6,25,481.4,0.3105806451612903,0.06,1.0,1.5,1.0,pml,,,800.0,none,617.051329057451,0.2887281957913973,1667.3120499385027,2.702063785334245,2.1445815832365167e-09,0.18548431104034124,780.5742985487104,1.2650070776786781,0.19068121802295407,True,False,gap position outside 0.2-0.8,3,38667,204000,35806207.41373264,220.29889702796936,a085,,,2026-08-23T20:49:44,harminv_tarama_rd0.110_dx+0.040_dy-0.100_s3_na1.3300_res20_nk6_simoto.json
harminv_tarama_rd0.110_dx+0.040_dy-0.150_s1_na1.3300_res20_nk6_simoto.json,legacy-campaign,harminv,sweep,harminv_tarama_rd0.110_dx+0.040_dy-0.150_s1_na1.3300_res20_nk6_simoto,0.11,0.04,-0.15,1,1.33,0.0,20,6,25,481.4,0.3105806451612903,0.06,1.0,1.5,1.0,pml,,,800.0,none,55.34649351234268,0.299868042330984,1605.3728041771362,29.00586292461556,6.936562595589024e-07,0.07501119259884005,780.5742985487104,14.103410153249122,0.34839792630796246,True,True,,2,38667,204000,35746218.21534238,220.6686019897461,a076,,,2026-08-23T20:47:58,harminv_tarama_rd0.110_dx+0.040_dy-0.150_s1_na1.3300_res20_nk6_simoto.json
harminv_tarama_rd0.110_dx+0.040_dy-0.150_s2_na1.3300_res20_nk6_simoto.json,legacy-campaign,harminv,sweep,harminv_tarama_rd0.110_dx+0.040_dy-0.150_s2_na1.3300_res20_nk6_simoto,0.11,0.04,-0.15,2,1.33,0.0,20,6,25,481.4,0.3105806451612903,0.06,1.0,1.5,1.0,pml,,,800.0,none,165.3964299154694,0.28944426981878957,1663.187183845052,10.055762296048782,1.0480120929167455e-07,0.12805341862661807,780.5742985487104,4.719414433235623,0.20081931445788817,True,True,,3,38667,204000,36221190.72466854,217.77495002746582,a046,,,2026-08-23T20:49:43,harminv_tarama_rd0.110_dx+0.040_dy-0.150_s2_na1.3300_res20_nk6_simoto.json
harminv_tarama_rd0.110_dx+0.040_dy-0.150_s3_na1.3300_res20_nk6_simoto.json,legacy-campaign,harminv,sweep,harminv_tarama_rd0.110_dx+0.040_dy-0.150_s3_na1.3300_res20_nk6_simoto,0.11,0.04,-0.15,3,1.33,0.0,20,6,25,481.4,0.3105806451612903,0.06,1.0,1.5,1.0,pml,,,800.0,none,610.0075513562522,0.28931329276387624,1663.94013700883,2.7277369490087966,2.0839908537954635e-09,0.21370451653871073,780.5742985487104,1.2796141569284363,0.19896495588226626,True,False,gap position outside 0.2-0.8,3,38667,204000,36338540.047450036,217.07168173789978,a083,,,2026-08-23T20:49:45,harminv_tarama_rd0.110_dx+0.040_dy-0.150_s3_na1.3300_res20_nk6_simoto.json
harminv_tarama_rd0.110_dx+0.080_dy+0.000_s1_na1.3300_res20_nk6_simoto.json,legacy-campaign,harminv,sweep,harminv_tarama_rd0.110_dx+0.080_dy+0.000_s1_na1.3300_res20_nk6_simoto,0.11,0.08,0.0,1,1.33,0.0,20,6,25,481.4,0.3105806451612903,0.06,1.0,1.5,1.0,pml,,,800.0,none,55.88926361401231,0.29896023993964194,1610.247570369864,28.81139357087807,1.735605119686699e-06,0.07113607213760924,780.5742985487104,13.966444502464483,0.33554536102109417,True,True,,2,38667,204000,36168659.442620255,218.0912458896637,a083,,,2026-08-23T20:51:34,harminv_tarama_rd0.110_dx+0.080_dy+0.000_s1_na1.3300_res20_nk6_simoto.json
harminv_tarama_rd0.110_dx+0.080_dy+0.000_s2_na1.3300_res20_nk6_simoto.json,legacy-campaign,harminv,sweep,harminv_tarama_rd0.110_dx+0.080_dy+0.000_s2_na1.3300_res20_nk6_simoto,0.11,0.08,0.0,2,1.33,0.0,20,6,25,481.4,0.3105806451612903,0.06,1.0,1.5,1.0,pml,,,800.0,none,197.57875512240506,0.28845329862846,1668.9010050811155,8.446763438949644,9.058542375572407e-08,0.10562005730019787,780.5742985487104,3.950699547960634,0.18678925456535234,True,False,gap position outside 0.2-0.8,2,38667,204000,36124519.99777577,218.35772490501404,a085,,,2026-08-23T20:51:35,harminv_tarama_rd0.110_dx+0.080_dy+0.000_s2_na1.3300_res20_nk6_simoto.json
harminv_tarama_rd0.110_dx+0.080_dy+0.000_s3_na1.3300_res20_nk6_simoto.json,legacy-campaign,harminv,sweep,harminv_tarama_rd0.110_dx+0.080_dy+0.000_s3_na1.3300_res20_nk6_simoto,0.11,0.08,0.0,3,1.33,0.0,20,6,25,481.4,0.3105806451612903,0.06,1.0,1.5,1.0,pml,,,800.0,none,665.0731504175625,0.2883916365095459,1669.2578391886389,2.509886075149184,1.8520509501097362e-09,0.16491008829187026,780.5742985487104,1.173666833578579,0.1859162491440976,True,False,gap position outside 0.2-0.8,3,38667,204000,36245845.25032042,217.62681889533997,a076,,,2026-08-23T20:51:41,harminv_tarama_rd0.110_dx+0.080_dy+0.000_s3_na1.3300_res20_nk6_simoto.json
harminv_tarama_rd0.110_dx+0.080_dy+0.050_s1_na1.3300_res20_nk6_simoto.json,legacy-campaign,harminv,sweep,harminv_tarama_rd0.110_dx+0.080_dy+0.050_s1_na1.3300_res20_nk6_simoto,0.11,0.08,0.05,1,1.33,0.0,20,6,25,481.4,0.3105806451612903,0.06,1.0,1.5,1.0,pml,,,800.0,none,55.980512741400275,0.29874558486148417,1611.4045676129574,28.7850983976652,1.640632627554887e-06,0.07111394003826166,780.5742985487104,13.943678975477448,0.33250629829941325,True,True,,3,38667,204000,35674428.70001489,221.11266493797302,a085,,,2026-08-23T20:51:55,harminv_tarama_rd0.110_dx+0.080_dy+0.050_s1_na1.3300_res20_nk6_simoto.json
harminv_tarama_rd0.110_dx+0.080_dy+0.050_s2_na1.3300_res20_nk6_simoto.json,legacy-campaign,harminv,sweep,harminv_tarama_rd0.110_dx+0.080_dy+0.050_s2_na1.3300_res20_nk6_simoto,0.11,0.08,0.05,2,1.33,0.0,20,6,25,481.4,0.3105806451612903,0.06,1.0,1.5,1.0,pml,,,800.0,none,213.41560334945956,0.2884474439481955,1668.9348791263976,7.820116490702806,5.112255634700015e-08,0.11031727486557497,780.5742985487104,3.657531531424865,0.18670636465335091,True,False,gap position outside 0.2-0.8,5,38667,204000,36195274.182015315,217.93088126182556,a076,,,2026-08-23T20:51:45,harminv_tarama_rd0.110_dx+0.080_dy+0.050_s2_na1.3300_res20_nk6_simoto.json
harminv_tarama_rd0.110_dx+0.080_dy+0.050_s3_na1.3300_res20_nk6_simoto.json,legacy-campaign,harminv,sweep,harminv_tarama_rd0.110_dx+0.080_dy+0.050_s3_na1.3300_res20_nk6_simoto,0.11,0.08,0.05,3,1.33,0.0,20,6,25,481.4,0.3105806451612903,0.06,1.0,1.5,1.0,pml,,,800.0,none,696.0379049209716,0.28846952716950647,1668.8071170759274,2.397580800237315,1.6690301723208503e-09,0.16728106384917255,780.5742985487104,1.121453721169592,0.18701901644447924,True,False,gap position outside 0.2-0.8,3,38667,204000,36233012.40226867,217.70389699935913,a046,,,2026-08-23T20:53:29,harminv_tarama_rd0.110_dx+0.080_dy+0.050_s3_na1.3300_res20_nk6_simoto.json
harminv_tarama_rd0.110_dx+0.080_dy+0.100_s1_na1.3300_res20_nk6_simoto.json,legacy-campaign,harminv,sweep,harminv_tarama_rd0.110_dx+0.080_dy+0.100_s1_na1.3300_res20_nk6_simoto,0.11,0.08,0.1,1,1.33,0.0,20,6,25,481.4,0.3105806451612903,0.06,1.0,1.5,1.0,pml,,,800.0,none,55.97814503677262,0.2985951932067242,1612.2161741120726,28.800814550982196,1.6691736410338022e-06,0.07266283577705979,780.5742985487104,13.944268750526534,0.3303770699785389,True,True,,2,38667,204000,36157868.895348124,218.15633058547974,a076,,,2026-08-23T20:53:28,harminv_tarama_rd0.110_dx+0.080_dy+0.100_s1_na1.3300_res20_nk6_simoto.json
harminv_tarama_rd0.110_dx+0.080_dy+0.100_s2_na1.3300_res20_nk6_simoto.json,legacy-campaign,harminv,sweep,harminv_tarama_rd0.110_dx+0.080_dy+0.100_s2_na1.3300_res20_nk6_simoto,0.11,0.08,0.1,2,1.33,0.0,20,6,25,481.4,0.3105806451612903,0.06,1.0,1.5,1.0,pml,,,800.0,none,235.10729854316267,0.28864463765482556,1667.7947108640906,7.093759833057266,2.2128160175601078e-07,0.12143764098522804,780.5742985487104,3.320076847403387,0.18949821121907287,True,False,gap position outside 0.2-0.8,5,38667,204000,35913387.04515589,219.64143872261047,a046,,,2026-08-23T20:53:30,harminv_tarama_rd0.110_dx+0.080_dy+0.100_s2_na1.3300_res20_nk6_simoto.json
harminv_tarama_rd0.110_dx+0.080_dy+0.100_s3_na1.3300_res20_nk6_simoto.json,legacy-campaign,harminv,sweep,harminv_tarama_rd0.110_dx+0.080_dy+0.100_s3_na1.3300_res20_nk6_simoto,0.11,0.08,0.1,3,1.33,0.0,20,6,25,481.4,0.3105806451612903,0.06,1.0,1.5,1.0,pml,,,800.0,none,729.0904095432845,0.28876927475855463,1667.0748659202316,2.2865132281256004,1.5344539359930777e-09,0.17836389155338372,780.5742985487104,1.070613861232486,0.1912628094709851,True,False,gap position outside 0.2-0.8,3,38667,204000,36414931.022330336,216.61631035804749,a083,,,2026-08-23T20:53:43,harminv_tarama_rd0.110_dx+0.080_dy+0.100_s3_na1.3300_res20_nk6_simoto.json
harminv_tarama_rd0.110_dx+0.080_dy+0.150_s1_na1.3300_res20_nk6_simoto.json,legacy-campaign,harminv,sweep,harminv_tarama_rd0.110_dx+0.080_dy+0.150_s1_na1.3300_res20_nk6_simoto,0.11,0.08,0.15,1,1.33,0.0,20,6,25,481.4,0.3105806451612903,0.06,1.0,1.5,1.0,pml,,,800.0,none,57.170059174277924,0.2985470516507704,1612.4761485272493,28.204906061261138,2.535935904011325e-05,0.07397439361307588,780.5742985487104,13.653550649111592,0.32969548718385966,True,True,,2,38667,204000,36074704.526913024,218.65925455093384,a046,,,2026-08-23T20:53:41,harminv_tarama_rd0.110_dx+0.080_dy+0.150_s1_na1.3300_res20_nk6_simoto.json
harminv_tarama_rd0.110_dx+0.080_dy+0.150_s2_na1.3300_res20_nk6_simoto.json,legacy-campaign,harminv,sweep,harminv_tarama_rd0.110_dx+0.080_dy+0.150_s2_na1.3300_res20_nk6_simoto,0.11,0.08,0.15,2,1.33,0.0,20,6,25,481.4,0.3105806451612903,0.06,1.0,1.5,1.0,pml,,,800.0,none,262.1272297463037,0.2890666716608923,1665.3597498252457,6.353249723186109,3.170793459944979e-08,0.13842498226375308,780.5742985487104,2.9778451452913863,0.19547332173649723,True,False,gap position outside 0.2-0.8,4,38667,204000,36057401.582954004,218.7641830444336,a083,,,2026-08-23T20:55:14,harminv_tarama_rd0.110_dx+0.080_dy+0.150_s2_na1.3300_res20_nk6_simoto.json
harminv_tarama_rd0.110_dx+0.080_dy+0.150_s3_na1.3300_res20_nk6_simoto.json,legacy-campaign,harminv,sweep,harminv_tarama_rd0.110_dx+0.080_dy+0.150_s3_na1.3300_res20_nk6_simoto,0.11,0.08,0.15,3,1.33,0.0,20,6,25,481.4,0.3105806451612903,0.06,1.0,1.5,1.0,pml,,,800.0,none,749.7795241882327,0.28930281711559264,1664.0003882425167,2.219319592708387,1.1446905182922862e-09,0.19924983923753,780.5742985487104,1.0410717729239385,0.19881664281901443,True,False,gap position outside 0.2-0.8,3,38667,204000,36525488.734054044,215.9606420993805,a085,,,2026-08-23T20:55:11,harminv_tarama_rd0.110_dx+0.080_dy+0.150_s3_na1.3300_res20_nk6_simoto.json
harminv_tarama_rd0.110_dx+0.080_dy-0.050_s1_na1.3300_res20_nk6_simoto.json,legacy-campaign,harminv,sweep,harminv_tarama_rd0.110_dx+0.080_dy-0.050_s1_na1.3300_res20_nk6_simoto,0.11,0.08,-0.05,1,1.33,0.0,20,6,25,481.4,0.3105806451612903,0.06,1.0,1.5,1.0,pml,,,800.0,none,55.7070353204473,0.29923305193744554,1608.7795010714135,28.87928772043107,2.1599156605689507e-06,0.07211265228241373,780.5742985487104,14.012131395227923,0.3394078029426538,True,True,,3,38667,204000,35196235.4535025,224.11680960655212,a046,,,2026-08-23T20:49:50,harminv_tarama_rd0.110_dx+0.080_dy-0.050_s1_na1.3300_res20_nk6_simoto.json
harminv_tarama_rd0.110_dx+0.080_dy-0.050_s2_na1.3300_res20_nk6_simoto.json,legacy-campaign,harminv,sweep,harminv_tarama_rd0.110_dx+0.080_dy-0.050_s2_na1.3300_res20_nk6_simoto,0.11,0.08,-0.05,2,1.33,0.0,20,6,25,481.4,0.3105806451612903,0.06,1.0,1.5,1.0,pml,,,800.0,none,186.6201771042117,0.28864283202558144,1667.8051438926261,8.936896158668294,9.6419378840375e-08,0.10676729763035533,780.5742985487104,4.182689731951252,0.18947264732106456,True,False,gap position outside 0.2-0.8,3,38667,204000,35915349.587901875,219.6294367313385,a083,,,2026-08-23T20:51:31,harminv_tarama_rd0.110_dx+0.080_dy-0.050_s2_na1.3300_res20_nk6_simoto.json
harminv_tarama_rd0.110_dx+0.080_dy-0.050_s3_na1.3300_res20_nk6_simoto.json,legacy-campaign,harminv,sweep,harminv_tarama_rd0.110_dx+0.080_dy-0.050_s3_na1.3300_res20_nk6_simoto,0.11,0.08,-0.05,3,1.33,0.0,20,6,25,481.4,0.3105806451612903,0.06,1.0,1.5,1.0,pml,,,800.0,none,643.8431562511488,0.2885292745484746,1668.4615478043008,2.591409928963307,2.0469759700261653e-09,0.17119450391188543,780.5742985487104,1.2123671595636654,0.18786491319054524,True,False,gap position outside 0.2-0.8,3,38667,204000,36544905.93113846,215.8458969593048,a085,,,2026-08-23T20:51:28,harminv_tarama_rd0.110_dx+0.080_dy-0.050_s3_na1.3300_res20_nk6_simoto.json
harminv_tarama_rd0.110_dx+0.080_dy-0.100_s1_na1.3300_res20_nk6_simoto.json,legacy-campaign,harminv,sweep,harminv_tarama_rd0.110_dx+0.080_dy-0.100_s1_na1.3300_res20_nk6_simoto,0.11,0.08,-0.1,1,1.33,0.0,20,6,25,481.4,0.3105806451612903,0.06,1.0,1.5,1.0,pml,,,800.0,none,55.481792757361305,0.2995427092994136,1607.116397945134,28.96655493764488,1.3654097946805739e-06,0.07341595161536639,780.5742985487104,14.06901723530093,0.34379189743195165,True,True,,2,38667,204000,36277893.44467917,217.43456554412842,a076,,,2026-08-23T20:49:44,harminv_tarama_rd0.110_dx+0.080_dy-0.100_s1_na1.3300_res20_nk6_simoto.json
harminv_tarama_rd0.110_dx+0.080_dy-0.100_s2_na1.3300_res20_nk6_simoto.json,legacy-campaign,harminv,sweep,harminv_tarama_rd0.110_dx+0.080_dy-0.100_s2_na1.3300_res20_nk6_simoto,0.11,0.08,-0.1,2,1.33,0.0,20,6,25,481.4,0.3105806451612903,0.06,1.0,1.5,1.0,pml,,,800.0,none,178.67228156881524,0.28900184727667755,1665.7332973347018,9.322841140824343,1.8896705216205278e-08,0.11262313139865453,780.5742985487104,4.368748704023651,0.1945555453148366,True,False,gap position outside 0.2-0.8,4,38667,204000,36205539.90298666,217.8690891265869,a046,,,2026-08-23T20:49:46,harminv_tarama_rd0.110_dx+0.080_dy-0.100_s2_na1.3300_res20_nk6_simoto.json
harminv_tarama_rd0.110_dx+0.080_dy-0.100_s3_na1.3300_res20_nk6_simoto.json,legacy-campaign,harminv,sweep,harminv_tarama_rd0.110_dx+0.080_dy-0.100_s3_na1.3300_res20_nk6_simoto,0.11,0.08,-0.1,3,1.33,0.0,20,6,25,481.4,0.3105806451612903,0.06,1.0,1.5,1.0,pml,,,800.0,none,631.6642360080682,0.28888218962293316,1666.4232593513395,2.6381472376568973,2.257819737482036e-09,0.18714072196165266,780.5742985487104,1.2357424309498823,0.1928614455619712,True,False,gap position outside 0.2-0.8,3,38667,204000,35542238.32722558,221.93503761291504,a083,,,2026-08-23T20:49:57,harminv_tarama_rd0.110_dx+0.080_dy-0.100_s3_na1.3300_res20_nk6_simoto.json
harminv_tarama_rd0.110_dx+0.080_dy-0.150_s1_na1.3300_res20_nk6_simoto.json,legacy-campaign,harminv,sweep,harminv_tarama_rd0.110_dx+0.080_dy-0.150_s1_na1.3300_res20_nk6_simoto,0.11,0.08,-0.15,1,1.33,0.0,20,6,25,481.4,0.3105806451612903,0.06,1.0,1.5,1.0,pml,,,800.0,none,55.39209635270704,0.2998880219338299,1605.2658485513655,28.980052286338776,6.505474895957452e-07,0.07415453812239599,780.5742985487104,14.09179919059993,0.34868079530283574,True,True,,2,38667,204000,36551068.54182877,215.80950474739075,a085,,,2026-08-23T20:49:43,harminv_tarama_rd0.110_dx+0.080_dy-0.150_s1_na1.3300_res20_nk6_simoto.json
harminv_tarama_rd0.110_dx+0.080_dy-0.150_s2_na1.3300_res20_nk6_simoto.json,legacy-campaign,harminv,sweep,harminv_tarama_rd0.110_dx+0.080_dy-0.150_s2_na1.3300_res20_nk6_simoto,0.11,0.08,-0.15,2,1.33,0.0,20,6,25,481.4,0.3105806451612903,0.06,1.0,1.5,1.0,pml,,,800.0,none,171.59744196702198,0.28955682761327617,1662.5406624600269,9.688609826593675,1.0080071172447599e-07,0.12106176577978231,780.5742985487104,4.548869083367356,0.20241289519305922,True,True,,3,38667,204000,36314190.32705971,217.21723461151123,a076,,,2026-08-23T20:49:42,harminv_tarama_rd0.110_dx+0.080_dy-0.150_s2_na1.3300_res20_nk6_simoto.json
harminv_tarama_rd0.110_dx+0.080_dy-0.150_s3_na1.3300_res20_nk6_simoto.json,legacy-campaign,harminv,sweep,harminv_tarama_rd0.110_dx+0.080_dy-0.150_s3_na1.3300_res20_nk6_simoto,0.11,0.08,-0.15,3,1.33,0.0,20,6,25,481.4,0.3105806451612903,0.06,1.0,1.5,1.0,pml,,,800.0,none,619.7637972074739,0.2894561746136409,1663.1187800452383,2.683471973579134,2.064754181768925e-09,0.21481272765404164,780.5742985487104,1.259470627464552,0.20098786121929035,True,True,,3,38667,204000,36379026.46262901,216.83010149002075,a046,,,2026-08-23T20:49:45,harminv_tarama_rd0.110_dx+0.080_dy-0.150_s3_na1.3300_res20_nk6_simoto.json
harminv_tarama_rd0.120_dx+0.000_dy+0.000_s1_na1.3300_res20_nk6_simoto.json,legacy-campaign,harminv,sweep,harminv_tarama_rd0.120_dx+0.000_dy+0.000_s1_na1.3300_res20_nk6_simoto,0.12,0.0,0.0,1,1.33,0.0,20,6,25,481.4,0.3105806451612903,0.06,1.0,1.5,1.0,pml,,,800.0,even,54.573737504477236,0.2983326548551842,1613.6349546906954,29.567975888737923,2.3992852176089202e-06,0.10017039756498879,780.5742985487104,14.303112343820542,0.3266600811980995,True,True,,3,38667,204000,35576341.68273264,110.86114573478699,a085,,,2026-08-23T20:57:22,harminv_tarama_rd0.120_dx+0.000_dy+0.000_s1_na1.3300_res20_nk6_simoto.json
harminv_tarama_rd0.120_dx+0.000_dy+0.000_s2_na1.3300_res20_nk6_simoto.json,legacy-campaign,harminv,sweep,harminv_tarama_rd0.120_dx+0.000_dy+0.000_s2_na1.3300_res20_nk6_simoto,0.12,0.0,0.0,2,1.33,0.0,20,6,25,481.4,0.3105806451612903,0.06,1.0,1.5,1.0,pml,,,800.0,even,103.58302856067371,0.28597423943624123,1683.3684074097503,16.251392055250808,1.3474955492253411e-06,0.04528205147782944,780.5742985487104,7.535735432677463,0.15169101025372664,True,False,gap position outside 0.2-0.8,3,38667,204000,35143903.5600097,112.22526812553406,a076,,,2026-08-23T20:57:22,harminv_tarama_rd0.120_dx+0.000_dy+0.000_s2_na1.3300_res20_nk6_simoto.json
harminv_tarama_rd0.120_dx+0.000_dy+0.000_s2_na1.3300_res20_nk8_simoto.json,legacy-campaign,harminv,sweep,harminv_tarama_rd0.120_dx+0.000_dy+0.000_s2_na1.3300_res20_nk8_simoto,0.12,0.0,0.0,2,1.33,0.0,20,8,25,481.4,0.3105806451612903,0.06,1.0,1.5,1.0,pml,,,1500.0,even,104.62268091533988,0.28596907274740185,1683.3988213306668,16.09019006780054,6.703349476075483e-08,0.04501057126277787,1463.576809778832,13.989096790237584,0.1516178608478005,True,False,gap position outside 0.2-0.8,3,66667,252000,38082277.2229068,220.57614755630493,a083,,,2026-08-23T22:31:43,harminv_tarama_rd0.120_dx+0.000_dy+0.000_s2_na1.3300_res20_nk8_simoto.json
harminv_tarama_rd0.120_dx+0.000_dy+0.000_s3_na1.3300_res20_nk6_simoto.json,legacy-campaign,harminv,sweep,harminv_tarama_rd0.120_dx+0.000_dy+0.000_s3_na1.3300_res20_nk6_simoto,0.12,0.0,0.0,3,1.33,0.0,20,6,25,481.4,0.3105806451612903,0.06,1.0,1.5,1.0,pml,,,800.0,even,229.8463543926836,0.28417107973068323,1694.0499380029664,7.370358091948449,3.846728871477356e-08,0.12000811255166594,780.5742985487104,3.3960699555631386,0.12616207569774637,True,False,gap position outside 0.2-0.8,3,38667,204000,35264475.8099928,111.84156036376953,a046,,,2026-08-23T20:57:17,harminv_tarama_rd0.120_dx+0.000_dy+0.000_s3_na1.3300_res20_nk6_simoto.json
harminv_tarama_rd0.120_dx+0.000_dy+0.000_s3_na1.3300_res20_nk8_simoto.json,legacy-campaign,harminv,sweep,harminv_tarama_rd0.120_dx+0.000_dy+0.000_s3_na1.3300_res20_nk8_simoto,0.12,0.0,0.0,3,1.33,0.0,20,8,25,481.4,0.3105806451612903,0.06,1.0,1.5,1.0,pml,,,1500.0,even,245.61001480552454,0.2843249231556283,1693.1333161268474,6.893584194714048,1.0403416758956207e-08,0.1329625265643693,1463.576809778832,5.958945977580355,0.12834017379697993,True,False,gap position outside 0.2-0.8,3,66667,252000,37785288.18496531,222.3098566532135,a083,,,2026-08-23T22:35:32,harminv_tarama_rd0.120_dx+0.000_dy+0.000_s3_na1.3300_res20_nk8_simoto.json
harminv_tarama_rd0.120_dx+0.000_dy+0.000_s4_na1.3300_res20_nk8_simoto.json,legacy-campaign,harminv,sweep,harminv_tarama_rd0.120_dx+0.000_dy+0.000_s4_na1.3300_res20_nk8_simoto,0.12,0.0,0.0,4,1.33,0.0,20,8,25,481.4,0.3105806451612903,0.06,1.0,1.5,1.0,pml,,,5810.392815528551,even,1410.4147347648723,0.284484157153726,1692.1856205154759,1.199778745077828,3.8048522183335494e-10,0.1253429664067321,5669.304120342082,4.019600746221076,0.13059459103134533,True,False,gap position outside 0.2-0.8,2,239083,252000,56685795.90469696,531.428685426712,a083,,,2026-08-23T22:38:36,harminv_tarama_rd0.120_dx+0.000_dy+0.000_s4_na1.3300_res20_nk8_simoto.json
harminv_tarama_rd0.120_dx+0.000_dy+0.050_s1_na1.3300_res20_nk6_simoto.json,legacy-campaign,harminv,sweep,harminv_tarama_rd0.120_dx+0.000_dy+0.050_s1_na1.3300_res20_nk6_simoto,0.12,0.0,0.05,1,1.33,0.0,20,6,25,481.4,0.3105806451612903,0.06,1.0,1.5,1.0,pml,,,800.0,even,54.720524657574636,0.29809582047044003,1614.9169728051818,29.512088615941998,1.9463579493458206e-06,0.09715821965623836,780.5742985487104,14.264744415981403,0.3233070063206481,True,True,,2,38667,204000,35369138.178164,111.51060509681702,a076,,,2026-08-23T20:58:54,harminv_tarama_rd0.120_dx+0.000_dy+0.050_s1_na1.3300_res20_nk6_simoto.json
harminv_tarama_rd0.120_dx+0.000_dy+0.050_s2_na1.3300_res20_nk6_simoto.json,legacy-campaign,harminv,sweep,harminv_tarama_rd0.120_dx+0.000_dy+0.050_s2_na1.3300_res20_nk6_simoto,0.12,0.0,0.05,2,1.33,0.0,20,6,25,481.4,0.3105806451612903,0.06,1.0,1.5,1.0,pml,,,800.0,even,105.53049716498117,0.28585133496248616,1684.0921875113047,15.958346001900077,1.1587543738902989e-07,0.04459403788287764,780.5742985487104,7.396670341923994,0.14995094238427553,True,False,gap position outside 0.2-0.8,4,38667,204000,35247799.326924965,111.89447498321533,a046,,,2026-08-23T20:57:29,harminv_tarama_rd0.120_dx+0.000_dy+0.050_s2_na1.3300_res20_nk6_simoto.json
harminv_tarama_rd0.120_dx+0.000_dy+0.050_s3_na1.3300_res20_nk6_simoto.json,legacy-campaign,harminv,sweep,harminv_tarama_rd0.120_dx+0.000_dy+0.050_s3_na1.3300_res20_nk6_simoto,0.12,0.0,0.05,3,1.33,0.0,20,6,25,481.4,0.3105806451612903,0.06,1.0,1.5,1.0,pml,,,800.0,even,270.11204445919253,0.28439244241299855,1692.7313395371611,6.266774748702079,1.2437173951814241e-08,0.11886084881170621,780.5742985487104,2.889816705921222,0.1292961039330408,True,False,gap position outside 0.2-0.8,3,38667,204000,35531608.34696852,111.00071692466736,a083,,,2026-08-23T20:58:59,harminv_tarama_rd0.120_dx+0.000_dy+0.050_s3_na1.3300_res20_nk6_simoto.json
harminv_tarama_rd0.120_dx+0.000_dy+0.100_s1_na1.3300_res20_nk6_simoto.json,legacy-campaign,harminv,sweep,harminv_tarama_rd0.120_dx+0.000_dy+0.100_s1_na1.3300_res20_nk6_simoto,0.12,0.0,0.1,1,1.33,0.0,20,6,25,481.4,0.3105806451612903,0.06,1.0,1.5,1.0,pml,,,800.0,even,54.841067705748436,0.3121573565140601,1542.1709274319692,28.1207312685183,1.9407763695146702e-05,0.11703480959905628,780.5742985487104,14.23338988833893,0.5223886696406743,True,True,,3,38667,204000,35148794.4502493,112.20965218544006,a046,,,2026-08-23T20:59:16,harminv_tarama_rd0.120_dx+0.000_dy+0.100_s1_na1.3300_res20_nk6_simoto.json
harminv_tarama_rd0.120_dx+0.000_dy+0.100_s2_na1.3300_res20_nk6_simoto.json,legacy-campaign,harminv,sweep,harminv_tarama_rd0.120_dx+0.000_dy+0.100_s2_na1.3300_res20_nk6_simoto,0.12,0.0,0.1,2,1.33,0.0,20,6,25,481.4,0.3105806451612903,0.06,1.0,1.5,1.0,pml,,,800.0,even,112.59643450054975,0.28584742535133595,1684.1152212874044,14.957091925314757,3.9604095087018055e-07,0.052452507542528955,780.5742985487104,6.932495704780948,0.14989559054445492,True,False,gap position outside 0.2-0.8,3,38667,204000,35403883.85388157,111.40116763114929,a083,,,2026-08-23T20:59:15,harminv_tarama_rd0.120_dx+0.000_dy+0.100_s2_na1.3300_res20_nk6_simoto.json
harminv_tarama_rd0.120_dx+0.000_dy+0.100_s3_na1.3300_res20_nk6_simoto.json,legacy-campaign,harminv,sweep,harminv_tarama_rd0.120_dx+0.000_dy+0.100_s3_na1.3300_res20_nk6_simoto,0.12,0.0,0.1,3,1.33,0.0,20,6,25,481.4,0.3105806451612903,0.06,1.0,1.5,1.0,pml,,,800.0,even,288.72091429908517,0.2848338912502511,1690.1078656298264,5.853777062644823,5.143481164233781e-08,0.1407498529556795,780.5742985487104,2.7035599428038517,0.13554608747099184,True,False,gap position outside 0.2-0.8,3,38667,204000,35566177.237355575,110.89282870292664,a085,,,2026-08-23T20:59:06,harminv_tarama_rd0.120_dx+0.000_dy+0.100_s3_na1.3300_res20_nk6_simoto.json
harminv_tarama_rd0.120_dx+0.000_dy+0.150_s1_na1.3300_res20_nk6_simoto.json,legacy-campaign,harminv,sweep,harminv_tarama_rd0.120_dx+0.000_dy+0.150_s1_na1.3300_res20_nk6_simoto,0.12,0.0,0.15,1,1.33,0.0,20,6,25,481.4,0.3105806451612903,0.06,1.0,1.5,1.0,pml,,,800.0,even,54.68604364748565,0.2977853379851169,1616.6007475628635,29.56148661957906,2.297657747221404e-06,0.09860944114132726,780.5742985487104,14.273738718061379,0.3189112298266636,True,True,,2,38667,204000,35334928.05058985,111.61856603622437,a083,,,2026-08-23T21:00:57,harminv_tarama_rd0.120_dx+0.000_dy+0.150_s1_na1.3300_res20_nk6_simoto.json
harminv_tarama_rd0.120_dx+0.000_dy+0.150_s2_na1.3300_res20_nk6_simoto.json,legacy-campaign,harminv,sweep,harminv_tarama_rd0.120_dx+0.000_dy+0.150_s2_na1.3300_res20_nk6_simoto,0.12,0.0,0.15,2,1.33,0.0,20,6,25,481.4,0.3105806451612903,0.06,1.0,1.5,1.0,pml,,,800.0,even,132.11374072012507,0.2860181806661913,1683.1097900095963,12.739854165322305,6.146287289089974e-08,0.07325538494159184,780.5742985487104,5.908350594676671,0.15231312530002364,True,False,gap position outside 0.2-0.8,3,38667,204000,35589375.22879745,110.82054615020752,a085,,,2026-08-23T20:59:24,harminv_tarama_rd0.120_dx+0.000_dy+0.150_s2_na1.3300_res20_nk6_simoto.json
harminv_tarama_rd0.120_dx+0.000_dy+0.150_s3_na1.3300_res20_nk6_simoto.json,legacy-campaign,harminv,sweep,harminv_tarama_rd0.120_dx+0.000_dy+0.150_s3_na1.3300_res20_nk6_simoto,0.12,0.0,0.15,3,1.33,0.0,20,6,25,481.4,0.3105806451612903,0.06,1.0,1.5,1.0,pml,,,800.0,even,388.47718299170106,0.2854951146352968,1686.1934769530474,4.340521273263735,1.3191551778851747e-08,0.14581138621434053,780.5742985487104,2.009318263012079,0.14490761461231172,True,False,gap position outside 0.2-0.8,4,38667,204000,35408758.398998305,111.38583159446716,a076,,,2026-08-23T20:59:22,harminv_tarama_rd0.120_dx+0.000_dy+0.150_s3_na1.3300_res20_nk6_simoto.json
harminv_tarama_rd0.120_dx+0.000_dy-0.050_s1_na1.3300_res20_nk6_simoto.json,legacy-campaign,harminv,sweep,harminv_tarama_rd0.120_dx+0.000_dy-0.050_s1_na1.3300_res20_nk6_simoto,0.12,0.0,-0.05,1,1.33,0.0,20,6,25,481.4,0.3105806451612903,0.06,1.0,1.5,1.0,pml,,,800.0,even,54.418103957858186,0.2986099646291336,1612.1364221649042,29.62500169820976,1.833282770344385e-06,0.10454413302560549,780.5742985487104,14.344018658812395,0.33058620213406914,True,True,,3,38667,204000,35105655.14011142,112.34754014015198,a083,,,2026-08-23T20:57:16,harminv_tarama_rd0.120_dx+0.000_dy-0.050_s1_na1.3300_res20_nk6_simoto.json
harminv_tarama_rd0.120_dx+0.000_dy-0.050_s2_na1.3300_res20_nk6_simoto.json,legacy-campaign,harminv,sweep,harminv_tarama_rd0.120_dx+0.000_dy-0.050_s2_na1.3300_res20_nk6_simoto,0.12,0.0,-0.05,2,1.33,0.0,20,6,25,481.4,0.3105806451612903,0.06,1.0,1.5,1.0,pml,,,800.0,even,105.84343969581987,0.28619321265756403,1682.080422277536,15.89215568873814,1.2005820132301105e-06,0.05072062722999358,780.5742985487104,7.374800939878544,0.1547912087660554,True,False,gap position outside 0.2-0.8,3,38667,204000,35566903.611838415,110.89056396484375,a085,,,2026-08-23T20:55:43,harminv_tarama_rd0.120_dx+0.000_dy-0.050_s2_na1.3300_res20_nk6_simoto.json
harminv_tarama_rd0.120_dx+0.000_dy-0.050_s3_na1.3300_res20_nk6_simoto.json,legacy-campaign,harminv,sweep,harminv_tarama_rd0.120_dx+0.000_dy-0.050_s3_na1.3300_res20_nk6_simoto,0.12,0.0,-0.05,3,1.33,0.0,20,6,25,481.4,0.3105806451612903,0.06,1.0,1.5,1.0,pml,,,800.0,even,172.58961341580587,0.28425823981638454,1693.530503499066,9.812470576772098,1.0744364660995815e-07,0.14579813225038052,780.5742985487104,4.522718853701453,0.12739607849677953,True,False,gap position outside 0.2-0.8,3,38667,204000,35346887.24106324,111.58080124855042,a076,,,2026-08-23T20:55:30,harminv_tarama_rd0.120_dx+0.000_dy-0.050_s3_na1.3300_res20_nk6_simoto.json
harminv_tarama_rd0.120_dx+0.000_dy-0.100_s1_na1.3300_res20_nk6_simoto.json,legacy-campaign,harminv,sweep,harminv_tarama_rd0.120_dx+0.000_dy-0.100_s1_na1.3300_res20_nk6_simoto,0.12,0.0,-0.1,1,1.33,0.0,20,6,25,481.4,0.3105806451612903,0.06,1.0,1.5,1.0,pml,,,800.0,even,54.59643959063677,0.29892921333287803,1610.4147019713603,29.496698210473504,1.5245747093187089e-06,0.10836990248761542,780.5742985487104,14.297164877443365,0.3351060897734457,True,True,,2,38667,204000,35041049.20136643,112.55467772483826,a046,,,2026-08-23T20:55:30,harminv_tarama_rd0.120_dx+0.000_dy-0.100_s1_na1.3300_res20_nk6_simoto.json
harminv_tarama_rd0.120_dx+0.000_dy-0.100_s2_na1.3300_res20_nk6_simoto.json,legacy-campaign,harminv,sweep,harminv_tarama_rd0.120_dx+0.000_dy-0.100_s2_na1.3300_res20_nk6_simoto,0.12,0.0,-0.1,2,1.33,0.0,20,6,25,481.4,0.3105806451612903,0.06,1.0,1.5,1.0,pml,,,800.0,even,111.35122387706582,0.2865385637662622,1680.0530918857119,15.08787270933391,8.550075838111696e-07,0.06175613455801627,780.5742985487104,7.010019929466438,0.1596806513515429,True,False,gap position outside 0.2-0.8,4,38667,204000,35285917.064439796,111.7736005783081,a083,,,2026-08-23T20:55:29,harminv_tarama_rd0.120_dx+0.000_dy-0.100_s2_na1.3300_res20_nk6_simoto.json
harminv_tarama_rd0.120_dx+0.000_dy-0.100_s3_na1.3300_res20_nk6_simoto.json,legacy-campaign,harminv,sweep,harminv_tarama_rd0.120_dx+0.000_dy-0.100_s3_na1.3300_res20_nk6_simoto,0.12,0.0,-0.1,3,1.33,0.0,20,6,25,481.4,0.3105806451612903,0.06,1.0,1.5,1.0,pml,,,800.0,even,178.56338245889756,0.28517818396342454,1688.0674156398368,9.453603490225118,3.645880342004344e-08,0.1312841144768983,780.5742985487104,4.371413040007719,0.14042054541035973,True,False,gap position outside 0.2-0.8,3,38667,204000,35396772.53606434,111.42354846000671,a085,,,2026-08-23T20:55:23,harminv_tarama_rd0.120_dx+0.000_dy-0.100_s3_na1.3300_res20_nk6_simoto.json
harminv_tarama_rd0.120_dx+0.000_dy-0.150_s1_na1.3300_res20_nk6_simoto.json,legacy-campaign,harminv,sweep,harminv_tarama_rd0.120_dx+0.000_dy-0.150_s1_na1.3300_res20_nk6_simoto,0.12,0.0,-0.15,1,1.33,0.0,20,6,25,481.4,0.3105806451612903,0.06,1.0,1.5,1.0,pml,,,800.0,even,54.347343299455076,0.2992992188502135,1608.4238437017777,29.59526162740516,1.3500715055309502e-06,0.1139540307901922,780.5742985487104,14.36269468127869,0.340344586734249,True,True,,3,38667,204000,35335547.94441406,111.6166079044342,a076,,,2026-08-23T20:55:24,harminv_tarama_rd0.120_dx+0.000_dy-0.150_s1_na1.3300_res20_nk6_simoto.json
harminv_tarama_rd0.120_dx+0.000_dy-0.150_s2_na1.3300_res20_nk6_simoto.json,legacy-campaign,harminv,sweep,harminv_tarama_rd0.120_dx+0.000_dy-0.150_s2_na1.3300_res20_nk6_simoto,0.12,0.0,-0.15,2,1.33,0.0,20,6,25,481.4,0.3105806451612903,0.06,1.0,1.5,1.0,pml,,,800.0,even,118.5925470772553,0.2869590057063751,1677.5915389551587,14.145842890635592,5.199828145970151e-07,0.08411865766118892,780.5742985487104,6.5819844314518114,0.16563322157627003,True,False,gap position outside 0.2-0.8,3,38667,204000,35217084.2181333,111.9920654296875,a046,,,2026-08-23T20:53:45,harminv_tarama_rd0.120_dx+0.000_dy-0.150_s2_na1.3300_res20_nk6_simoto.json
harminv_tarama_rd0.120_dx+0.000_dy-0.150_s3_na1.3300_res20_nk6_simoto.json,legacy-campaign,harminv,sweep,harminv_tarama_rd0.120_dx+0.000_dy-0.150_s3_na1.3300_res20_nk6_simoto,0.12,0.0,-0.15,3,1.33,0.0,20,6,25,481.4,0.3105806451612903,0.06,1.0,1.5,1.0,pml,,,800.0,even,245.14879862299006,0.2858633779950561,1684.0212390141335,6.869384016863814,9.478357216340536e-09,0.1432544420154582,780.5742985487104,3.1840837194929175,0.15012144629992233,True,False,gap position outside 0.2-0.8,3,38667,204000,35220460.13654669,111.98133087158203,a083,,,2026-08-23T20:55:17,harminv_tarama_rd0.120_dx+0.000_dy-0.150_s3_na1.3300_res20_nk6_simoto.json
harminv_tarama_rd0.120_dx+0.040_dy+0.000_s1_na1.3300_res20_nk6_simoto.json,legacy-campaign,harminv,sweep,harminv_tarama_rd0.120_dx+0.040_dy+0.000_s1_na1.3300_res20_nk6_simoto,0.12,0.04,0.0,1,1.33,0.0,20,6,25,481.4,0.3105806451612903,0.06,1.0,1.5,1.0,pml,,,800.0,none,54.7055240227824,0.29833174968419746,1613.6398506347098,29.496835638804978,1.6528421999736872e-06,0.0495117108091307,780.5742985487104,14.268655908014631,0.32664726588794657,True,True,,2,38667,204000,35938632.835278355,219.4871473312378,a083,,,2026-08-23T20:57:28,harminv_tarama_rd0.120_dx+0.040_dy+0.000_s1_na1.3300_res20_nk6_simoto.json
harminv_tarama_rd0.120_dx+0.040_dy+0.000_s2_na1.3300_res20_nk6_simoto.json,legacy-campaign,harminv,sweep,harminv_tarama_rd0.120_dx+0.040_dy+0.000_s2_na1.3300_res20_nk6_simoto,0.12,0.04,0.0,2,1.33,0.0,20,6,25,481.4,0.3105806451612903,0.06,1.0,1.5,1.0,pml,,,800.0,none,104.2898838276991,0.2859902992691223,1683.2738775765029,16.140337066224923,2.647150262849832e-06,0.02330829571146052,780.5742985487104,7.484659776190028,0.15191838358141174,True,False,gap position outside 0.2-0.8,3,38667,204000,36222684.69858039,217.76596808433533,a085,,,2026-08-23T20:57:40,harminv_tarama_rd0.120_dx+0.040_dy+0.000_s2_na1.3300_res20_nk6_simoto.json
harminv_tarama_rd0.120_dx+0.040_dy+0.000_s3_na1.3300_res20_nk6_simoto.json,legacy-campaign,harminv,sweep,harminv_tarama_rd0.120_dx+0.040_dy+0.000_s3_na1.3300_res20_nk6_simoto,0.12,0.04,0.0,3,1.33,0.0,20,6,25,481.4,0.3105806451612903,0.06,1.0,1.5,1.0,pml,,,800.0,none,232.30540137409918,0.28434698742153,1693.0019352951642,7.2878285450143006,1.5017238257959653e-08,0.05960660974545382,780.5742985487104,3.36012117639784,0.12865255721953173,True,False,gap position outside 0.2-0.8,3,38667,204000,35993483.57976087,219.15266919136047,a076,,,2026-08-23T20:57:29,harminv_tarama_rd0.120_dx+0.040_dy+0.000_s3_na1.3300_res20_nk6_simoto.json
harminv_tarama_rd0.120_dx+0.040_dy+0.050_s1_na1.3300_res20_nk6_simoto.json,legacy-campaign,harminv,sweep,harminv_tarama_rd0.120_dx+0.040_dy+0.050_s1_na1.3300_res20_nk6_simoto,0.12,0.04,0.05,1,1.33,0.0,20,6,25,481.4,0.3105806451612903,0.06,1.0,1.5,1.0,pml,,,800.0,none,54.65795067071837,0.29810112705423863,1614.8882252042297,29.545348945352348,1.849354937138234e-06,0.04847139086167187,780.5742985487104,14.281075103807058,0.32338213634384727,True,True,,3,38667,204000,36212423.245549195,217.82767605781555,a085,,,2026-08-23T20:58:54,harminv_tarama_rd0.120_dx+0.040_dy+0.050_s1_na1.3300_res20_nk6_simoto.json
harminv_tarama_rd0.120_dx+0.040_dy+0.050_s2_na1.3300_res20_nk6_simoto.json,legacy-campaign,harminv,sweep,harminv_tarama_rd0.120_dx+0.040_dy+0.050_s2_na1.3300_res20_nk6_simoto,0.12,0.04,0.05,2,1.33,0.0,20,6,25,481.4,0.3105806451612903,0.06,1.0,1.5,1.0,pml,,,800.0,none,106.3256768130774,0.2858741719810141,1683.9576540407834,15.83773275199756,1.1982467558140826e-06,0.0230668233743188,780.5742985487104,7.341352737598607,0.15027426635256122,True,False,gap position outside 0.2-0.8,4,38667,204000,36507569.88734016,216.06664109230042,a076,,,2026-08-23T20:59:11,harminv_tarama_rd0.120_dx+0.040_dy+0.050_s2_na1.3300_res20_nk6_simoto.json
harminv_tarama_rd0.120_dx+0.040_dy+0.050_s3_na1.3300_res20_nk6_simoto.json,legacy-campaign,harminv,sweep,harminv_tarama_rd0.120_dx+0.040_dy+0.050_s3_na1.3300_res20_nk6_simoto,0.12,0.04,0.05,3,1.33,0.0,20,6,25,481.4,0.3105806451612903,0.06,1.0,1.5,1.0,pml,,,800.0,none,247.53158793835695,0.284457241837269,1692.3457349537161,6.836887966699275,1.710262589246051e-08,0.06843422468752473,780.5742985487104,3.153433083227736,0.13021352697458652,True,False,gap position outside 0.2-0.8,3,38667,204000,36161860.19478878,218.13225197792053,a046,,,2026-08-23T20:59:07,harminv_tarama_rd0.120_dx+0.040_dy+0.050_s3_na1.3300_res20_nk6_simoto.json
harminv_tarama_rd0.120_dx+0.040_dy+0.100_s1_na1.3300_res20_nk6_simoto.json,legacy-campaign,harminv,sweep,harminv_tarama_rd0.120_dx+0.040_dy+0.100_s1_na1.3300_res20_nk6_simoto,0.12,0.04,0.1,1,1.33,0.0,20,6,25,481.4,0.3105806451612903,0.06,1.0,1.5,1.0,pml,,,800.0,none,54.61340358214261,0.2979405380927812,1615.758644599373,29.585386345114934,4.06629654641411e-06,0.04852862328186976,780.5742985487104,14.292723898349767,0.3211085356889397,True,True,,2,38667,204000,36289326.50046088,217.36606216430664,a076,,,2026-08-23T20:59:12,harminv_tarama_rd0.120_dx+0.040_dy+0.100_s1_na1.3300_res20_nk6_simoto.json
harminv_tarama_rd0.120_dx+0.040_dy+0.100_s2_na1.3300_res20_nk6_simoto.json,legacy-campaign,harminv,sweep,harminv_tarama_rd0.120_dx+0.040_dy+0.100_s2_na1.3300_res20_nk6_simoto,0.12,0.04,0.1,2,1.33,0.0,20,6,25,481.4,0.3105806451612903,0.06,1.0,1.5,1.0,pml,,,800.0,none,114.26282568556294,0.2858761553257862,1683.9459711195348,14.737478799566398,1.8318150124679024e-07,0.02672882264750454,780.5742985487104,6.831393271305521,0.1503023463272481,True,False,gap position outside 0.2-0.8,3,38667,204000,36013563.058957025,219.0304799079895,a046,,,2026-08-23T20:59:28,harminv_tarama_rd0.120_dx+0.040_dy+0.100_s2_na1.3300_res20_nk6_simoto.json
harminv_tarama_rd0.120_dx+0.040_dy+0.100_s3_na1.3300_res20_nk6_simoto.json,legacy-campaign,harminv,sweep,harminv_tarama_rd0.120_dx+0.040_dy+0.100_s3_na1.3300_res20_nk6_simoto,0.12,0.04,0.1,3,1.33,0.0,20,6,25,481.4,0.3105806451612903,0.06,1.0,1.5,1.0,pml,,,800.0,none,311.0110230699205,0.2849148145446467,1689.6278305828976,5.43269435888464,4.334333534074259e-09,0.06452051923987431,780.5742985487104,2.5097962472321256,0.1366917904724016,True,False,gap position outside 0.2-0.8,3,38667,204000,36440047.67423369,216.4670054912567,a083,,,2026-08-23T21:00:57,harminv_tarama_rd0.120_dx+0.040_dy+0.100_s3_na1.3300_res20_nk6_simoto.json
harminv_tarama_rd0.120_dx+0.040_dy+0.150_s1_na1.3300_res20_nk6_simoto.json,legacy-campaign,harminv,sweep,harminv_tarama_rd0.120_dx+0.040_dy+0.150_s1_na1.3300_res20_nk6_simoto,0.12,0.04,0.15,1,1.33,0.0,20,6,25,481.4,0.3105806451612903,0.06,1.0,1.5,1.0,pml,,,800.0,none,55.33381876468802,0.2977801516678548,1616.6289032485802,29.215928691338622,2.0748358651148572e-06,0.047973173341062485,780.5742985487104,14.10664067607862,0.31883780252371174,True,True,,2,38667,204000,36137428.89027942,218.27972388267517,a046,,,2026-08-23T21:00:55,harminv_tarama_rd0.120_dx+0.040_dy+0.150_s1_na1.3300_res20_nk6_simoto.json
harminv_tarama_rd0.120_dx+0.040_dy+0.150_s2_na1.3300_res20_nk6_simoto.json,legacy-campaign,harminv,sweep,harminv_tarama_rd0.120_dx+0.040_dy+0.150_s2_na1.3300_res20_nk6_simoto,0.12,0.04,0.15,2,1.33,0.0,20,6,25,481.4,0.3105806451612903,0.06,1.0,1.5,1.0,pml,,,800.0,none,133.85783949122577,0.2860484892418554,1682.9314542996028,12.572528144008457,1.0830775981181542e-06,0.03772463073324309,780.5742985487104,5.83136782661038,0.1527422307432237,True,False,gap position outside 0.2-0.8,3,38667,204000,36096628.80276863,218.5264458656311,a083,,,2026-08-23T21:01:06,harminv_tarama_rd0.120_dx+0.040_dy+0.150_s2_na1.3300_res20_nk6_simoto.json
harminv_tarama_rd0.120_dx+0.040_dy+0.150_s3_na1.3300_res20_nk6_simoto.json,legacy-campaign,harminv,sweep,harminv_tarama_rd0.120_dx+0.040_dy+0.150_s3_na1.3300_res20_nk6_simoto,0.12,0.04,0.15,3,1.33,0.0,20,6,25,481.4,0.3105806451612903,0.06,1.0,1.5,1.0,pml,,,800.0,none,398.3444744427949,0.2855598437519043,1685.8112599971953,4.23204379163364,2.000871929126855e-09,0.07241672299869652,780.5742985487104,1.9595459423419377,0.14582404224578502,True,False,gap position outside 0.2-0.8,3,38667,204000,36464250.9214521,216.32332491874695,a085,,,2026-08-23T21:00:57,harminv_tarama_rd0.120_dx+0.040_dy+0.150_s3_na1.3300_res20_nk6_simoto.json
harminv_tarama_rd0.120_dx+0.040_dy-0.050_s1_na1.3300_res20_nk6_simoto.json,legacy-campaign,harminv,sweep,harminv_tarama_rd0.120_dx+0.040_dy-0.050_s1_na1.3300_res20_nk6_simoto,0.12,0.04,-0.05,1,1.33,0.0,20,6,25,481.4,0.3105806451612903,0.06,1.0,1.5,1.0,pml,,,800.0,none,54.557747143660876,0.2986176698798043,1612.0948241065803,29.548412617948273,1.886832231175177e-06,0.05162317614812642,780.5742985487104,14.307304451067427,0.33069529221605365,True,True,,3,38667,204000,36191190.505647644,217.9554717540741,a046,,,2026-08-23T20:57:13,harminv_tarama_rd0.120_dx+0.040_dy-0.050_s1_na1.3300_res20_nk6_simoto.json
harminv_tarama_rd0.120_dx+0.040_dy-0.050_s2_na1.3300_res20_nk6_simoto.json,legacy-campaign,harminv,sweep,harminv_tarama_rd0.120_dx+0.040_dy-0.050_s2_na1.3300_res20_nk6_simoto,0.12,0.04,-0.05,2,1.33,0.0,20,6,25,481.4,0.3105806451612903,0.06,1.0,1.5,1.0,pml,,,800.0,none,106.77823981800881,0.28620033822701296,1682.038543288357,15.75263411492077,3.8708895761437855e-06,0.025795901445105143,780.5742985487104,7.31023755288633,0.15489209178577631,True,False,gap position outside 0.2-0.8,3,38667,204000,35927249.31698987,219.55669164657593,a083,,,2026-08-23T20:57:19,harminv_tarama_rd0.120_dx+0.040_dy-0.050_s2_na1.3300_res20_nk6_simoto.json
harminv_tarama_rd0.120_dx+0.040_dy-0.050_s3_na1.3300_res20_nk6_simoto.json,legacy-campaign,harminv,sweep,harminv_tarama_rd0.120_dx+0.040_dy-0.050_s3_na1.3300_res20_nk6_simoto,0.12,0.04,-0.05,3,1.33,0.0,20,6,25,481.4,0.3105806451612903,0.06,1.0,1.5,1.0,pml,,,800.0,none,154.75352900786066,0.28437382975493236,1692.8421311302127,10.938956558749787,6.268581749858771e-07,0.10384635475264352,780.5742985487104,5.0439838338617875,0.129032587990321,True,False,gap position outside 0.2-0.8,3,38667,204000,36528492.33845495,215.94288444519043,a085,,,2026-08-23T20:57:14,harminv_tarama_rd0.120_dx+0.040_dy-0.050_s3_na1.3300_res20_nk6_simoto.json
harminv_tarama_rd0.120_dx+0.040_dy-0.100_s1_na1.3300_res20_nk6_simoto.json,legacy-campaign,harminv,sweep,harminv_tarama_rd0.120_dx+0.040_dy-0.100_s1_na1.3300_res20_nk6_simoto,0.12,0.04,-0.1,1,1.33,0.0,20,6,25,481.4,0.3105806451612903,0.06,1.0,1.5,1.0,pml,,,800.0,none,54.555774023542895,0.2989366292430589,1610.3747513944973,29.517952594707193,1.5335171700454495e-06,0.05383422919621884,780.5742985487104,14.307821903724854,0.3352110834049567,True,True,,2,38667,204000,36173118.53769341,218.06436157226562,a076,,,2026-08-23T20:55:27,harminv_tarama_rd0.120_dx+0.040_dy-0.100_s1_na1.3300_res20_nk6_simoto.json
harminv_tarama_rd0.120_dx+0.040_dy-0.100_s2_na1.3300_res20_nk6_simoto.json,legacy-campaign,harminv,sweep,harminv_tarama_rd0.120_dx+0.040_dy-0.100_s2_na1.3300_res20_nk6_simoto,0.12,0.04,-0.1,2,1.33,0.0,20,6,25,481.4,0.3105806451612903,0.06,1.0,1.5,1.0,pml,,,800.0,none,112.02472736909937,0.2865587113647517,1679.9349693726144,14.996108527339327,1.1960061444266256e-06,0.03145753524596609,780.5742985487104,6.967875011887975,0.15996589881005333,True,False,gap position outside 0.2-0.8,3,38667,204000,35636556.33198892,221.34765005111694,a046,,,2026-08-23T20:55:44,harminv_tarama_rd0.120_dx+0.040_dy-0.100_s2_na1.3300_res20_nk6_simoto.json
harminv_tarama_rd0.120_dx+0.040_dy-0.100_s3_na1.3300_res20_nk6_simoto.json,legacy-campaign,harminv,sweep,harminv_tarama_rd0.120_dx+0.040_dy-0.100_s3_na1.3300_res20_nk6_simoto,0.12,0.04,-0.1,3,1.33,0.0,20,6,25,481.4,0.3105806451612903,0.06,1.0,1.5,1.0,pml,,,800.0,none,190.51564604089126,0.285157593594742,1688.1893058901044,8.861158340390377,2.051340539124365e-08,0.0670332354055442,780.5742985487104,4.097166373312836,0.14012902926070353,True,False,gap position outside 0.2-0.8,3,38667,204000,36445615.8231729,216.4339337348938,a083,,,2026-08-23T20:57:13,harminv_tarama_rd0.120_dx+0.040_dy-0.100_s3_na1.3300_res20_nk6_simoto.json
harminv_tarama_rd0.120_dx+0.040_dy-0.150_s1_na1.3300_res20_nk6_simoto.json,legacy-campaign,harminv,sweep,harminv_tarama_rd0.120_dx+0.040_dy-0.150_s1_na1.3300_res20_nk6_simoto,0.12,0.04,-0.15,1,1.33,0.0,20,6,25,481.4,0.3105806451612903,0.06,1.0,1.5,1.0,pml,,,800.0,none,54.55460892587755,0.29931596762482615,1608.3338413919994,29.481172591251017,2.283030583433251e-06,0.05589492213988906,780.5742985487104,14.308127469289788,0.3405817140223431,True,True,,2,38667,204000,36075343.96191206,218.65537881851196,a085,,,2026-08-23T20:55:16,harminv_tarama_rd0.120_dx+0.040_dy-0.150_s1_na1.3300_res20_nk6_simoto.json
harminv_tarama_rd0.120_dx+0.040_dy-0.150_s2_na1.3300_res20_nk6_simoto.json,legacy-campaign,harminv,sweep,harminv_tarama_rd0.120_dx+0.040_dy-0.150_s2_na1.3300_res20_nk6_simoto,0.12,0.04,-0.15,2,1.33,0.0,20,6,25,481.4,0.3105806451612903,0.06,1.0,1.5,1.0,pml,,,800.0,none,120.42855756767636,0.28705796032680625,1677.0132395978205,13.925378444023973,1.0728353415118331e-06,0.04029436442603326,780.5742985487104,6.481637863262264,0.1670342100861683,True,False,gap position outside 0.2-0.8,4,38667,204000,36116289.89160506,218.40748381614685,a076,,,2026-08-23T20:55:26,harminv_tarama_rd0.120_dx+0.040_dy-0.150_s2_na1.3300_res20_nk6_simoto.json
harminv_tarama_rd0.120_dx+0.040_dy-0.150_s3_na1.3300_res20_nk6_simoto.json,legacy-campaign,harminv,sweep,harminv_tarama_rd0.120_dx+0.040_dy-0.150_s3_na1.3300_res20_nk6_simoto,0.12,0.04,-0.15,3,1.33,0.0,20,6,25,481.4,0.3105806451612903,0.06,1.0,1.5,1.0,pml,,,800.0,none,253.4187094185906,0.2859189243759843,1683.6940788394875,6.643921763717944,8.261569795492599e-10,0.07145896453321686,780.5742985487104,3.0801762835094295,0.15090786578299226,True,False,gap position outside 0.2-0.8,3,38667,204000,36321497.16326472,217.17353677749634,a046,,,2026-08-23T20:55:23,harminv_tarama_rd0.120_dx+0.040_dy-0.150_s3_na1.3300_res20_nk6_simoto.json
harminv_tarama_rd0.120_dx+0.080_dy+0.000_s1_na1.3300_res20_nk6_simoto.json,legacy-campaign,harminv,sweep,harminv_tarama_rd0.120_dx+0.080_dy+0.000_s1_na1.3300_res20_nk6_simoto,0.12,0.08,0.0,1,1.33,0.0,20,6,25,481.4,0.3105806451612903,0.06,1.0,1.5,1.0,pml,,,800.0,none,54.76948147791882,0.29835104250039446,1613.5355049056466,29.460485317104357,1.5788152036030767e-06,0.04963245352760523,780.5742985487104,14.251993582656269,0.3269204114338323,True,True,,2,38667,204000,36127934.93001216,218.33708500862122,a046,,,2026-08-23T20:57:27,harminv_tarama_rd0.120_dx+0.080_dy+0.000_s1_na1.3300_res20_nk6_simoto.json
harminv_tarama_rd0.120_dx+0.080_dy+0.000_s2_na1.3300_res20_nk6_simoto.json,legacy-campaign,harminv,sweep,harminv_tarama_rd0.120_dx+0.080_dy+0.000_s2_na1.3300_res20_nk6_simoto,0.12,0.08,0.0,2,1.33,0.0,20,6,25,481.4,0.3105806451612903,0.06,1.0,1.5,1.0,pml,,,800.0,none,108.77503526453312,0.2860803280903688,1682.74415515887,15.469948146342185,1.354145564454352e-06,0.02524014750844765,780.5742985487104,7.17604270732167,0.1531930016192209,True,False,gap position outside 0.2-0.8,3,38667,204000,35745586.88008105,220.67249941825867,a083,,,2026-08-23T20:57:33,harminv_tarama_rd0.120_dx+0.080_dy+0.000_s2_na1.3300_res20_nk6_simoto.json
harminv_tarama_rd0.120_dx+0.080_dy+0.000_s3_na1.3300_res20_nk6_simoto.json,legacy-campaign,harminv,sweep,harminv_tarama_rd0.120_dx+0.080_dy+0.000_s3_na1.3300_res20_nk6_simoto,0.12,0.08,0.0,3,1.33,0.0,20,6,25,481.4,0.3105806451612903,0.06,1.0,1.5,1.0,pml,,,800.0,none,233.42164051361365,0.28468310261004925,1691.0030682762647,7.244414290617762,1.1291201262102904e-08,0.06263908930724445,780.5742985487104,3.3440528343094464,0.1334112386743862,True,False,gap position outside 0.2-0.8,3,38667,204000,36536741.372256756,215.89413022994995,a085,,,2026-08-23T20:58:52,harminv_tarama_rd0.120_dx+0.080_dy+0.000_s3_na1.3300_res20_nk6_simoto.json
harminv_tarama_rd0.120_dx+0.080_dy+0.050_s1_na1.3300_res20_nk6_simoto.json,legacy-campaign,harminv,sweep,harminv_tarama_rd0.120_dx+0.080_dy+0.050_s1_na1.3300_res20_nk6_simoto,0.12,0.08,0.05,1,1.33,0.0,20,6,25,481.4,0.3105806451612903,0.06,1.0,1.5,1.0,pml,,,800.0,none,54.63761530586856,0.29812191455834747,1614.7756219571102,29.554284404935753,1.960271804814748e-06,0.04882964784579987,780.5742985487104,14.286390322472034,0.323676443514943,True,True,,2,38667,204000,35707924.154258855,220.90525245666504,a083,,,2026-08-23T20:59:05,harminv_tarama_rd0.120_dx+0.080_dy+0.050_s1_na1.3300_res20_nk6_simoto.json
harminv_tarama_rd0.120_dx+0.080_dy+0.050_s2_na1.3300_res20_nk6_simoto.json,legacy-campaign,harminv,sweep,harminv_tarama_rd0.120_dx+0.080_dy+0.050_s2_na1.3300_res20_nk6_simoto,0.12,0.08,0.05,2,1.33,0.0,20,6,25,481.4,0.3105806451612903,0.06,1.0,1.5,1.0,pml,,,800.0,none,111.36930175575765,0.2859657441999674,1683.418415540608,15.115641285356066,2.2703526917743635e-07,0.025278277539943488,780.5742985487104,7.008882036995942,0.15157073564343906,True,False,gap position outside 0.2-0.8,3,38667,204000,36271833.97123865,217.47088956832886,a085,,,2026-08-23T20:59:02,harminv_tarama_rd0.120_dx+0.080_dy+0.050_s2_na1.3300_res20_nk6_simoto.json
harminv_tarama_rd0.120_dx+0.080_dy+0.050_s3_na1.3300_res20_nk6_simoto.json,legacy-campaign,harminv,sweep,harminv_tarama_rd0.120_dx+0.080_dy+0.050_s3_na1.3300_res20_nk6_simoto,0.12,0.08,0.05,3,1.33,0.0,20,6,25,481.4,0.3105806451612903,0.06,1.0,1.5,1.0,pml,,,800.0,none,272.4802261158021,0.2847804754531118,1690.4248763334233,6.203844221763839,7.8673056257388e-09,0.06296132381979902,780.5742985487104,2.8647007148950765,0.13478983255623223,True,False,gap position outside 0.2-0.8,3,38667,204000,36242275.66863283,217.64825344085693,a076,,,2026-08-23T20:59:12,harminv_tarama_rd0.120_dx+0.080_dy+0.050_s3_na1.3300_res20_nk6_simoto.json
harminv_tarama_rd0.120_dx+0.080_dy+0.100_s1_na1.3300_res20_nk6_simoto.json,legacy-campaign,harminv,sweep,harminv_tarama_rd0.120_dx+0.080_dy+0.100_s1_na1.3300_res20_nk6_simoto,0.12,0.08,0.1,1,1.33,0.0,20,6,25,481.4,0.3105806451612903,0.06,1.0,1.5,1.0,pml,,,800.0,none,55.286004247336194,0.2979419905253309,1615.750767963912,29.225312806753667,4.493613030709113e-06,0.04756669559732559,780.5742985487104,14.118840910560476,0.32112909906743214,True,True,,2,38667,204000,36265182.829226315,217.51077437400818,a085,,,2026-08-23T20:59:19,harminv_tarama_rd0.120_dx+0.080_dy+0.100_s1_na1.3300_res20_nk6_simoto.json
harminv_tarama_rd0.120_dx+0.080_dy+0.100_s2_na1.3300_res20_nk6_simoto.json,legacy-campaign,harminv,sweep,harminv_tarama_rd0.120_dx+0.080_dy+0.100_s2_na1.3300_res20_nk6_simoto,0.12,0.08,0.1,2,1.33,0.0,20,6,25,481.4,0.3105806451612903,0.06,1.0,1.5,1.0,pml,,,800.0,none,120.10224445937848,0.28596942407700676,1683.3967531800429,14.01636381366219,8.123750591035011e-07,0.02991168767268354,780.5742985487104,6.499248220233884,0.15162283493327036,True,False,gap position outside 0.2-0.8,3,38667,204000,36261931.718927875,217.5302755832672,a076,,,2026-08-23T20:59:14,harminv_tarama_rd0.120_dx+0.080_dy+0.100_s2_na1.3300_res20_nk6_simoto.json
harminv_tarama_rd0.120_dx+0.080_dy+0.100_s3_na1.3300_res20_nk6_simoto.json,legacy-campaign,harminv,sweep,harminv_tarama_rd0.120_dx+0.080_dy+0.100_s3_na1.3300_res20_nk6_simoto,0.12,0.08,0.1,3,1.33,0.0,20,6,25,481.4,0.3105806451612903,0.06,1.0,1.5,1.0,pml,,,800.0,none,325.9288878794089,0.28516474145118487,1688.1469902281278,5.179494831561936,3.818266779465948e-09,0.06763088715915257,780.5742985487104,2.394922105945751,0.14023022781720548,True,False,gap position outside 0.2-0.8,3,38667,204000,35707391.97932621,220.90854477882385,a046,,,2026-08-23T20:59:32,harminv_tarama_rd0.120_dx+0.080_dy+0.100_s3_na1.3300_res20_nk6_simoto.json
harminv_tarama_rd0.120_dx+0.080_dy+0.150_s1_na1.3300_res20_nk6_simoto.json,legacy-campaign,harminv,sweep,harminv_tarama_rd0.120_dx+0.080_dy+0.150_s1_na1.3300_res20_nk6_simoto,0.12,0.08,0.15,1,1.33,0.0,20,6,25,481.4,0.3105806451612903,0.06,1.0,1.5,1.0,pml,,,800.0,none,55.3235576143593,0.29779574016704524,1616.5442787393936,29.21981789399273,1.3225801244009381e-06,0.0483981720740368,780.5742985487104,14.109257108695253,0.31905850276142866,True,True,,2,38667,204000,36109116.80710151,218.45087051391602,a076,,,2026-08-23T21:00:53,harminv_tarama_rd0.120_dx+0.080_dy+0.150_s1_na1.3300_res20_nk6_simoto.json
harminv_tarama_rd0.120_dx+0.080_dy+0.150_s2_na1.3300_res20_nk6_simoto.json,legacy-campaign,harminv,sweep,harminv_tarama_rd0.120_dx+0.080_dy+0.150_s2_na1.3300_res20_nk6_simoto,0.12,0.08,0.15,2,1.33,0.0,20,6,25,481.4,0.3105806451612903,0.06,1.0,1.5,1.0,pml,,,800.0,none,142.76316854712343,0.2861701912409099,1682.2157399151945,11.783261446455827,2.3353053594194162e-07,0.04100067823760008,780.5742985487104,5.46761679845357,0.15446527410960914,True,False,gap position outside 0.2-0.8,3,38667,204000,35949436.02959239,219.42118906974792,a046,,,2026-08-23T21:00:58,harminv_tarama_rd0.120_dx+0.080_dy+0.150_s2_na1.3300_res20_nk6_simoto.json
harminv_tarama_rd0.120_dx+0.080_dy+0.150_s3_na1.3300_res20_nk6_simoto.json,legacy-campaign,harminv,sweep,harminv_tarama_rd0.120_dx+0.080_dy+0.150_s3_na1.3300_res20_nk6_simoto,0.12,0.08,0.15,3,1.33,0.0,20,6,25,481.4,0.3105806451612903,0.06,1.0,1.5,1.0,pml,,,800.0,none,432.25613055147215,0.2857779121112748,1684.5248691317852,3.8970525807989564,2.123076396420156e-09,0.07427529861999044,780.5742985487104,1.8058142924493727,0.14891142982323566,True,False,gap position outside 0.2-0.8,3,38667,204000,36217728.682972714,217.79576706886292,a083,,,2026-08-23T21:01:12,harminv_tarama_rd0.120_dx+0.080_dy+0.150_s3_na1.3300_res20_nk6_simoto.json
harminv_tarama_rd0.120_dx+0.080_dy-0.050_s1_na1.3300_res20_nk6_simoto.json,legacy-campaign,harminv,sweep,harminv_tarama_rd0.120_dx+0.080_dy-0.050_s1_na1.3300_res20_nk6_simoto,0.12,0.08,-0.05,1,1.33,0.0,20,6,25,481.4,0.3105806451612903,0.06,1.0,1.5,1.0,pml,,,800.0,none,54.66079292006026,0.2986377603289659,1611.9863726198303,29.490724274294944,2.0149777412709483e-06,0.05160029698440834,780.5742985487104,14.280332517134841,0.3309797305607355,True,True,,3,38667,204000,36090299.85321509,218.56476759910583,a076,,,2026-08-23T20:57:13,harminv_tarama_rd0.120_dx+0.080_dy-0.050_s1_na1.3300_res20_nk6_simoto.json
harminv_tarama_rd0.120_dx+0.080_dy-0.050_s2_na1.3300_res20_nk6_simoto.json,legacy-campaign,harminv,sweep,harminv_tarama_rd0.120_dx+0.080_dy-0.050_s2_na1.3300_res20_nk6_simoto,0.12,0.08,-0.05,2,1.33,0.0,20,6,25,481.4,0.3105806451612903,0.06,1.0,1.5,1.0,pml,,,800.0,none,110.68932982319541,0.2862891871709462,1681.5165279453993,15.191315464925966,5.2904347885250314e-06,0.028000270311928647,780.5742985487104,7.051938066618756,0.15615000525181494,True,False,gap position outside 0.2-0.8,4,38667,204000,35977699.651462235,219.2488145828247,a046,,,2026-08-23T20:57:15,harminv_tarama_rd0.120_dx+0.080_dy-0.050_s2_na1.3300_res20_nk6_simoto.json
harminv_tarama_rd0.120_dx+0.080_dy-0.050_s3_na1.3300_res20_nk6_simoto.json,legacy-campaign,harminv,sweep,harminv_tarama_rd0.120_dx+0.080_dy-0.050_s3_na1.3300_res20_nk6_simoto,0.12,0.08,-0.05,3,1.33,0.0,20,6,25,481.4,0.3105806451612903,0.06,1.0,1.5,1.0,pml,,,800.0,none,208.13342137440875,0.28490977696261116,1689.6577054397621,8.118146976502427,1.558492479108876e-08,0.0644451244973216,780.5742985487104,3.750355389318011,0.13662046894624466,True,False,gap position outside 0.2-0.8,3,38667,204000,36027683.33334602,218.94463562965393,a083,,,2026-08-23T20:57:26,harminv_tarama_rd0.120_dx+0.080_dy-0.050_s3_na1.3300_res20_nk6_simoto.json
harminv_tarama_rd0.120_dx+0.080_dy-0.100_s1_na1.3300_res20_nk6_simoto.json,legacy-campaign,harminv,sweep,harminv_tarama_rd0.120_dx+0.080_dy-0.100_s1_na1.3300_res20_nk6_simoto,0.12,0.08,-0.1,1,1.33,0.0,20,6,25,481.4,0.3105806451612903,0.06,1.0,1.5,1.0,pml,,,800.0,none,54.59059056247025,0.29895954926106116,1610.251290483536,29.496865190363888,1.6631597883494257e-06,0.05386890139407669,780.5742985487104,14.298696726049654,0.33553558247056786,True,True,,2,38667,204000,35998322.04686791,219.1232132911682,a085,,,2026-08-23T20:55:38,harminv_tarama_rd0.120_dx+0.080_dy-0.100_s1_na1.3300_res20_nk6_simoto.json
harminv_tarama_rd0.120_dx+0.080_dy-0.100_s2_na1.3300_res20_nk6_simoto.json,legacy-campaign,harminv,sweep,harminv_tarama_rd0.120_dx+0.080_dy-0.100_s2_na1.3300_res20_nk6_simoto,0.12,0.08,-0.1,2,1.33,0.0,20,6,25,481.4,0.3105806451612903,0.06,1.0,1.5,1.0,pml,,,800.0,none,116.61458756286969,0.28665881784869746,1679.3483054621736,14.400842472274723,1.289223566484976e-07,0.03300770420037539,780.5742985487104,6.6936248274075005,0.16138319527547637,True,False,gap position outside 0.2-0.8,3,38667,204000,36263520.67325722,217.5207440853119,a076,,,2026-08-23T20:55:30,harminv_tarama_rd0.120_dx+0.080_dy-0.100_s2_na1.3300_res20_nk6_simoto.json
harminv_tarama_rd0.120_dx+0.080_dy-0.100_s3_na1.3300_res20_nk6_simoto.json,legacy-campaign,harminv,sweep,harminv_tarama_rd0.120_dx+0.080_dy-0.100_s3_na1.3300_res20_nk6_simoto,0.12,0.08,-0.1,3,1.33,0.0,20,6,25,481.4,0.3105806451612903,0.06,1.0,1.5,1.0,pml,,,800.0,none,222.6620849251005,0.28546334853230243,1686.3811150366498,7.573723724018474,4.615403299264812e-09,0.06506547605536446,780.5742985487104,3.5056453316301317,0.14445787365928223,True,False,gap position outside 0.2-0.8,3,38667,204000,36278002.558731504,217.43391156196594,a046,,,2026-08-23T20:57:11,harminv_tarama_rd0.120_dx+0.080_dy-0.100_s3_na1.3300_res20_nk6_simoto.json
harminv_tarama_rd0.120_dx+0.080_dy-0.150_s1_na1.3300_res20_nk6_simoto.json,legacy-campaign,harminv,sweep,harminv_tarama_rd0.120_dx+0.080_dy-0.150_s1_na1.3300_res20_nk6_simoto,0.12,0.08,-0.15,1,1.33,0.0,20,6,25,481.4,0.3105806451612903,0.06,1.0,1.5,1.0,pml,,,800.0,none,54.797895682375035,0.2993318239663891,1608.2486440000268,29.34872998266058,2.6070029408654918e-06,0.05550140186840433,780.5742985487104,14.244603535018062,0.3408062063425793,True,True,,2,38667,204000,36044831.78328344,218.84047198295593,a083,,,2026-08-23T20:55:19,harminv_tarama_rd0.120_dx+0.080_dy-0.150_s1_na1.3300_res20_nk6_simoto.json
harminv_tarama_rd0.120_dx+0.080_dy-0.150_s2_na1.3300_res20_nk6_simoto.json,legacy-campaign,harminv,sweep,harminv_tarama_rd0.120_dx+0.080_dy-0.150_s2_na1.3300_res20_nk6_simoto,0.12,0.08,-0.15,2,1.33,0.0,20,6,25,481.4,0.3105806451612903,0.06,1.0,1.5,1.0,pml,,,800.0,none,123.03114865121199,0.28715485466339574,1676.44736692437,13.62620267552753,2.0250884812209184e-06,0.04359511018289152,780.5742985487104,6.344525814040841,0.1684060293265904,True,False,gap position outside 0.2-0.8,3,38667,204000,36090158.79592342,218.56562185287476,a085,,,2026-08-23T20:55:20,harminv_tarama_rd0.120_dx+0.080_dy-0.150_s2_na1.3300_res20_nk6_simoto.json
harminv_tarama_rd0.120_dx+0.080_dy-0.150_s3_na1.3300_res20_nk6_simoto.json,legacy-campaign,harminv,sweep,harminv_tarama_rd0.120_dx+0.080_dy-0.150_s3_na1.3300_res20_nk6_simoto,0.12,0.08,-0.15,3,1.33,0.0,20,6,25,481.4,0.3105806451612903,0.06,1.0,1.5,1.0,pml,,,800.0,none,281.78452584350435,0.2861109127385521,1682.5642733868835,5.971102452663902,8.219390278218934e-09,0.07454278859642169,780.5742985487104,2.7701105879114905,0.1536260156664415,True,False,gap position outside 0.2-0.8,3,38667,204000,36045558.95142526,218.8360571861267,a076,,,2026-08-23T20:55:26,harminv_tarama_rd0.120_dx+0.080_dy-0.150_s3_na1.3300_res20_nk6_simoto.json
harminv_tarama_rd0.130_dx+0.000_dy+0.000_s1_na1.3300_res20_nk6_simoto.json,legacy-campaign,harminv,sweep,harminv_tarama_rd0.130_dx+0.000_dy+0.000_s1_na1.3300_res20_nk6_simoto,0.13,0.0,0.0,1,1.33,0.0,20,6,25,481.4,0.3105806451612903,0.06,1.0,1.5,1.0,pml,,,800.0,even,53.92218405179023,0.2978486708005637,1616.2570029474473,29.97387868034227,1.7511017452302218e-06,0.06906007903292842,780.5742985487104,14.47593995449068,0.3198078887836065,True,True,,2,38667,204000,35212796.12146782,112.00570344924927,a083,,,2026-08-23T21:04:40,harminv_tarama_rd0.130_dx+0.000_dy+0.000_s1_na1.3300_res20_nk6_simoto.json
harminv_tarama_rd0.130_dx+0.000_dy+0.000_s2_na1.3300_res20_nk6_simoto.json,legacy-campaign,harminv,sweep,harminv_tarama_rd0.130_dx+0.000_dy+0.000_s2_na1.3300_res20_nk6_simoto,0.13,0.0,0.0,2,1.33,0.0,20,6,25,481.4,0.3105806451612903,0.06,1.0,1.5,1.0,pml,,,800.0,even,54.3534942112202,0.2967141640234547,1622.4368714732009,29.8497253031854,4.5447446432135854e-06,0.013056354148692526,780.5742985487104,14.361069327306952,0.3037456680181033,True,True,,2,38667,204000,35326039.38592329,111.64665126800537,a085,,,2026-08-23T21:03:04,harminv_tarama_rd0.130_dx+0.000_dy+0.000_s2_na1.3300_res20_nk6_simoto.json
harminv_tarama_rd0.130_dx+0.000_dy+0.000_s3_na1.3300_res20_nk6_simoto.json,legacy-campaign,harminv,sweep,harminv_tarama_rd0.130_dx+0.000_dy+0.000_s3_na1.3300_res20_nk6_simoto,0.13,0.0,0.0,3,1.33,0.0,20,6,25,481.4,0.3105806451612903,0.06,1.0,1.5,1.0,pml,,,800.0,even,1066.9085476273337,0.280834164009154,1714.1789058980316,1.6066783884243343,1.5788907529672557e-07,0.03183252529926869,780.5742985487104,0.7316224996834138,0.07891839405869862,False,False,Q > Q_lim,3,38667,204000,35596691.30653791,110.79776954650879,a076,,,2026-08-23T21:02:58,harminv_tarama_rd0.130_dx+0.000_dy+0.000_s3_na1.3300_res20_nk6_simoto.json
harminv_tarama_rd0.130_dx+0.000_dy+0.050_s1_na1.3300_res20_nk6_simoto.json,legacy-campaign,harminv,sweep,harminv_tarama_rd0.130_dx+0.000_dy+0.050_s1_na1.3300_res20_nk6_simoto,0.13,0.0,0.05,1,1.33,0.0,20,6,25,481.4,0.3105806451612903,0.06,1.0,1.5,1.0,pml,,,800.0,even,53.78603255795199,0.2976109970700668,1617.5477544153505,30.07375107417556,2.1059128342238668e-06,0.06642592820685465,780.5742985487104,14.51258368439199,0.31644293054234285,True,True,,3,38667,204000,35510540.181951724,111.06657290458679,a085,,,2026-08-23T21:04:44,harminv_tarama_rd0.130_dx+0.000_dy+0.050_s1_na1.3300_res20_nk6_simoto.json
harminv_tarama_rd0.130_dx+0.000_dy+0.050_s2_na1.3300_res20_nk6_simoto.json,legacy-campaign,harminv,sweep,harminv_tarama_rd0.130_dx+0.000_dy+0.050_s2_na1.3300_res20_nk6_simoto,0.13,0.0,0.05,2,1.33,0.0,20,6,25,481.4,0.3105806451612903,0.06,1.0,1.5,1.0,pml,,,800.0,even,53.97212742652236,0.2966628502926707,1622.7175041468054,30.06584289929969,6.843915418506213e-06,0.012254665085104963,780.5742985487104,14.462544571943805,0.3030191739250012,True,True,,2,38667,204000,35295524.52491589,111.74317574501038,a076,,,2026-08-23T21:04:38,harminv_tarama_rd0.130_dx+0.000_dy+0.050_s2_na1.3300_res20_nk6_simoto.json
harminv_tarama_rd0.130_dx+0.000_dy+0.050_s3_na1.3300_res20_nk6_simoto.json,legacy-campaign,harminv,sweep,harminv_tarama_rd0.130_dx+0.000_dy+0.050_s3_na1.3300_res20_nk6_simoto,0.13,0.0,0.05,3,1.33,0.0,20,6,25,481.4,0.3105806451612903,0.06,1.0,1.5,1.0,pml,,,800.0,even,1114.4392896325508,0.28094415569298764,1713.5077923673489,1.5375514918648652,1.2524829075439891e-07,0.032826115627959604,780.5742985487104,0.7004188615838184,0.08047564408465899,False,False,Q > Q_lim,3,38667,204000,35164970.48305879,112.15803527832031,a046,,,2026-08-23T21:04:45,harminv_tarama_rd0.130_dx+0.000_dy+0.050_s3_na1.3300_res20_nk6_simoto.json
harminv_tarama_rd0.130_dx+0.000_dy+0.100_s1_na1.3300_res20_nk6_simoto.json,legacy-campaign,harminv,sweep,harminv_tarama_rd0.130_dx+0.000_dy+0.100_s1_na1.3300_res20_nk6_simoto,0.13,0.0,0.1,1,1.33,0.0,20,6,25,481.4,0.3105806451612903,0.06,1.0,1.5,1.0,pml,,,800.0,even,53.595875215217184,0.2974159974701784,1618.6082930803664,30.200239973332945,2.8220181031248204e-06,0.06528826120286622,780.5742985487104,14.564074108581517,0.3136821478958315,True,True,,2,38667,204000,35366275.73743932,111.5196304321289,a076,,,2026-08-23T21:05:00,harminv_tarama_rd0.130_dx+0.000_dy+0.100_s1_na1.3300_res20_nk6_simoto.json
harminv_tarama_rd0.130_dx+0.000_dy+0.100_s2_na1.3300_res20_nk6_simoto.json,legacy-campaign,harminv,sweep,harminv_tarama_rd0.130_dx+0.000_dy+0.100_s2_na1.3300_res20_nk6_simoto,0.13,0.0,0.1,2,1.33,0.0,20,6,25,481.4,0.3105806451612903,0.06,1.0,1.5,1.0,pml,,,800.0,even,54.07654558430319,0.29659519051717587,1623.0876810934735,30.01463321215931,1.4784731576800739e-05,0.011602756681471597,780.5742985487104,14.434618375018538,0.3020612543489616,True,True,,2,38667,204000,35161530.68040973,112.16900753974915,a046,,,2026-08-23T21:05:00,harminv_tarama_rd0.130_dx+0.000_dy+0.100_s2_na1.3300_res20_nk6_simoto.json
harminv_tarama_rd0.130_dx+0.000_dy+0.100_s3_na1.3300_res20_nk6_simoto.json,legacy-campaign,harminv,sweep,harminv_tarama_rd0.130_dx+0.000_dy+0.100_s3_na1.3300_res20_nk6_simoto,0.13,0.0,0.1,3,1.33,0.0,20,6,25,481.4,0.3105806451612903,0.06,1.0,1.5,1.0,pml,,,800.0,even,1066.3727890074986,0.2812725342993515,1711.5073151353545,1.604980296551171,5.990536508590572e-09,0.0362533056156219,780.5742985487104,0.7319900756987728,0.0851247918698536,False,False,Q > Q_lim,2,38667,204000,35486177.31739092,111.14282512664795,a083,,,2026-08-23T21:05:05,harminv_tarama_rd0.130_dx+0.000_dy+0.100_s3_na1.3300_res20_nk6_simoto.json
harminv_tarama_rd0.130_dx+0.000_dy+0.150_s1_na1.3300_res20_nk6_simoto.json,legacy-campaign,harminv,sweep,harminv_tarama_rd0.130_dx+0.000_dy+0.150_s1_na1.3300_res20_nk6_simoto,0.13,0.0,0.15,1,1.33,0.0,20,6,25,481.4,0.3105806451612903,0.06,1.0,1.5,1.0,pml,,,800.0,even,53.91746730520681,0.297256499606969,1619.4767839778258,30.036217665985077,2.3555603403400825e-06,0.06439459772779882,780.5742985487104,14.47720632221407,0.3114239948885628,True,True,,2,38667,204000,35353001.06991565,111.56150484085083,a046,,,2026-08-23T21:06:44,harminv_tarama_rd0.130_dx+0.000_dy+0.150_s1_na1.3300_res20_nk6_simoto.json
harminv_tarama_rd0.130_dx+0.000_dy+0.150_s2_na1.3300_res20_nk6_simoto.json,legacy-campaign,harminv,sweep,harminv_tarama_rd0.130_dx+0.000_dy+0.150_s2_na1.3300_res20_nk6_simoto,0.13,0.0,0.15,2,1.33,0.0,20,6,25,481.4,0.3105806451612903,0.06,1.0,1.5,1.0,pml,,,800.0,even,462.51397880372366,0.28090912832036574,1713.7214546156804,3.705231697100618,1.7080488269975554e-07,0.025770303317006048,780.5742985487104,1.6876772039790857,0.07997973043897574,True,False,gap position outside 0.2-0.8,3,38667,204000,35167582.49475888,112.1497049331665,a083,,,2026-08-23T21:06:39,harminv_tarama_rd0.130_dx+0.000_dy+0.150_s2_na1.3300_res20_nk6_simoto.json
harminv_tarama_rd0.130_dx+0.000_dy+0.150_s3_na1.3300_res20_nk6_simoto.json,legacy-campaign,harminv,sweep,harminv_tarama_rd0.130_dx+0.000_dy+0.150_s3_na1.3300_res20_nk6_simoto,0.13,0.0,0.15,3,1.33,0.0,20,6,25,481.4,0.3105806451612903,0.06,1.0,1.5,1.0,pml,,,800.0,even,935.320518637393,0.28183989606513843,1708.061941268739,1.8261782001287667,7.655610086011652e-10,0.04278328110291098,780.5742985487104,0.8345527367301616,0.09315743664540749,False,False,Q > Q_lim,3,38667,204000,35466935.856988885,111.20312213897705,a085,,,2026-08-23T21:06:23,harminv_tarama_rd0.130_dx+0.000_dy+0.150_s3_na1.3300_res20_nk6_simoto.json
harminv_tarama_rd0.130_dx+0.000_dy-0.050_s1_na1.3300_res20_nk6_simoto.json,legacy-campaign,harminv,sweep,harminv_tarama_rd0.130_dx+0.000_dy-0.050_s1_na1.3300_res20_nk6_simoto,0.13,0.0,-0.05,1,1.33,0.0,20,6,25,481.4,0.3105806451612903,0.06,1.0,1.5,1.0,pml,,,800.0,even,53.92886224513947,0.29813096931936817,1614.7265783861176,29.941788333048887,1.823413107427187e-06,0.07312974381767524,780.5742985487104,14.474147349901907,0.3238046398143639,True,True,,2,38667,204000,35137148.39842621,112.24684357643127,a046,,,2026-08-23T21:03:00,harminv_tarama_rd0.130_dx+0.000_dy-0.050_s1_na1.3300_res20_nk6_simoto.json
harminv_tarama_rd0.130_dx+0.000_dy-0.050_s2_na1.3300_res20_nk6_simoto.json,legacy-campaign,harminv,sweep,harminv_tarama_rd0.130_dx+0.000_dy-0.050_s2_na1.3300_res20_nk6_simoto,0.13,0.0,-0.05,2,1.33,0.0,20,6,25,481.4,0.3105806451612903,0.06,1.0,1.5,1.0,pml,,,800.0,even,53.839821501087876,0.29678308222191274,1622.0601133862615,30.127516551173677,3.52507110334811e-06,0.014798914181795183,780.5742985487104,14.498084815027449,0.30472140420648897,True,True,,2,38667,204000,35171070.44182091,112.13858294487,a083,,,2026-08-23T21:02:56,harminv_tarama_rd0.130_dx+0.000_dy-0.050_s2_na1.3300_res20_nk6_simoto.json
harminv_tarama_rd0.130_dx+0.000_dy-0.050_s3_na1.3300_res20_nk6_simoto.json,legacy-campaign,harminv,sweep,harminv_tarama_rd0.130_dx+0.000_dy-0.050_s3_na1.3300_res20_nk6_simoto,0.13,0.0,-0.05,3,1.33,0.0,20,6,25,481.4,0.3105806451612903,0.06,1.0,1.5,1.0,pml,,,800.0,even,950.2869560286933,0.2809325856078141,1713.5783624333321,1.8032220178991825,1.8278717332011596e-07,0.0328539053501627,780.5742985487104,0.8214090423915504,0.08031183610564734,False,False,Q > Q_lim,3,38667,204000,35511975.992656656,111.06208229064941,a085,,,2026-08-23T21:02:46,harminv_tarama_rd0.130_dx+0.000_dy-0.050_s3_na1.3300_res20_nk6_simoto.json
harminv_tarama_rd0.130_dx+0.000_dy-0.100_s1_na1.3300_res20_nk6_simoto.json,legacy-campaign,harminv,sweep,harminv_tarama_rd0.130_dx+0.000_dy-0.100_s1_na1.3300_res20_nk6_simoto,0.13,0.0,-0.1,1,1.33,0.0,20,6,25,481.4,0.3105806451612903,0.06,1.0,1.5,1.0,pml,,,800.0,even,53.785015092786765,0.29846178363448367,1612.9368193736814,29.98859099678855,1.8887741779491439e-06,0.078558058864179,780.5742985487104,14.512858222724477,0.328488272093154,True,True,,3,38667,204000,35233554.38971493,111.93971395492554,a076,,,2026-08-23T21:01:20,harminv_tarama_rd0.130_dx+0.000_dy-0.100_s1_na1.3300_res20_nk6_simoto.json
harminv_tarama_rd0.130_dx+0.000_dy-0.100_s2_na1.3300_res20_nk6_simoto.json,legacy-campaign,harminv,sweep,harminv_tarama_rd0.130_dx+0.000_dy-0.100_s2_na1.3300_res20_nk6_simoto,0.13,0.0,-0.1,2,1.33,0.0,20,6,25,481.4,0.3105806451612903,0.06,1.0,1.5,1.0,pml,,,800.0,even,54.88464175615615,0.29692588075604737,1621.2800271038532,29.539776068994783,7.366717637209585e-06,0.017030906232086546,780.5742985487104,14.222089706200133,0.3067431299700894,True,True,,3,38667,204000,35292644.01893295,111.75229597091675,a046,,,2026-08-23T21:01:15,harminv_tarama_rd0.130_dx+0.000_dy-0.100_s2_na1.3300_res20_nk6_simoto.json
harminv_tarama_rd0.130_dx+0.000_dy-0.100_s3_na1.3300_res20_nk6_simoto.json,legacy-campaign,harminv,sweep,harminv_tarama_rd0.130_dx+0.000_dy-0.100_s3_na1.3300_res20_nk6_simoto,0.13,0.0,-0.1,3,1.33,0.0,20,6,25,481.4,0.3105806451612903,0.06,1.0,1.5,1.0,pml,,,800.0,even,770.3979650604138,0.2812404009677164,1711.7028646793171,2.2218424013426454,4.141311888527581e-09,0.03617267541649745,780.5742985487104,1.0132091905090879,0.08466985173457359,True,False,gap position outside 0.2-0.8,3,38667,204000,35201642.98177397,112.04119086265564,a083,,,2026-08-23T21:01:21,harminv_tarama_rd0.130_dx+0.000_dy-0.100_s3_na1.3300_res20_nk6_simoto.json
harminv_tarama_rd0.130_dx+0.000_dy-0.150_s1_na1.3300_res20_nk6_simoto.json,legacy-campaign,harminv,sweep,harminv_tarama_rd0.130_dx+0.000_dy-0.150_s1_na1.3300_res20_nk6_simoto,0.13,0.0,-0.15,1,1.33,0.0,20,6,25,481.4,0.3105806451612903,0.06,1.0,1.5,1.0,pml,,,800.0,even,53.9619180836926,0.298825372197256,1610.9743174091175,29.853911325215794,1.5806338193975305e-06,0.08351182456085142,780.5742985487104,14.465280817818103,0.33363591852497465,True,True,,2,38667,204000,35520386.06847194,111.03578639030457,a085,,,2026-08-23T21:01:03,harminv_tarama_rd0.130_dx+0.000_dy-0.150_s1_na1.3300_res20_nk6_simoto.json
harminv_tarama_rd0.130_dx+0.000_dy-0.150_s2_na1.3300_res20_nk6_simoto.json,legacy-campaign,harminv,sweep,harminv_tarama_rd0.130_dx+0.000_dy-0.150_s2_na1.3300_res20_nk6_simoto,0.13,0.0,-0.15,2,1.33,0.0,20,6,25,481.4,0.3105806451612903,0.06,1.0,1.5,1.0,pml,,,800.0,even,54.167545212442285,0.2969444040364746,1621.17889226452,29.928971045417345,5.213608465217949e-06,0.02046220312753373,780.5742985487104,14.410368708556733,0.30700538051413784,True,True,,3,38667,204000,35256235.38209284,111.86770105361938,a076,,,2026-08-23T21:00:58,harminv_tarama_rd0.130_dx+0.000_dy-0.150_s2_na1.3300_res20_nk6_simoto.json
harminv_tarama_rd0.130_dx+0.000_dy-0.150_s3_na1.3300_res20_nk6_simoto.json,legacy-campaign,harminv,sweep,harminv_tarama_rd0.130_dx+0.000_dy-0.150_s3_na1.3300_res20_nk6_simoto,0.13,0.0,-0.15,3,1.33,0.0,20,6,25,481.4,0.3105806451612903,0.06,1.0,1.5,1.0,pml,,,800.0,even,567.0301928664684,0.28176527863916134,1708.514272322737,3.013092237092003,4.4609121101485534e-08,0.041754736367587926,780.5742985487104,1.376600943598307,0.09210101142770041,True,False,gap position outside 0.2-0.8,3,38667,204000,35164877.19342401,112.15833282470703,a046,,,2026-08-23T21:01:01,harminv_tarama_rd0.130_dx+0.000_dy-0.150_s3_na1.3300_res20_nk6_simoto.json
harminv_tarama_rd0.130_dx+0.040_dy+0.000_s1_na1.3300_res20_nk6_simoto.json,legacy-campaign,harminv,sweep,harminv_tarama_rd0.130_dx+0.040_dy+0.000_s1_na1.3300_res20_nk6_simoto,0.13,0.04,0.0,1,1.33,0.0,20,6,25,481.4,0.3105806451612903,0.06,1.0,1.5,1.0,pml,,,800.0,none,54.017780839277826,0.2978799577287471,1616.0872442394004,29.917690418416793,3.4657867460189696e-06,0.03467138589450419,780.5742985487104,14.450321476019118,0.32025084563295786,True,True,,2,38667,204000,35746327.59189523,220.66792678833008,a046,,,2026-08-23T21:03:20,harminv_tarama_rd0.130_dx+0.040_dy+0.000_s1_na1.3300_res20_nk6_simoto.json
harminv_tarama_rd0.130_dx+0.040_dy+0.000_s2_na1.3300_res20_nk6_simoto.json,legacy-campaign,harminv,sweep,harminv_tarama_rd0.130_dx+0.040_dy+0.000_s2_na1.3300_res20_nk6_simoto,0.13,0.04,0.0,2,1.33,0.0,20,6,25,481.4,0.3105806451612903,0.06,1.0,1.5,1.0,pml,,,800.0,none,53.879190532961815,0.29671702998322097,1622.421200519642,30.11220444240136,5.508835582018127e-06,0.00667031971113823,780.5742985487104,14.487491197017453,0.30378624395770976,True,True,,2,38667,204000,36336047.62897578,217.08657145500183,a083,,,2026-08-23T21:04:51,harminv_tarama_rd0.130_dx+0.040_dy+0.000_s2_na1.3300_res20_nk6_simoto.json
harminv_tarama_rd0.130_dx+0.040_dy+0.000_s3_na1.3300_res20_nk6_simoto.json,legacy-campaign,harminv,sweep,harminv_tarama_rd0.130_dx+0.040_dy+0.000_s3_na1.3300_res20_nk6_simoto,0.13,0.04,0.0,3,1.33,0.0,20,6,25,481.4,0.3105806451612903,0.06,1.0,1.5,1.0,pml,,,800.0,none,1045.2981475861084,0.28093943476918765,1713.5365862592605,1.6392802285322186,1.4307928055397828e-07,0.01612692231671683,780.5742985487104,0.7467479975462304,0.08040880577058046,False,False,Q > Q_lim,3,38667,204000,36220929.32263598,217.77652168273926,a085,,,2026-08-23T21:04:40,harminv_tarama_rd0.130_dx+0.040_dy+0.000_s3_na1.3300_res20_nk6_simoto.json
harminv_tarama_rd0.130_dx+0.040_dy+0.050_s1_na1.3300_res20_nk6_simoto.json,legacy-campaign,harminv,sweep,harminv_tarama_rd0.130_dx+0.040_dy+0.050_s1_na1.3300_res20_nk6_simoto,0.13,0.04,0.05,1,1.33,0.0,20,6,25,481.4,0.3105806451612903,0.06,1.0,1.5,1.0,pml,,,800.0,none,54.15596473652852,0.29761789363686625,1617.5102717021866,29.867629162760835,1.8377879987042887e-06,0.03290573568205881,780.5742985487104,14.413450159114394,0.3165405713680235,True,True,,2,38667,204000,36421770.28658063,216.57563424110413,a083,,,2026-08-23T21:04:57,harminv_tarama_rd0.130_dx+0.040_dy+0.050_s1_na1.3300_res20_nk6_simoto.json
harminv_tarama_rd0.130_dx+0.040_dy+0.050_s2_na1.3300_res20_nk6_simoto.json,legacy-campaign,harminv,sweep,harminv_tarama_rd0.130_dx+0.040_dy+0.050_s2_na1.3300_res20_nk6_simoto,0.13,0.04,0.05,2,1.33,0.0,20,6,25,481.4,0.3105806451612903,0.06,1.0,1.5,1.0,pml,,,800.0,none,54.03525555097928,0.2966579178830881,1622.7444844054967,30.03121698711181,7.900664278096462e-06,0.006148711330955586,780.5742985487104,14.445648319591673,0.30294934141873486,True,True,,2,38667,204000,36376675.831716135,216.8441128730774,a085,,,2026-08-23T21:05:02,harminv_tarama_rd0.130_dx+0.040_dy+0.050_s2_na1.3300_res20_nk6_simoto.json
harminv_tarama_rd0.130_dx+0.040_dy+0.050_s3_na1.3300_res20_nk6_simoto.json,legacy-campaign,harminv,sweep,harminv_tarama_rd0.130_dx+0.040_dy+0.050_s3_na1.3300_res20_nk6_simoto,0.13,0.04,0.05,3,1.33,0.0,20,6,25,481.4,0.3105806451612903,0.06,1.0,1.5,1.0,pml,,,800.0,none,1089.7750774660044,0.2810491472485593,1712.8676771050682,1.5717625705736524,9.482071580022335e-08,0.016658317849669712,780.5742985487104,0.7162710128806928,0.08196210285082224,False,False,Q > Q_lim,3,38667,204000,36240129.6046848,217.66114211082458,a076,,,2026-08-23T21:04:56,harminv_tarama_rd0.130_dx+0.040_dy+0.050_s3_na1.3300_res20_nk6_simoto.json
harminv_tarama_rd0.130_dx+0.040_dy+0.100_s1_na1.3300_res20_nk6_simoto.json,legacy-campaign,harminv,sweep,harminv_tarama_rd0.130_dx+0.040_dy+0.100_s1_na1.3300_res20_nk6_simoto,0.13,0.04,0.1,1,1.33,0.0,20,6,25,481.4,0.3105806451612903,0.06,1.0,1.5,1.0,pml,,,800.0,none,53.743006528387525,0.2974280733992922,1618.542575682587,30.116338482620222,2.8039388190709884e-06,0.03268108400284043,780.5742985487104,14.524202291072129,0.3138531175570876,True,True,,3,38667,204000,35653041.804966435,221.2453019618988,a085,,,2026-08-23T21:05:09,harminv_tarama_rd0.130_dx+0.040_dy+0.100_s1_na1.3300_res20_nk6_simoto.json
harminv_tarama_rd0.130_dx+0.040_dy+0.100_s2_na1.3300_res20_nk6_simoto.json,legacy-campaign,harminv,sweep,harminv_tarama_rd0.130_dx+0.040_dy+0.100_s2_na1.3300_res20_nk6_simoto,0.13,0.04,0.1,2,1.33,0.0,20,6,25,481.4,0.3105806451612903,0.06,1.0,1.5,1.0,pml,,,800.0,none,53.59288656304466,0.29666166131108235,1622.7240077887893,30.27872002900754,1.140216970495766e-06,0.005967774654208722,780.5742985487104,14.564886286363251,0.30300234045591706,True,True,,3,38667,204000,36704021.002418734,214.91018652915955,a076,,,2026-08-23T21:06:35,harminv_tarama_rd0.130_dx+0.040_dy+0.100_s2_na1.3300_res20_nk6_simoto.json
harminv_tarama_rd0.130_dx+0.040_dy+0.100_s3_na1.3300_res20_nk6_simoto.json,legacy-campaign,harminv,sweep,harminv_tarama_rd0.130_dx+0.040_dy+0.100_s3_na1.3300_res20_nk6_simoto,0.13,0.04,0.1,3,1.33,0.0,20,6,25,481.4,0.3105806451612903,0.06,1.0,1.5,1.0,pml,,,800.0,none,1040.9385750827246,0.2813761817453558,1710.8768660300639,1.6435906084987757,6.592128773202623e-09,0.01841432407043981,780.5742985487104,0.7498754655015809,0.08659222088225978,False,False,Q > Q_lim,3,38667,204000,36313543.3137254,217.2211048603058,a046,,,2026-08-23T21:06:37,harminv_tarama_rd0.130_dx+0.040_dy+0.100_s3_na1.3300_res20_nk6_simoto.json
harminv_tarama_rd0.130_dx+0.040_dy+0.150_s1_na1.3300_res20_nk6_simoto.json,legacy-campaign,harminv,sweep,harminv_tarama_rd0.130_dx+0.040_dy+0.150_s1_na1.3300_res20_nk6_simoto,0.13,0.04,0.15,1,1.33,0.0,20,6,25,481.4,0.3105806451612903,0.06,1.0,1.5,1.0,pml,,,800.0,none,54.26990424544006,0.29726407473140976,1619.4355151558914,29.8403975034093,8.149943607050767e-07,0.03202752822596679,780.5742985487104,14.383189161685262,0.3115312426578568,True,True,,2,38667,204000,36416072.137579456,216.60952258110046,a076,,,2026-08-23T21:06:39,harminv_tarama_rd0.130_dx+0.040_dy+0.150_s1_na1.3300_res20_nk6_simoto.json
harminv_tarama_rd0.130_dx+0.040_dy+0.150_s2_na1.3300_res20_nk6_simoto.json,legacy-campaign,harminv,sweep,harminv_tarama_rd0.130_dx+0.040_dy+0.150_s2_na1.3300_res20_nk6_simoto,0.13,0.04,0.15,2,1.33,0.0,20,6,25,481.4,0.3105806451612903,0.06,1.0,1.5,1.0,pml,,,800.0,none,450.9905317339141,0.2809963281932527,1713.189645912104,3.798726415220822,8.09686584563495e-08,0.012936122523304722,780.5742985487104,1.7307997477189871,0.08121429654055813,True,False,gap position outside 0.2-0.8,3,38667,204000,36283440.83420447,217.40132188796997,a046,,,2026-08-23T21:06:59,harminv_tarama_rd0.130_dx+0.040_dy+0.150_s2_na1.3300_res20_nk6_simoto.json
harminv_tarama_rd0.130_dx+0.040_dy+0.150_s3_na1.3300_res20_nk6_simoto.json,legacy-campaign,harminv,sweep,harminv_tarama_rd0.130_dx+0.040_dy+0.150_s3_na1.3300_res20_nk6_simoto,0.13,0.04,0.15,3,1.33,0.0,20,6,25,481.4,0.3105806451612903,0.06,1.0,1.5,1.0,pml,,,800.0,none,910.6555390818352,0.28194021922076,1707.454159362281,1.8749725731463895,4.2711880772034965e-09,0.02174197823676225,780.5742985487104,0.8571564823903903,0.09457780072431768,False,False,Q > Q_lim,3,38667,204000,35910026.81547793,219.66199135780334,a083,,,2026-08-23T21:07:03,harminv_tarama_rd0.130_dx+0.040_dy+0.150_s3_na1.3300_res20_nk6_simoto.json
harminv_tarama_rd0.130_dx+0.040_dy-0.050_s1_na1.3300_res20_nk6_simoto.json,legacy-campaign,harminv,sweep,harminv_tarama_rd0.130_dx+0.040_dy-0.050_s1_na1.3300_res20_nk6_simoto,0.13,0.04,-0.05,1,1.33,0.0,20,6,25,481.4,0.3105806451612903,0.06,1.0,1.5,1.0,pml,,,800.0,none,59.18611600873195,0.3128265144134188,1538.8721154364855,26.000559239424494,2.0101922476645146e-05,0.043680624565399624,780.5742985487104,13.188469715322245,0.5318625327531258,True,True,,3,38667,204000,36139448.090219334,218.2675280570984,a076,,,2026-08-23T21:02:56,harminv_tarama_rd0.130_dx+0.040_dy-0.050_s1_na1.3300_res20_nk6_simoto.json
harminv_tarama_rd0.130_dx+0.040_dy-0.050_s2_na1.3300_res20_nk6_simoto.json,legacy-campaign,harminv,sweep,harminv_tarama_rd0.130_dx+0.040_dy-0.050_s2_na1.3300_res20_nk6_simoto,0.13,0.04,-0.05,2,1.33,0.0,20,6,25,481.4,0.3105806451612903,0.06,1.0,1.5,1.0,pml,,,800.0,none,52.95239245886352,0.2967865917177561,1622.0409325560472,30.632061314626007,6.1257552966104316e-06,0.007459075262054233,780.5742985487104,14.741058190243352,0.30477109125829804,True,True,,2,38667,204000,36155204.94939494,218.17240452766418,a046,,,2026-08-23T21:03:14,harminv_tarama_rd0.130_dx+0.040_dy-0.050_s2_na1.3300_res20_nk6_simoto.json
harminv_tarama_rd0.130_dx+0.040_dy-0.050_s3_na1.3300_res20_nk6_simoto.json,legacy-campaign,harminv,sweep,harminv_tarama_rd0.130_dx+0.040_dy-0.050_s3_na1.3300_res20_nk6_simoto,0.13,0.04,-0.05,3,1.33,0.0,20,6,25,481.4,0.3105806451612903,0.06,1.0,1.5,1.0,pml,,,800.0,none,926.0933381634953,0.28103651153221293,1712.944689554407,1.8496458391022337,1.552302841257189e-07,0.01664020326371782,780.5742985487104,0.8428678475288908,0.0817832077841902,False,False,Q > Q_lim,3,38667,204000,36036826.58749148,218.88908505439758,a083,,,2026-08-23T21:03:20,harminv_tarama_rd0.130_dx+0.040_dy-0.050_s3_na1.3300_res20_nk6_simoto.json
harminv_tarama_rd0.130_dx+0.040_dy-0.100_s1_na1.3300_res20_nk6_simoto.json,legacy-campaign,harminv,sweep,harminv_tarama_rd0.130_dx+0.040_dy-0.100_s1_na1.3300_res20_nk6_simoto,0.13,0.04,-0.1,1,1.33,0.0,20,6,25,481.4,0.3105806451612903,0.06,1.0,1.5,1.0,pml,,,800.0,none,53.97315461469775,0.2984695501540255,1612.8948489102927,29.88327920471552,1.8900506055092133e-06,0.039051910688640834,780.5742985487104,14.462269328540371,0.3285982296130008,True,True,,2,38667,204000,36310710.605039805,217.2380509376526,a085,,,2026-08-23T21:02:35,harminv_tarama_rd0.130_dx+0.040_dy-0.100_s1_na1.3300_res20_nk6_simoto.json
harminv_tarama_rd0.130_dx+0.040_dy-0.100_s2_na1.3300_res20_nk6_simoto.json,legacy-campaign,harminv,sweep,harminv_tarama_rd0.130_dx+0.040_dy-0.100_s2_na1.3300_res20_nk6_simoto,0.13,0.04,-0.1,2,1.33,0.0,20,6,25,481.4,0.3105806451612903,0.06,1.0,1.5,1.0,pml,,,800.0,none,52.218242828282754,0.29688629971597635,1621.496177023134,31.052293014825263,1.4745034284999471e-05,0.008652930463154084,780.5742985487104,14.948306497321107,0.3061827460071404,True,True,,3,38667,204000,36671458.293631405,215.10101771354675,a076,,,2026-08-23T21:02:54,harminv_tarama_rd0.130_dx+0.040_dy-0.100_s2_na1.3300_res20_nk6_simoto.json
harminv_tarama_rd0.130_dx+0.040_dy-0.100_s3_na1.3300_res20_nk6_simoto.json,legacy-campaign,harminv,sweep,harminv_tarama_rd0.130_dx+0.040_dy-0.100_s3_na1.3300_res20_nk6_simoto,0.13,0.04,-0.1,3,1.33,0.0,20,6,25,481.4,0.3105806451612903,0.06,1.0,1.5,1.0,pml,,,800.0,none,749.0204633883461,0.28134156084738066,1711.087400489489,2.2844334489194567,1.6124920756443457e-08,0.01827619582803483,780.5742985487104,1.042126799870893,0.08610206205941569,True,False,gap position outside 0.2-0.8,3,38667,204000,36240468.41491843,217.65910720825195,a046,,,2026-08-23T21:02:52,harminv_tarama_rd0.130_dx+0.040_dy-0.100_s3_na1.3300_res20_nk6_simoto.json
harminv_tarama_rd0.130_dx+0.040_dy-0.150_s1_na1.3300_res20_nk6_simoto.json,legacy-campaign,harminv,sweep,harminv_tarama_rd0.130_dx+0.040_dy-0.150_s1_na1.3300_res20_nk6_simoto,0.13,0.04,-0.15,1,1.33,0.0,20,6,25,481.4,0.3105806451612903,0.06,1.0,1.5,1.0,pml,,,800.0,none,53.927224665196455,0.2988397523537687,1610.8967973916506,29.871679979691056,1.7448583870034937e-06,0.041822823318044156,780.5742985487104,14.474586878795515,0.33383951118145716,True,True,,2,38667,204000,35145604.21798302,224.43967533111572,a083,,,2026-08-23T21:01:13,harminv_tarama_rd0.130_dx+0.040_dy-0.150_s1_na1.3300_res20_nk6_simoto.json
harminv_tarama_rd0.130_dx+0.040_dy-0.150_s2_na1.3300_res20_nk6_simoto.json,legacy-campaign,harminv,sweep,harminv_tarama_rd0.130_dx+0.040_dy-0.150_s2_na1.3300_res20_nk6_simoto,0.13,0.04,-0.15,2,1.33,0.0,20,6,25,481.4,0.3105806451612903,0.06,1.0,1.5,1.0,pml,,,800.0,none,54.46176149271994,0.29696877618975137,1621.0458425178151,29.764844141783865,4.969286903427169e-07,0.010178917456699866,780.5742985487104,14.332520233541327,0.3073504387494529,True,True,,3,38667,204000,36444115.88873121,216.4428415298462,a085,,,2026-08-23T21:01:21,harminv_tarama_rd0.130_dx+0.040_dy-0.150_s2_na1.3300_res20_nk6_simoto.json
harminv_tarama_rd0.130_dx+0.040_dy-0.150_s3_na1.3300_res20_nk6_simoto.json,legacy-campaign,harminv,sweep,harminv_tarama_rd0.130_dx+0.040_dy-0.150_s3_na1.3300_res20_nk6_simoto,0.13,0.04,-0.15,3,1.33,0.0,20,6,25,481.4,0.3105806451612903,0.06,1.0,1.5,1.0,pml,,,800.0,none,548.8382935614184,0.28186155008782593,1707.9307193549434,3.1119015188830215,4.9461565921079165e-09,0.021015735865800588,780.5742985487104,1.4222300224052413,0.093464011890162,True,False,gap position outside 0.2-0.8,4,38667,204000,36102364.62588949,218.49172711372375,a076,,,2026-08-23T21:01:15,harminv_tarama_rd0.130_dx+0.040_dy-0.150_s3_na1.3300_res20_nk6_simoto.json
harminv_tarama_rd0.130_dx+0.080_dy+0.000_s1_na1.3300_res20_nk6_simoto.json,legacy-campaign,harminv,sweep,harminv_tarama_rd0.130_dx+0.080_dy+0.000_s1_na1.3300_res20_nk6_simoto,0.13,0.08,0.0,1,1.33,0.0,20,6,25,481.4,0.3105806451612903,0.06,1.0,1.5,1.0,pml,,,800.0,none,54.28060271331176,0.2978796514471996,1616.0889059094732,29.772862221980155,3.053186137925273e-06,0.034614372726799895,780.5742985487104,14.38035429841096,0.32024650933287413,True,True,,2,38667,204000,35934434.54540611,219.51279044151306,a076,,,2026-08-23T21:03:19,harminv_tarama_rd0.130_dx+0.080_dy+0.000_s1_na1.3300_res20_nk6_simoto.json
harminv_tarama_rd0.130_dx+0.080_dy+0.000_s2_na1.3300_res20_nk6_simoto.json,legacy-campaign,harminv,sweep,harminv_tarama_rd0.130_dx+0.080_dy+0.000_s2_na1.3300_res20_nk6_simoto,0.13,0.08,0.0,2,1.33,0.0,20,6,25,481.4,0.3105806451612903,0.06,1.0,1.5,1.0,pml,,,800.0,none,53.214420065646756,0.29685373102215584,1621.6740761263009,30.474335229544167,2.235765088075148e-05,0.006879178101060156,780.5742985487104,14.668473274457803,0.30572164206246216,True,True,,3,38667,204000,36006176.28558994,219.07541465759277,a046,,,2026-08-23T21:04:41,harminv_tarama_rd0.130_dx+0.080_dy+0.000_s2_na1.3300_res20_nk6_simoto.json
harminv_tarama_rd0.130_dx+0.080_dy+0.000_s3_na1.3300_res20_nk6_simoto.json,legacy-campaign,harminv,sweep,harminv_tarama_rd0.130_dx+0.080_dy+0.000_s3_na1.3300_res20_nk6_simoto,0.13,0.08,0.0,3,1.33,0.0,20,6,25,481.4,0.3105806451612903,0.06,1.0,1.5,1.0,pml,,,800.0,none,983.6642464843696,0.28117996958847497,1712.0707449558372,1.7405031758293574,9.276878369077999e-09,0.01704156266701666,780.5742985487104,0.7935373287567321,0.08381427098871556,False,False,Q > Q_lim,3,38667,204000,36252512.22078335,217.5867965221405,a083,,,2026-08-23T21:04:55,harminv_tarama_rd0.130_dx+0.080_dy+0.000_s3_na1.3300_res20_nk6_simoto.json
harminv_tarama_rd0.130_dx+0.080_dy+0.050_s1_na1.3300_res20_nk6_simoto.json,legacy-campaign,harminv,sweep,harminv_tarama_rd0.130_dx+0.080_dy+0.050_s1_na1.3300_res20_nk6_simoto,0.13,0.08,0.05,1,1.33,0.0,20,6,25,481.4,0.3105806451612903,0.06,1.0,1.5,1.0,pml,,,800.0,none,54.16848176548629,0.29763086226678187,1617.4397921425782,29.85942635691772,1.372635803632336e-06,0.03328128611615687,780.5742985487104,14.410119558603858,0.3167241797879411,True,True,,2,38667,204000,35752086.447933845,220.63238215446472,a046,,,2026-08-23T21:04:59,harminv_tarama_rd0.130_dx+0.080_dy+0.050_s1_na1.3300_res20_nk6_simoto.json
harminv_tarama_rd0.130_dx+0.080_dy+0.050_s2_na1.3300_res20_nk6_simoto.json,legacy-campaign,harminv,sweep,harminv_tarama_rd0.130_dx+0.080_dy+0.050_s2_na1.3300_res20_nk6_simoto,0.13,0.08,0.05,2,1.33,0.0,20,6,25,481.4,0.3105806451612903,0.06,1.0,1.5,1.0,pml,,,800.0,none,53.76968288958656,0.29665149123325185,1622.7796394978632,30.1801973210473,8.873631206516837e-06,0.006282985933738798,780.5742985487104,14.51699650436068,0.30285835362515345,True,True,,3,38667,204000,35637672.79305824,221.34071564674377,a083,,,2026-08-23T21:05:00,harminv_tarama_rd0.130_dx+0.080_dy+0.050_s2_na1.3300_res20_nk6_simoto.json
harminv_tarama_rd0.130_dx+0.080_dy+0.050_s3_na1.3300_res20_nk6_simoto.json,legacy-campaign,harminv,sweep,harminv_tarama_rd0.130_dx+0.080_dy+0.050_s3_na1.3300_res20_nk6_simoto,0.13,0.08,0.05,3,1.33,0.0,20,6,25,481.4,0.3105806451612903,0.06,1.0,1.5,1.0,pml,,,800.0,none,1026.951751063825,0.2812890491847685,1711.4068300745896,1.6664919537862746,3.6956916308813747e-09,0.017617172137831098,780.5742985487104,0.7600885803448012,0.08535860778072948,False,False,Q > Q_lim,3,38667,204000,36420559.574394874,216.58283376693726,a085,,,2026-08-23T21:05:05,harminv_tarama_rd0.130_dx+0.080_dy+0.050_s3_na1.3300_res20_nk6_simoto.json
harminv_tarama_rd0.130_dx+0.080_dy+0.100_s1_na1.3300_res20_nk6_simoto.json,legacy-campaign,harminv,sweep,harminv_tarama_rd0.130_dx+0.080_dy+0.100_s1_na1.3300_res20_nk6_simoto,0.13,0.08,0.1,1,1.33,0.0,20,6,25,481.4,0.3105806451612903,0.06,1.0,1.5,1.0,pml,,,800.0,none,54.015473823673325,0.2974381603050493,1618.4876866716813,29.96340811440495,1.941016889141034e-06,0.032756686777863114,780.5742985487104,14.450938653186611,0.3139959268468869,True,True,,2,38667,204000,36205914.201335214,217.86683678627014,a083,,,2026-08-23T21:06:38,harminv_tarama_rd0.130_dx+0.080_dy+0.100_s1_na1.3300_res20_nk6_simoto.json
harminv_tarama_rd0.130_dx+0.080_dy+0.100_s2_na1.3300_res20_nk6_simoto.json,legacy-campaign,harminv,sweep,harminv_tarama_rd0.130_dx+0.080_dy+0.100_s2_na1.3300_res20_nk6_simoto,0.13,0.08,0.1,2,1.33,0.0,20,6,25,481.4,0.3105806451612903,0.06,1.0,1.5,1.0,pml,,,800.0,none,440.31932975764477,0.28065064112973764,1715.2998406209272,3.8955815125469093,4.045055461758446e-08,0.011378028461958662,780.5742985487104,1.7727459273213027,0.07632009754413915,True,False,gap position outside 0.2-0.8,4,38667,204000,36234522.43143234,217.69482445716858,a085,,,2026-08-23T21:06:19,harminv_tarama_rd0.130_dx+0.080_dy+0.100_s2_na1.3300_res20_nk6_simoto.json
harminv_tarama_rd0.130_dx+0.080_dy+0.100_s3_na1.3300_res20_nk6_simoto.json,legacy-campaign,harminv,sweep,harminv_tarama_rd0.130_dx+0.080_dy+0.100_s3_na1.3300_res20_nk6_simoto,0.13,0.08,0.1,3,1.33,0.0,20,6,25,481.4,0.3105806451612903,0.06,1.0,1.5,1.0,pml,,,800.0,none,984.8446342354222,0.28161000423569815,1709.456314616878,1.735762429110459,5.925286354490766e-09,0.019421384112803034,780.5742985487104,0.7925862328068674,0.08990265369376692,False,False,Q > Q_lim,3,38667,204000,36484249.41574478,216.20474934577942,a076,,,2026-08-23T21:06:36,harminv_tarama_rd0.130_dx+0.080_dy+0.100_s3_na1.3300_res20_nk6_simoto.json
harminv_tarama_rd0.130_dx+0.080_dy+0.150_s1_na1.3300_res20_nk6_simoto.json,legacy-campaign,harminv,sweep,harminv_tarama_rd0.130_dx+0.080_dy+0.150_s1_na1.3300_res20_nk6_simoto,0.13,0.08,0.15,1,1.33,0.0,20,6,25,481.4,0.3105806451612903,0.06,1.0,1.5,1.0,pml,,,800.0,none,54.381378469706426,0.2972750003070183,1619.3759969819928,29.778134400989465,3.2417377291406205e-07,0.03235387181547598,780.5742985487104,14.353705634430275,0.31168592574213244,True,True,,2,38667,204000,36136224.85140559,218.28699684143066,a085,,,2026-08-23T21:06:42,harminv_tarama_rd0.130_dx+0.080_dy+0.150_s1_na1.3300_res20_nk6_simoto.json
harminv_tarama_rd0.130_dx+0.080_dy+0.150_s2_na1.3300_res20_nk6_simoto.json,legacy-campaign,harminv,sweep,harminv_tarama_rd0.130_dx+0.080_dy+0.150_s2_na1.3300_res20_nk6_simoto,0.13,0.08,0.15,2,1.33,0.0,20,6,25,481.4,0.3105806451612903,0.06,1.0,1.5,1.0,pml,,,800.0,none,423.83409061000225,0.2811924512174826,1711.99474920353,4.039304027525359,5.5161918280302216e-08,0.013300675899590633,780.5742985487104,1.8416977676931807,0.08399098450394425,True,False,gap position outside 0.2-0.8,4,38667,204000,36077367.52025605,218.64311456680298,a076,,,2026-08-23T21:06:41,harminv_tarama_rd0.130_dx+0.080_dy+0.150_s2_na1.3300_res20_nk6_simoto.json
harminv_tarama_rd0.130_dx+0.080_dy+0.150_s3_na1.3300_res20_nk6_simoto.json,legacy-campaign,harminv,sweep,harminv_tarama_rd0.130_dx+0.080_dy+0.150_s3_na1.3300_res20_nk6_simoto,0.13,0.08,0.15,3,1.33,0.0,20,6,25,481.4,0.3105806451612903,0.06,1.0,1.5,1.0,pml,,,800.0,none,857.3895604431846,0.28216330401935963,1706.1042068282927,1.9898821790487018,2.1214102187908346e-09,0.022884442783198015,780.5742985487104,0.910407980877714,0.0977362104904239,False,False,Q > Q_lim,3,38667,204000,35941747.35838554,219.46812772750854,a046,,,2026-08-23T21:06:59,harminv_tarama_rd0.130_dx+0.080_dy+0.150_s3_na1.3300_res20_nk6_simoto.json
harminv_tarama_rd0.130_dx+0.080_dy-0.050_s1_na1.3300_res20_nk6_simoto.json,legacy-campaign,harminv,sweep,harminv_tarama_rd0.130_dx+0.080_dy-0.050_s1_na1.3300_res20_nk6_simoto,0.13,0.08,-0.05,1,1.33,0.0,20,6,25,481.4,0.3105806451612903,0.06,1.0,1.5,1.0,pml,,,800.0,none,53.89877810513614,0.2981588408714032,1614.5756355674498,29.955700153684806,1.8045299365092875e-06,0.037099511006206884,780.5742985487104,14.482226239453983,0.3241992421480801,True,True,,3,38667,204000,36037150.41995264,218.88711810112,a085,,,2026-08-23T21:03:01,harminv_tarama_rd0.130_dx+0.080_dy-0.050_s1_na1.3300_res20_nk6_simoto.json
harminv_tarama_rd0.130_dx+0.080_dy-0.050_s2_na1.3300_res20_nk6_simoto.json,legacy-campaign,harminv,sweep,harminv_tarama_rd0.130_dx+0.080_dy-0.050_s2_na1.3300_res20_nk6_simoto,0.13,0.08,-0.05,2,1.33,0.0,20,6,25,481.4,0.3105806451612903,0.06,1.0,1.5,1.0,pml,,,800.0,none,53.927409361695325,0.2968191152687322,1621.8631996263214,30.074932558847003,6.665790036355593e-06,0.007491741664728013,780.5742985487104,14.474537304644803,0.30523155607560615,True,True,,2,38667,204000,36072755.32622423,218.67106986045837,a076,,,2026-08-23T21:02:57,harminv_tarama_rd0.130_dx+0.080_dy-0.050_s2_na1.3300_res20_nk6_simoto.json
harminv_tarama_rd0.130_dx+0.080_dy-0.050_s3_na1.3300_res20_nk6_simoto.json,legacy-campaign,harminv,sweep,harminv_tarama_rd0.130_dx+0.080_dy-0.050_s3_na1.3300_res20_nk6_simoto,0.13,0.08,-0.05,3,1.33,0.0,20,6,25,481.4,0.3105806451612903,0.06,1.0,1.5,1.0,pml,,,800.0,none,867.8334590791666,0.2812736156214171,1711.5007354544937,1.9721534328378147,1.0099797385335186e-08,0.017535227896586066,780.5742985487104,0.8994517212749041,0.08514010110738914,False,False,Q > Q_lim,3,38667,204000,36006664.30624569,219.07244539260864,a046,,,2026-08-23T21:03:14,harminv_tarama_rd0.130_dx+0.080_dy-0.050_s3_na1.3300_res20_nk6_simoto.json
harminv_tarama_rd0.130_dx+0.080_dy-0.100_s1_na1.3300_res20_nk6_simoto.json,legacy-campaign,harminv,sweep,harminv_tarama_rd0.130_dx+0.080_dy-0.100_s1_na1.3300_res20_nk6_simoto,0.13,0.08,-0.1,1,1.33,0.0,20,6,25,481.4,0.3105806451612903,0.06,1.0,1.5,1.0,pml,,,800.0,none,54.05447766992634,0.2984852422400124,1612.8100551547725,29.836752192909874,1.7864900106551755e-06,0.039273579222694435,780.5742985487104,14.44051135439959,0.3288203964210608,True,True,,2,38667,204000,35993537.656630464,219.15233993530273,a083,,,2026-08-23T21:02:53,harminv_tarama_rd0.130_dx+0.080_dy-0.100_s1_na1.3300_res20_nk6_simoto.json
harminv_tarama_rd0.130_dx+0.080_dy-0.100_s2_na1.3300_res20_nk6_simoto.json,legacy-campaign,harminv,sweep,harminv_tarama_rd0.130_dx+0.080_dy-0.100_s2_na1.3300_res20_nk6_simoto,0.13,0.08,-0.1,2,1.33,0.0,20,6,25,481.4,0.3105806451612903,0.06,1.0,1.5,1.0,pml,,,800.0,none,54.1071674636802,0.2969091179079156,1621.3715610758138,29.96592941525114,5.423216540897494e-06,0.008685010495422085,780.5742985487104,14.426449121970323,0.3065058034306768,True,True,,3,38667,204000,36220706.78492257,217.77785968780518,a085,,,2026-08-23T21:02:38,harminv_tarama_rd0.130_dx+0.080_dy-0.100_s2_na1.3300_res20_nk6_simoto.json
harminv_tarama_rd0.130_dx+0.080_dy-0.100_s3_na1.3300_res20_nk6_simoto.json,legacy-campaign,harminv,sweep,harminv_tarama_rd0.130_dx+0.080_dy-0.100_s3_na1.3300_res20_nk6_simoto,0.13,0.08,-0.1,3,1.33,0.0,20,6,25,481.4,0.3105806451612903,0.06,1.0,1.5,1.0,pml,,,800.0,none,701.1834533437617,0.28157002687344174,1709.6990235270196,2.4383048621211882,1.1384656686325817e-08,0.01909820889559618,780.5742985487104,1.113224071141945,0.08933665864539769,True,False,gap position outside 0.2-0.8,3,38667,204000,36347233.62156251,217.01976227760315,a076,,,2026-08-23T21:02:56,harminv_tarama_rd0.130_dx+0.080_dy-0.100_s3_na1.3300_res20_nk6_simoto.json
harminv_tarama_rd0.130_dx+0.080_dy-0.150_s1_na1.3300_res20_nk6_simoto.json,legacy-campaign,harminv,sweep,harminv_tarama_rd0.130_dx+0.080_dy-0.150_s1_na1.3300_res20_nk6_simoto,0.13,0.08,-0.15,1,1.33,0.0,20,6,25,481.4,0.3105806451612903,0.06,1.0,1.5,1.0,pml,,,800.0,none,53.94587538010506,0.29886136439306804,1610.7803060379986,29.859193027981625,1.9298808645336926e-06,0.04209821284787144,780.5742985487104,14.469582577884758,0.3341454920300717,True,True,,2,38667,204000,35909222.63493578,219.66691064834595,a046,,,2026-08-23T21:01:12,harminv_tarama_rd0.130_dx+0.080_dy-0.150_s1_na1.3300_res20_nk6_simoto.json
harminv_tarama_rd0.130_dx+0.080_dy-0.150_s2_na1.3300_res20_nk6_simoto.json,legacy-campaign,harminv,sweep,harminv_tarama_rd0.130_dx+0.080_dy-0.150_s2_na1.3300_res20_nk6_simoto,0.13,0.08,-0.15,2,1.33,0.0,20,6,25,481.4,0.3105806451612903,0.06,1.0,1.5,1.0,pml,,,800.0,none,54.7967652267357,0.2969929857810007,1620.9137018305844,29.58046328325472,3.117394650436042e-06,0.010231135569101027,780.5742985487104,14.24489740076597,0.3076931954496642,True,True,,4,38667,204000,35948261.86655661,219.42835593223572,a083,,,2026-08-23T21:01:14,harminv_tarama_rd0.130_dx+0.080_dy-0.150_s2_na1.3300_res20_nk6_simoto.json
harminv_tarama_rd0.130_dx+0.080_dy-0.150_s3_na1.3300_res20_nk6_simoto.json,legacy-campaign,harminv,sweep,harminv_tarama_rd0.130_dx+0.080_dy-0.150_s3_na1.3300_res20_nk6_simoto,0.13,0.08,-0.15,3,1.33,0.0,20,6,25,481.4,0.3105806451612903,0.06,1.0,1.5,1.0,pml,,,800.0,none,507.96913017374777,0.2820754803339466,1706.6353992558124,3.3597226639974522,7.09167889012985e-09,0.02176325664019989,780.5742985487104,1.5366569584291858,0.09649281252048045,True,False,gap position outside 0.2-0.8,3,38667,204000,36273547.79421742,217.4606146812439,a085,,,2026-08-23T21:01:25,harminv_tarama_rd0.130_dx+0.080_dy-0.150_s3_na1.3300_res20_nk6_simoto.json
harminv_tarama_rd0.140_dx+0.000_dy+0.000_s1_na1.3300_res20_nk6_simoto.json,legacy-campaign,harminv,sweep,harminv_tarama_rd0.140_dx+0.000_dy+0.000_s1_na1.3300_res20_nk6_simoto,0.14,0.0,0.0,1,1.33,0.0,20,6,25,481.4,0.3105806451612903,0.06,1.0,1.5,1.0,pml,,,800.0,even,53.49197275580375,0.29750510290473753,1618.1235054450358,30.2498379117916,2.008713212609811e-06,0.0500972293762363,780.5742985487104,14.592363271254003,0.3149436927276237,True,True,,2,38667,204000,35190511.50275196,112.07663178443909,a046,,,2026-08-23T21:10:26,harminv_tarama_rd0.140_dx+0.000_dy+0.000_s1_na1.3300_res20_nk6_simoto.json
harminv_tarama_rd0.140_dx+0.000_dy+0.000_s2_na1.3300_res20_nk6_simoto.json,legacy-campaign,harminv,sweep,harminv_tarama_rd0.140_dx+0.000_dy+0.000_s2_na1.3300_res20_nk6_simoto,0.14,0.0,0.0,2,1.33,0.0,20,6,25,481.4,0.3105806451612903,0.06,1.0,1.5,1.0,pml,,,800.0,even,53.41211710597889,0.2966767813017124,1622.6413064338494,30.37964780939591,7.019778956951588e-07,0.00871673574756021,780.5742985487104,14.614180093253292,0.30321640760154556,True,True,,2,38667,204000,35362035.518897206,111.53300261497498,a083,,,2026-08-23T21:10:23,harminv_tarama_rd0.140_dx+0.000_dy+0.000_s2_na1.3300_res20_nk6_simoto.json
harminv_tarama_rd0.140_dx+0.000_dy+0.000_s3_na1.3300_res20_nk6_simoto.json,legacy-campaign,harminv,sweep,harminv_tarama_rd0.140_dx+0.000_dy+0.000_s3_na1.3300_res20_nk6_simoto,0.14,0.0,0.0,3,1.33,0.0,20,6,25,481.4,0.3105806451612903,0.06,1.0,1.5,1.0,pml,,,800.0,even,55.0987598997341,0.29657507682519574,1623.197758737299,29.459787510483196,1.379915902303648e-05,0.0013939432464193614,780.5742985487104,14.166821539525746,0.3017764869350397,True,True,,2,38667,204000,35476155.921280295,111.17422103881836,a085,,,2026-08-23T21:10:03,harminv_tarama_rd0.140_dx+0.000_dy+0.000_s3_na1.3300_res20_nk6_simoto.json
harminv_tarama_rd0.140_dx+0.000_dy+0.050_s1_na1.3300_res20_nk6_simoto.json,legacy-campaign,harminv,sweep,harminv_tarama_rd0.140_dx+0.000_dy+0.050_s1_na1.3300_res20_nk6_simoto,0.14,0.0,0.05,1,1.33,0.0,20,6,25,481.4,0.3105806451612903,0.06,1.0,1.5,1.0,pml,,,800.0,even,53.45913589374318,0.2972651958336499,1619.4294076370522,30.29284668678285,2.0528401168177594e-06,0.04734296555873685,780.5742985487104,14.601326517888372,0.311547115098679,True,True,,2,38667,204000,35306097.487373315,111.70971250534058,a083,,,2026-08-23T21:10:49,harminv_tarama_rd0.140_dx+0.000_dy+0.050_s1_na1.3300_res20_nk6_simoto.json
harminv_tarama_rd0.140_dx+0.000_dy+0.050_s2_na1.3300_res20_nk6_simoto.json,legacy-campaign,harminv,sweep,harminv_tarama_rd0.140_dx+0.000_dy+0.050_s2_na1.3300_res20_nk6_simoto,0.14,0.0,0.05,2,1.33,0.0,20,6,25,481.4,0.3105806451612903,0.06,1.0,1.5,1.0,pml,,,800.0,even,53.41079303487872,0.29665340865240986,1622.7691506624774,30.382794533733367,3.357433643637153e-06,0.008144661250321364,780.5742985487104,14.614542383577302,0.30288550023232874,True,True,,3,38667,204000,35504258.7415236,111.08622288703918,a085,,,2026-08-23T21:10:27,harminv_tarama_rd0.140_dx+0.000_dy+0.050_s2_na1.3300_res20_nk6_simoto.json
harminv_tarama_rd0.140_dx+0.000_dy+0.050_s3_na1.3300_res20_nk6_simoto.json,legacy-campaign,harminv,sweep,harminv_tarama_rd0.140_dx+0.000_dy+0.050_s3_na1.3300_res20_nk6_simoto,0.14,0.0,0.05,3,1.33,0.0,20,6,25,481.4,0.3105806451612903,0.06,1.0,1.5,1.0,pml,,,800.0,even,53.63687650630943,0.2965432290771618,1623.37208473149,30.265969804198594,1.0337530426934314e-06,0.0013093539136092775,780.5742985487104,14.55294098747323,0.301325590060621,True,True,,2,38667,204000,35398906.94946719,111.41683006286621,a076,,,2026-08-23T21:10:26,harminv_tarama_rd0.140_dx+0.000_dy+0.050_s3_na1.3300_res20_nk6_simoto.json
harminv_tarama_rd0.140_dx+0.000_dy+0.100_s1_na1.3300_res20_nk6_simoto.json,legacy-campaign,harminv,sweep,harminv_tarama_rd0.140_dx+0.000_dy+0.100_s1_na1.3300_res20_nk6_simoto,0.14,0.0,0.1,1,1.33,0.0,20,6,25,481.4,0.3105806451612903,0.06,1.0,1.5,1.0,pml,,,800.0,even,53.46277901836901,0.2970625097601761,1620.534346083061,30.311449869193474,2.110682526864252e-06,0.04556646355740666,780.5742985487104,14.600331536834567,0.30867750821406875,True,True,,2,38667,204000,35540086.13660131,110.9742386341095,a085,,,2026-08-23T21:12:03,harminv_tarama_rd0.140_dx+0.000_dy+0.100_s1_na1.3300_res20_nk6_simoto.json
harminv_tarama_rd0.140_dx+0.000_dy+0.100_s2_na1.3300_res20_nk6_simoto.json,legacy-campaign,harminv,sweep,harminv_tarama_rd0.140_dx+0.000_dy+0.100_s2_na1.3300_res20_nk6_simoto,0.14,0.0,0.1,2,1.33,0.0,20,6,25,481.4,0.3105806451612903,0.06,1.0,1.5,1.0,pml,,,800.0,even,53.35547985857017,0.29660325839720353,1623.0435316233827,30.419434628375534,1.3015445749181145e-06,0.007678743184270491,780.5742985487104,14.62969315650024,0.3021754784970483,True,True,,2,38667,204000,35329994.130196236,111.63415384292603,a076,,,2026-08-23T21:10:43,harminv_tarama_rd0.140_dx+0.000_dy+0.100_s2_na1.3300_res20_nk6_simoto.json
harminv_tarama_rd0.140_dx+0.000_dy+0.100_s3_na1.3300_res20_nk6_simoto.json,legacy-campaign,harminv,sweep,harminv_tarama_rd0.140_dx+0.000_dy+0.100_s3_na1.3300_res20_nk6_simoto,0.14,0.0,0.1,3,1.33,0.0,20,6,25,481.4,0.3105806451612903,0.06,1.0,1.5,1.0,pml,,,800.0,even,52.989568260278496,0.2965701981386748,1623.2244609247612,30.632905951444528,2.690844997310315e-06,0.001267586666944025,780.5742985487104,14.730716331082785,0.30170741503390514,True,True,,2,38667,204000,35118944.405908555,112.30502700805664,a046,,,2026-08-23T21:10:58,harminv_tarama_rd0.140_dx+0.000_dy+0.100_s3_na1.3300_res20_nk6_simoto.json
harminv_tarama_rd0.140_dx+0.000_dy+0.150_s1_na1.3300_res20_nk6_simoto.json,legacy-campaign,harminv,sweep,harminv_tarama_rd0.140_dx+0.000_dy+0.150_s1_na1.3300_res20_nk6_simoto,0.14,0.0,0.15,1,1.33,0.0,20,6,25,481.4,0.3105806451612903,0.06,1.0,1.5,1.0,pml,,,800.0,even,53.38757984967191,0.2968969447610687,1621.4380393419417,30.371072146509864,2.861395788361667e-06,0.045072406511275,780.5742985487104,14.62089685928154,0.3063334573715694,True,True,,3,38667,204000,35310444.29144927,111.69596076011658,a076,,,2026-08-23T21:12:25,harminv_tarama_rd0.140_dx+0.000_dy+0.150_s1_na1.3300_res20_nk6_simoto.json
harminv_tarama_rd0.140_dx+0.000_dy+0.150_s2_na1.3300_res20_nk6_simoto.json,legacy-campaign,harminv,sweep,harminv_tarama_rd0.140_dx+0.000_dy+0.150_s2_na1.3300_res20_nk6_simoto,0.14,0.0,0.15,2,1.33,0.0,20,6,25,481.4,0.3105806451612903,0.06,1.0,1.5,1.0,pml,,,800.0,even,52.92788355955482,0.2965610573934617,1623.2744927170381,30.669552295445904,5.8556363725841416e-06,0.007577705075017576,780.5742985487104,14.747884216273315,0.3015780013798521,True,True,,2,38667,204000,35076483.030752696,112.44097638130188,a046,,,2026-08-23T21:12:29,harminv_tarama_rd0.140_dx+0.000_dy+0.150_s2_na1.3300_res20_nk6_simoto.json
harminv_tarama_rd0.140_dx+0.000_dy+0.150_s3_na1.3300_res20_nk6_simoto.json,legacy-campaign,harminv,sweep,harminv_tarama_rd0.140_dx+0.000_dy+0.150_s3_na1.3300_res20_nk6_simoto,0.14,0.0,0.15,3,1.33,0.0,20,6,25,481.4,0.3105806451612903,0.06,1.0,1.5,1.0,pml,,,800.0,even,53.479121404754025,0.2964736719279148,1623.7529520565608,30.362371508822456,4.615017657889268e-06,0.0012401324856845916,780.5742985487104,14.595869902965932,0.30034080767803234,True,True,,2,38667,204000,35459157.29489783,111.22751641273499,a083,,,2026-08-23T21:12:25,harminv_tarama_rd0.140_dx+0.000_dy+0.150_s3_na1.3300_res20_nk6_simoto.json
harminv_tarama_rd0.140_dx+0.000_dy-0.050_s1_na1.3300_res20_nk6_simoto.json,legacy-campaign,harminv,sweep,harminv_tarama_rd0.140_dx+0.000_dy-0.050_s1_na1.3300_res20_nk6_simoto,0.14,0.0,-0.05,1,1.33,0.0,20,6,25,481.4,0.3105806451612903,0.06,1.0,1.5,1.0,pml,,,800.0,even,53.11685512049023,0.2977809343600186,1616.6246540753511,30.435247915340643,3.222258847088458e-06,0.05438935642702535,780.5742985487104,14.69541630011898,0.3188488837923124,True,True,,2,38667,204000,35175819.07669896,112.12344455718994,a076,,,2026-08-23T21:08:41,harminv_tarama_rd0.140_dx+0.000_dy-0.050_s1_na1.3300_res20_nk6_simoto.json
harminv_tarama_rd0.140_dx+0.000_dy-0.050_s2_na1.3300_res20_nk6_simoto.json,legacy-campaign,harminv,sweep,harminv_tarama_rd0.140_dx+0.000_dy-0.050_s2_na1.3300_res20_nk6_simoto,0.14,0.0,-0.05,2,1.33,0.0,20,6,25,481.4,0.3105806451612903,0.06,1.0,1.5,1.0,pml,,,800.0,even,66.75665932786859,0.30244394040860895,1591.6999340427094,23.843313162590057,7.386470289121863e-05,0.018498934375315332,780.5742985487104,11.692830444300673,0.3848672047883244,True,True,,3,38667,204000,35362022.139176145,111.53304481506348,a046,,,2026-08-23T21:08:46,harminv_tarama_rd0.140_dx+0.000_dy-0.050_s2_na1.3300_res20_nk6_simoto.json
harminv_tarama_rd0.140_dx+0.000_dy-0.050_s3_na1.3300_res20_nk6_simoto.json,legacy-campaign,harminv,sweep,harminv_tarama_rd0.140_dx+0.000_dy-0.050_s3_na1.3300_res20_nk6_simoto,0.14,0.0,-0.05,3,1.33,0.0,20,6,25,481.4,0.3105806451612903,0.06,1.0,1.5,1.0,pml,,,800.0,even,53.79533234719605,0.29646170370968006,1623.8185032877868,30.185118902280085,1.029922399760851e-05,0.0014791985928899283,780.5742985487104,14.51007484275531,0.3001713629754225,True,True,,2,38667,204000,35342089.74237958,111.59594774246216,a083,,,2026-08-23T21:08:48,harminv_tarama_rd0.140_dx+0.000_dy-0.050_s3_na1.3300_res20_nk6_simoto.json
harminv_tarama_rd0.140_dx+0.000_dy-0.100_s1_na1.3300_res20_nk6_simoto.json,legacy-campaign,harminv,sweep,harminv_tarama_rd0.140_dx+0.000_dy-0.100_s1_na1.3300_res20_nk6_simoto,0.14,0.0,-0.1,1,1.33,0.0,20,6,25,481.4,0.3105806451612903,0.06,1.0,1.5,1.0,pml,,,800.0,even,53.301024289493,0.2981061238843489,1614.86115658181,30.297000444326184,2.260802964889031e-06,0.05877803201515829,780.5742985487104,14.644639741052437,0.3234528809087787,True,True,,3,38667,204000,35481282.424031824,111.15815806388855,a085,,,2026-08-23T21:08:25,harminv_tarama_rd0.140_dx+0.000_dy-0.100_s1_na1.3300_res20_nk6_simoto.json
harminv_tarama_rd0.140_dx+0.000_dy-0.100_s2_na1.3300_res20_nk6_simoto.json,legacy-campaign,harminv,sweep,harminv_tarama_rd0.140_dx+0.000_dy-0.100_s2_na1.3300_res20_nk6_simoto,0.14,0.0,-0.1,2,1.33,0.0,20,6,25,481.4,0.3105806451612903,0.06,1.0,1.5,1.0,pml,,,800.0,even,53.621050440457736,0.2967846501760482,1622.0515438195362,30.25027541414367,5.471586304355852e-07,0.011071007528558956,780.5742985487104,14.557236237202797,0.30474360312674426,True,True,,2,38667,204000,35462103.89322594,111.21827435493469,a076,,,2026-08-23T21:07:05,harminv_tarama_rd0.140_dx+0.000_dy-0.100_s2_na1.3300_res20_nk6_simoto.json
harminv_tarama_rd0.140_dx+0.000_dy-0.100_s3_na1.3300_res20_nk6_simoto.json,legacy-campaign,harminv,sweep,harminv_tarama_rd0.140_dx+0.000_dy-0.100_s3_na1.3300_res20_nk6_simoto,0.14,0.0,-0.1,3,1.33,0.0,20,6,25,481.4,0.3105806451612903,0.06,1.0,1.5,1.0,pml,,,800.0,even,62.566532208799245,0.29672993195733516,1622.3506567892089,25.93000761773152,6.668042710883818e-05,0.001553398382082693,780.5742985487104,12.475907981342969,0.30396890867220444,True,True,,3,38667,204000,35124462.78653514,112.28738284111023,a046,,,2026-08-23T21:08:27,harminv_tarama_rd0.140_dx+0.000_dy-0.100_s3_na1.3300_res20_nk6_simoto.json
harminv_tarama_rd0.140_dx+0.000_dy-0.150_s1_na1.3300_res20_nk6_simoto.json,legacy-campaign,harminv,sweep,harminv_tarama_rd0.140_dx+0.000_dy-0.150_s1_na1.3300_res20_nk6_simoto,0.14,0.0,-0.15,1,1.33,0.0,20,6,25,481.4,0.3105806451612903,0.06,1.0,1.5,1.0,pml,,,800.0,even,53.39903245866233,0.298466684584868,1612.910334262501,30.204860650070756,1.915253511955673e-06,0.06376764024265436,780.5742985487104,14.617761083086563,0.3285576592035906,True,True,,2,38667,204000,35581614.66158868,110.84471678733826,a083,,,2026-08-23T21:07:05,harminv_tarama_rd0.140_dx+0.000_dy-0.150_s1_na1.3300_res20_nk6_simoto.json
harminv_tarama_rd0.140_dx+0.000_dy-0.150_s2_na1.3300_res20_nk6_simoto.json,legacy-campaign,harminv,sweep,harminv_tarama_rd0.140_dx+0.000_dy-0.150_s2_na1.3300_res20_nk6_simoto,0.14,0.0,-0.15,2,1.33,0.0,20,6,25,481.4,0.3105806451612903,0.06,1.0,1.5,1.0,pml,,,800.0,even,53.746131745717804,0.2968611823453691,1621.6333715195472,30.17209460192919,2.730552333986783e-06,0.013101313370776213,780.5742985487104,14.523357741199716,0.30582713706774706,True,True,,2,38667,204000,35562322.57340644,110.90484857559204,a085,,,2026-08-23T21:06:47,harminv_tarama_rd0.140_dx+0.000_dy-0.150_s2_na1.3300_res20_nk6_simoto.json
harminv_tarama_rd0.140_dx+0.000_dy-0.150_s3_na1.3300_res20_nk6_simoto.json,legacy-campaign,harminv,sweep,harminv_tarama_rd0.140_dx+0.000_dy-0.150_s3_na1.3300_res20_nk6_simoto,0.14,0.0,-0.15,3,1.33,0.0,20,6,25,481.4,0.3105806451612903,0.06,1.0,1.5,1.0,pml,,,800.0,even,53.515418897725965,0.29658074804021706,1623.1667199609362,30.330823403680945,2.128797340301317e-06,0.002031096676900122,780.5742985487104,14.58597007416641,0.3018567793665342,True,True,,2,38667,204000,35404852.00250135,111.39812135696411,a076,,,2026-08-23T21:06:42,harminv_tarama_rd0.140_dx+0.000_dy-0.150_s3_na1.3300_res20_nk6_simoto.json
harminv_tarama_rd0.140_dx+0.040_dy+0.000_s1_na1.3300_res20_nk6_simoto.json,legacy-campaign,harminv,sweep,harminv_tarama_rd0.140_dx+0.040_dy+0.000_s1_na1.3300_res20_nk6_simoto,0.14,0.04,0.0,1,1.33,0.0,20,6,25,481.4,0.3105806451612903,0.06,1.0,1.5,1.0,pml,,,800.0,none,53.780555422153775,0.2975169030114381,1618.0593274779162,30.086326085271157,3.6093340065099683e-06,0.024938957290923977,780.5742985487104,14.514061679384762,0.31511075732583127,True,True,,2,38667,204000,36347322.30893586,217.01923274993896,a076,,,2026-08-23T21:10:19,harminv_tarama_rd0.140_dx+0.040_dy+0.000_s1_na1.3300_res20_nk6_simoto.json
harminv_tarama_rd0.140_dx+0.040_dy+0.000_s2_na1.3300_res20_nk6_simoto.json,legacy-campaign,harminv,sweep,harminv_tarama_rd0.140_dx+0.040_dy+0.000_s2_na1.3300_res20_nk6_simoto,0.14,0.04,0.0,2,1.33,0.0,20,6,25,481.4,0.3105806451612903,0.06,1.0,1.5,1.0,pml,,,800.0,none,53.19221247384476,0.2966753690280475,1622.649030747439,30.505387072314665,3.6300321675571205e-06,0.004444607251968015,780.5742985487104,14.674597318780977,0.30319641278807713,True,True,,2,38667,204000,36056178.744163,218.77160239219666,a046,,,2026-08-23T21:10:43,harminv_tarama_rd0.140_dx+0.040_dy+0.000_s2_na1.3300_res20_nk6_simoto.json
harminv_tarama_rd0.140_dx+0.040_dy+0.000_s3_na1.3300_res20_nk6_simoto.json,legacy-campaign,harminv,sweep,harminv_tarama_rd0.140_dx+0.040_dy+0.000_s3_na1.3300_res20_nk6_simoto,0.14,0.04,0.0,3,1.33,0.0,20,6,25,481.4,0.3105806451612903,0.06,1.0,1.5,1.0,pml,,,800.0,none,55.368034275065334,0.29645165457333494,1623.873547586874,29.328719519272802,1.651396885834858e-05,0.0006466455383683282,780.5742985487104,14.097923265089392,0.3000290884207573,True,True,,2,38667,204000,36396839.89663543,216.72397994995117,a083,,,2026-08-23T21:10:47,harminv_tarama_rd0.140_dx+0.040_dy+0.000_s3_na1.3300_res20_nk6_simoto.json
harminv_tarama_rd0.140_dx+0.040_dy+0.050_s1_na1.3300_res20_nk6_simoto.json,legacy-campaign,harminv,sweep,harminv_tarama_rd0.140_dx+0.040_dy+0.050_s1_na1.3300_res20_nk6_simoto,0.14,0.04,0.05,1,1.33,0.0,20,6,25,481.4,0.3105806451612903,0.06,1.0,1.5,1.0,pml,,,800.0,none,53.65496818969605,0.29726269530953947,1619.4430300065685,30.182536392176406,1.5623262655094255e-06,0.023599096805074677,780.5742985487104,14.548033945132646,0.31151171295644264,True,True,,2,38667,204000,35919353.46590871,219.60495495796204,a046,,,2026-08-23T21:10:45,harminv_tarama_rd0.140_dx+0.040_dy+0.050_s1_na1.3300_res20_nk6_simoto.json
harminv_tarama_rd0.140_dx+0.040_dy+0.050_s2_na1.3300_res20_nk6_simoto.json,legacy-campaign,harminv,sweep,harminv_tarama_rd0.140_dx+0.040_dy+0.050_s2_na1.3300_res20_nk6_simoto,0.14,0.04,0.05,2,1.33,0.0,20,6,25,481.4,0.3105806451612903,0.06,1.0,1.5,1.0,pml,,,800.0,none,53.3199735822036,0.29663317865273436,1622.8798214227086,30.436620883180083,8.486638746113341e-07,0.004108920472517942,780.5742985487104,14.639435207995671,0.30259908614699216,True,True,,2,38667,204000,36467959.99302517,216.3013231754303,a083,,,2026-08-23T21:12:18,harminv_tarama_rd0.140_dx+0.040_dy+0.050_s2_na1.3300_res20_nk6_simoto.json
harminv_tarama_rd0.140_dx+0.040_dy+0.050_s3_na1.3300_res20_nk6_simoto.json,legacy-campaign,harminv,sweep,harminv_tarama_rd0.140_dx+0.040_dy+0.050_s3_na1.3300_res20_nk6_simoto,0.14,0.04,0.05,3,1.33,0.0,20,6,25,481.4,0.3105806451612903,0.06,1.0,1.5,1.0,pml,,,800.0,none,54.0434566957332,0.29641930325797644,1624.0507777627192,30.050830887931344,1.5718737266171383e-05,0.0006218918819661121,780.5742985487104,14.44345617904078,0.29957106209616646,True,True,,3,38667,204000,36530871.949008465,215.92881798744202,a085,,,2026-08-23T21:12:01,harminv_tarama_rd0.140_dx+0.040_dy+0.050_s3_na1.3300_res20_nk6_simoto.json
harminv_tarama_rd0.140_dx+0.040_dy+0.100_s1_na1.3300_res20_nk6_simoto.json,legacy-campaign,harminv,sweep,harminv_tarama_rd0.140_dx+0.040_dy+0.100_s1_na1.3300_res20_nk6_simoto,0.14,0.04,0.1,1,1.33,0.0,20,6,25,481.4,0.3105806451612903,0.06,1.0,1.5,1.0,pml,,,800.0,none,53.69022062475308,0.29705578463183374,1620.5710338098265,30.183728339210553,5.171968643315343e-07,0.02269591370983768,780.5742985487104,14.538481858814308,0.3085822945949956,True,True,,2,38667,204000,35920809.57907243,219.59605288505554,a083,,,2026-08-23T21:12:21,harminv_tarama_rd0.140_dx+0.040_dy+0.100_s1_na1.3300_res20_nk6_simoto.json
harminv_tarama_rd0.140_dx+0.040_dy+0.100_s2_na1.3300_res20_nk6_simoto.json,legacy-campaign,harminv,sweep,harminv_tarama_rd0.140_dx+0.040_dy+0.100_s2_na1.3300_res20_nk6_simoto,0.14,0.04,0.1,2,1.33,0.0,20,6,25,481.4,0.3105806451612903,0.06,1.0,1.5,1.0,pml,,,800.0,none,53.475309345537504,0.29659042439177,1623.1137636598567,30.352582968186326,1.393796325975724e-06,0.0039000342580027447,780.5742985487104,14.596910389146707,0.301993776075575,True,True,,2,38667,204000,36555246.967795335,215.784836769104,a085,,,2026-08-23T21:12:24,harminv_tarama_rd0.140_dx+0.040_dy+0.100_s2_na1.3300_res20_nk6_simoto.json
harminv_tarama_rd0.140_dx+0.040_dy+0.100_s3_na1.3300_res20_nk6_simoto.json,legacy-campaign,harminv,sweep,harminv_tarama_rd0.140_dx+0.040_dy+0.100_s3_na1.3300_res20_nk6_simoto,0.14,0.04,0.1,3,1.33,0.0,20,6,25,481.4,0.3105806451612903,0.06,1.0,1.5,1.0,pml,,,800.0,none,53.65211095614122,0.2964650922912147,1623.7999431215517,30.26535049942309,6.259891072697713e-06,0.0006456377644560305,780.5742985487104,14.548808698073472,0.3002193381358972,True,True,,2,38667,204000,36614414.421237856,215.43613696098328,a076,,,2026-08-23T21:12:25,harminv_tarama_rd0.140_dx+0.040_dy+0.100_s3_na1.3300_res20_nk6_simoto.json
harminv_tarama_rd0.140_dx+0.040_dy+0.150_s1_na1.3300_res20_nk6_simoto.json,legacy-campaign,harminv,sweep,harminv_tarama_rd0.140_dx+0.040_dy+0.150_s1_na1.3300_res20_nk6_simoto,0.14,0.04,0.15,1,1.33,0.0,20,6,25,481.4,0.3105806451612903,0.06,1.0,1.5,1.0,pml,,,800.0,none,53.40905703479462,0.2968970104237374,1621.4376807396484,30.358852426159174,2.768107873536962e-06,0.022683461207641954,780.5742985487104,14.615017412499652,0.3063343870163295,True,True,,2,38667,204000,36048662.184633866,218.81721878051758,a085,,,2026-08-23T21:12:29,harminv_tarama_rd0.140_dx+0.040_dy+0.150_s1_na1.3300_res20_nk6_simoto.json
harminv_tarama_rd0.140_dx+0.040_dy+0.150_s2_na1.3300_res20_nk6_simoto.json,legacy-campaign,harminv,sweep,harminv_tarama_rd0.140_dx+0.040_dy+0.150_s2_na1.3300_res20_nk6_simoto,0.14,0.04,0.15,2,1.33,0.0,20,6,25,481.4,0.3105806451612903,0.06,1.0,1.5,1.0,pml,,,800.0,none,52.85198251783466,0.29651838812165454,1623.5080834261546,30.718016734345003,1.1161101956030116e-05,0.0038927495348558337,780.5742985487104,14.769063739194822,0.300973894575469,True,True,,2,38667,204000,36260074.06138876,217.54141998291016,a076,,,2026-08-23T21:12:41,harminv_tarama_rd0.140_dx+0.040_dy+0.150_s2_na1.3300_res20_nk6_simoto.json
harminv_tarama_rd0.140_dx+0.040_dy+0.150_s3_na1.3300_res20_nk6_simoto.json,legacy-campaign,harminv,sweep,harminv_tarama_rd0.140_dx+0.040_dy+0.150_s3_na1.3300_res20_nk6_simoto,0.14,0.04,0.15,3,1.33,0.0,20,6,25,481.4,0.3105806451612903,0.06,1.0,1.5,1.0,pml,,,800.0,none,72.52517364681295,0.2851631735132389,1688.1562723163154,23.27683185616888,9.152518731325418e-05,0.00027854688751117015,780.5742985487104,10.762804958592637,0.14020802912615923,True,False,gap position outside 0.2-0.8,1,38667,204000,35968973.07141593,219.30200743675232,a046,,,2026-08-23T21:12:57,harminv_tarama_rd0.140_dx+0.040_dy+0.150_s3_na1.3300_res20_nk6_simoto.json
harminv_tarama_rd0.140_dx+0.040_dy-0.050_s1_na1.3300_res20_nk6_simoto.json,legacy-campaign,harminv,sweep,harminv_tarama_rd0.140_dx+0.040_dy-0.050_s1_na1.3300_res20_nk6_simoto,0.14,0.04,-0.05,1,1.33,0.0,20,6,25,481.4,0.3105806451612903,0.06,1.0,1.5,1.0,pml,,,800.0,none,53.424589561987716,0.2977878281760923,1616.5872290634104,30.25923535056286,2.1926127003153757e-06,0.027071754697622213,780.5742985487104,14.610768280082382,0.3189464856735229,True,True,,3,38667,204000,36138987.3723959,218.27031064033508,a085,,,2026-08-23T21:08:48,harminv_tarama_rd0.140_dx+0.040_dy-0.050_s1_na1.3300_res20_nk6_simoto.json
harminv_tarama_rd0.140_dx+0.040_dy-0.050_s2_na1.3300_res20_nk6_simoto.json,legacy-campaign,harminv,sweep,harminv_tarama_rd0.140_dx+0.040_dy-0.050_s2_na1.3300_res20_nk6_simoto,0.14,0.04,-0.05,2,1.33,0.0,20,6,25,481.4,0.3105806451612903,0.06,1.0,1.5,1.0,pml,,,800.0,none,53.30498001228052,0.29671695231853057,1622.4216251830771,30.43658631537429,2.5165141841148456e-06,0.004912993934838709,780.5742985487104,14.643552973265914,0.3037851443896613,True,True,,2,38667,204000,35931735.36271561,219.52928018569946,a076,,,2026-08-23T21:09:03,harminv_tarama_rd0.140_dx+0.040_dy-0.050_s2_na1.3300_res20_nk6_simoto.json
harminv_tarama_rd0.140_dx+0.040_dy-0.050_s3_na1.3300_res20_nk6_simoto.json,legacy-campaign,harminv,sweep,harminv_tarama_rd0.140_dx+0.040_dy-0.050_s3_na1.3300_res20_nk6_simoto,0.14,0.04,-0.05,3,1.33,0.0,20,6,25,481.4,0.3105806451612903,0.06,1.0,1.5,1.0,pml,,,800.0,none,53.89169738414298,0.2964725167554707,1623.7592788307481,30.130045213764614,8.408721827453474e-06,0.0007366766391956823,780.5742985487104,14.484129029834298,0.3003244528750523,True,True,,2,38667,204000,36336220.58504083,217.08553814888,a046,,,2026-08-23T21:10:21,harminv_tarama_rd0.140_dx+0.040_dy-0.050_s3_na1.3300_res20_nk6_simoto.json
harminv_tarama_rd0.140_dx+0.040_dy-0.100_s1_na1.3300_res20_nk6_simoto.json,legacy-campaign,harminv,sweep,harminv_tarama_rd0.140_dx+0.040_dy-0.100_s1_na1.3300_res20_nk6_simoto,0.14,0.04,-0.1,1,1.33,0.0,20,6,25,481.4,0.3105806451612903,0.06,1.0,1.5,1.0,pml,,,800.0,none,53.544526478797756,0.2981034900484797,1614.875424375982,30.15948651661773,1.7453611242369948e-06,0.0291587525497065,780.5742985487104,14.578040929315112,0.3234155913534896,True,True,,2,38667,204000,36324070.45701827,217.1581516265869,a083,,,2026-08-23T21:08:39,harminv_tarama_rd0.140_dx+0.040_dy-0.100_s1_na1.3300_res20_nk6_simoto.json
harminv_tarama_rd0.140_dx+0.040_dy-0.100_s2_na1.3300_res20_nk6_simoto.json,legacy-campaign,harminv,sweep,harminv_tarama_rd0.140_dx+0.040_dy-0.100_s2_na1.3300_res20_nk6_simoto,0.14,0.04,-0.1,2,1.33,0.0,20,6,25,481.4,0.3105806451612903,0.06,1.0,1.5,1.0,pml,,,800.0,none,53.59454095874552,0.29679443979713693,1621.9980412336683,30.26423983148216,1.1257052384919572e-06,0.005534866716685104,780.5742985487104,14.564436686743127,0.3048822034932739,True,True,,2,38667,204000,36546323.13950337,215.8375267982483,a085,,,2026-08-23T21:08:45,harminv_tarama_rd0.140_dx+0.040_dy-0.100_s2_na1.3300_res20_nk6_simoto.json
harminv_tarama_rd0.140_dx+0.040_dy-0.100_s3_na1.3300_res20_nk6_simoto.json,legacy-campaign,harminv,sweep,harminv_tarama_rd0.140_dx+0.040_dy-0.100_s3_na1.3300_res20_nk6_simoto,0.14,0.04,-0.1,3,1.33,0.0,20,6,25,481.4,0.3105806451612903,0.06,1.0,1.5,1.0,pml,,,800.0,none,53.379754998610274,0.29650104410606964,1623.6030515554778,30.416082868828227,6.328692965269446e-06,0.0008883909453957351,780.5742985487104,14.623040112661297,0.30072833993189535,True,True,,2,38667,204000,36245776.514652416,217.6272315979004,a076,,,2026-08-23T21:08:40,harminv_tarama_rd0.140_dx+0.040_dy-0.100_s3_na1.3300_res20_nk6_simoto.json
harminv_tarama_rd0.140_dx+0.040_dy-0.150_s1_na1.3300_res20_nk6_simoto.json,legacy-campaign,harminv,sweep,harminv_tarama_rd0.140_dx+0.040_dy-0.150_s1_na1.3300_res20_nk6_simoto,0.14,0.04,-0.15,1,1.33,0.0,20,6,25,481.4,0.3105806451612903,0.06,1.0,1.5,1.0,pml,,,800.0,none,53.465708810105106,0.2984793754958629,1612.8417556497884,30.16590991766593,2.3751229219240667e-06,0.031828687936619623,780.5742985487104,14.599531473922601,0.32873733570991737,True,True,,3,38667,204000,35777521.602379486,220.4755289554596,a046,,,2026-08-23T21:07:00,harminv_tarama_rd0.140_dx+0.040_dy-0.150_s1_na1.3300_res20_nk6_simoto.json
harminv_tarama_rd0.140_dx+0.040_dy-0.150_s2_na1.3300_res20_nk6_simoto.json,legacy-campaign,harminv,sweep,harminv_tarama_rd0.140_dx+0.040_dy-0.150_s2_na1.3300_res20_nk6_simoto,0.14,0.04,-0.15,2,1.33,0.0,20,6,25,481.4,0.3105806451612903,0.06,1.0,1.5,1.0,pml,,,800.0,none,53.530213785686314,0.29685740691362483,1621.6539954486318,30.294181187863167,3.3650295459975794e-06,0.006628174565538985,780.5742985487104,14.581938747224502,0.30577368492503143,True,True,,2,38667,204000,36423501.15501242,216.56534242630005,a083,,,2026-08-23T21:08:35,harminv_tarama_rd0.140_dx+0.040_dy-0.150_s2_na1.3300_res20_nk6_simoto.json
harminv_tarama_rd0.140_dx+0.040_dy-0.150_s3_na1.3300_res20_nk6_simoto.json,legacy-campaign,harminv,sweep,harminv_tarama_rd0.140_dx+0.040_dy-0.150_s3_na1.3300_res20_nk6_simoto,0.14,0.04,-0.15,3,1.33,0.0,20,6,25,481.4,0.3105806451612903,0.06,1.0,1.5,1.0,pml,,,800.0,none,50.233221649385456,0.296564638178189,1623.2548929544114,32.314369647328206,2.8866639303458995e-05,0.0011170464296705142,780.5742985487104,15.539005321954297,0.30162869773175044,True,True,,2,38667,204000,36672589.6901356,215.09438157081604,a085,,,2026-08-23T21:08:21,harminv_tarama_rd0.140_dx+0.040_dy-0.150_s3_na1.3300_res20_nk6_simoto.json
harminv_tarama_rd0.140_dx+0.080_dy+0.000_s1_na1.3300_res20_nk6_simoto.json,legacy-campaign,harminv,sweep,harminv_tarama_rd0.140_dx+0.080_dy+0.000_s1_na1.3300_res20_nk6_simoto,0.14,0.08,0.0,1,1.33,0.0,20,6,25,481.4,0.3105806451612903,0.06,1.0,1.5,1.0,pml,,,800.0,none,53.7348364987499,0.2975116477718236,1618.0879088445286,30.11245616951253,1.8482034822931408e-06,0.02522281875141993,780.5742985487104,14.526410600818892,0.31503635422787946,True,True,,2,38667,204000,36092194.64730548,218.5532932281494,a085,,,2026-08-23T21:10:23,harminv_tarama_rd0.140_dx+0.080_dy+0.000_s1_na1.3300_res20_nk6_simoto.json
harminv_tarama_rd0.140_dx+0.080_dy+0.000_s2_na1.3300_res20_nk6_simoto.json,legacy-campaign,harminv,sweep,harminv_tarama_rd0.140_dx+0.080_dy+0.000_s2_na1.3300_res20_nk6_simoto,0.14,0.08,0.0,2,1.33,0.0,20,6,25,481.4,0.3105806451612903,0.06,1.0,1.5,1.0,pml,,,800.0,none,53.37030885411619,0.2966710602857969,1622.6725975100005,30.404032360866726,1.517401169772503e-06,0.0044848845318591,780.5742985487104,14.625628281116994,0.3031354100945302,True,True,,2,38667,204000,36103375.332073756,218.4856104850769,a076,,,2026-08-23T21:10:23,harminv_tarama_rd0.140_dx+0.080_dy+0.000_s2_na1.3300_res20_nk6_simoto.json
harminv_tarama_rd0.140_dx+0.080_dy+0.000_s3_na1.3300_res20_nk6_simoto.json,legacy-campaign,harminv,sweep,harminv_tarama_rd0.140_dx+0.080_dy+0.000_s3_na1.3300_res20_nk6_simoto,0.14,0.08,0.0,3,1.33,0.0,20,6,25,481.4,0.3105806451612903,0.06,1.0,1.5,1.0,pml,,,800.0,none,53.444917161388915,0.2964667509159062,1623.790858545722,30.382512403234177,9.01873115557588e-06,0.0006895233422774995,780.5742985487104,14.605211122165112,0.3002428207597997,True,True,,3,38667,204000,36159089.078022994,218.14896893501282,a046,,,2026-08-23T21:10:45,harminv_tarama_rd0.140_dx+0.080_dy+0.000_s3_na1.3300_res20_nk6_simoto.json
harminv_tarama_rd0.140_dx+0.080_dy+0.050_s1_na1.3300_res20_nk6_simoto.json,legacy-campaign,harminv,sweep,harminv_tarama_rd0.140_dx+0.080_dy+0.050_s1_na1.3300_res20_nk6_simoto,0.14,0.08,0.05,1,1.33,0.0,20,6,25,481.4,0.3105806451612903,0.06,1.0,1.5,1.0,pml,,,800.0,none,53.626020470006544,0.297263719413868,1619.4374508574545,30.198725108890347,5.154738156421727e-07,0.023918120682481146,780.5742985487104,14.555887080699785,0.3115262121116203,True,True,,2,38667,204000,35897337.56879163,219.73963904380798,a076,,,2026-08-23T21:10:40,harminv_tarama_rd0.140_dx+0.080_dy+0.050_s1_na1.3300_res20_nk6_simoto.json
harminv_tarama_rd0.140_dx+0.080_dy+0.050_s2_na1.3300_res20_nk6_simoto.json,legacy-campaign,harminv,sweep,harminv_tarama_rd0.140_dx+0.080_dy+0.050_s2_na1.3300_res20_nk6_simoto,0.14,0.08,0.05,2,1.33,0.0,20,6,25,481.4,0.3105806451612903,0.06,1.0,1.5,1.0,pml,,,800.0,none,53.6598016185981,0.29664577795334063,1622.8108935894556,30.242580938409603,1.6413750681052884e-06,0.004100584500940623,780.5742985487104,14.546723524936942,0.30277746564362634,True,True,,2,38667,204000,35417063.918352164,222.7194218635559,a046,,,2026-08-23T21:10:48,harminv_tarama_rd0.140_dx+0.080_dy+0.050_s2_na1.3300_res20_nk6_simoto.json
harminv_tarama_rd0.140_dx+0.080_dy+0.050_s3_na1.3300_res20_nk6_simoto.json,legacy-campaign,harminv,sweep,harminv_tarama_rd0.140_dx+0.080_dy+0.050_s3_na1.3300_res20_nk6_simoto,0.14,0.08,0.05,3,1.33,0.0,20,6,25,481.4,0.3105806451612903,0.06,1.0,1.5,1.0,pml,,,800.0,none,53.28719358304528,0.29648545028730944,1623.6884458697684,30.470519025163817,6.0346240091658e-06,0.0006599872402688154,780.5742985487104,14.648440761516678,0.3005075643803011,True,True,,3,38667,204000,36184653.869946755,217.9948446750641,a083,,,2026-08-23T21:12:21,harminv_tarama_rd0.140_dx+0.080_dy+0.050_s3_na1.3300_res20_nk6_simoto.json
harminv_tarama_rd0.140_dx+0.080_dy+0.100_s1_na1.3300_res20_nk6_simoto.json,legacy-campaign,harminv,sweep,harminv_tarama_rd0.140_dx+0.080_dy+0.100_s1_na1.3300_res20_nk6_simoto,0.14,0.08,0.1,1,1.33,0.0,20,6,25,481.4,0.3105806451612903,0.06,1.0,1.5,1.0,pml,,,800.0,none,53.73084941916956,0.2970689941219443,1620.498973387944,30.159563656736058,1.4473846969708214e-06,0.023046159062122516,780.5742985487104,14.527488528223879,0.30876931308676386,True,True,,2,38667,204000,35777355.39426991,220.47655320167542,a046,,,2026-08-23T21:12:25,harminv_tarama_rd0.140_dx+0.080_dy+0.100_s1_na1.3300_res20_nk6_simoto.json
harminv_tarama_rd0.140_dx+0.080_dy+0.100_s2_na1.3300_res20_nk6_simoto.json,legacy-campaign,harminv,sweep,harminv_tarama_rd0.140_dx+0.080_dy+0.100_s2_na1.3300_res20_nk6_simoto,0.14,0.08,0.1,2,1.33,0.0,20,6,25,481.4,0.3105806451612903,0.06,1.0,1.5,1.0,pml,,,800.0,none,53.34246155478573,0.2965758982434793,1623.1932630101521,30.429665517835932,4.030809534912541e-06,0.0039693155860422375,780.5742985487104,14.633263553970348,0.3017881164837366,True,True,,2,38667,204000,35284449.20112241,223.55650091171265,a083,,,2026-08-23T21:12:23,harminv_tarama_rd0.140_dx+0.080_dy+0.100_s2_na1.3300_res20_nk6_simoto.json
harminv_tarama_rd0.140_dx+0.080_dy+0.100_s3_na1.3300_res20_nk6_simoto.json,legacy-campaign,harminv,sweep,harminv_tarama_rd0.140_dx+0.080_dy+0.100_s3_na1.3300_res20_nk6_simoto,0.14,0.08,0.1,3,1.33,0.0,20,6,25,481.4,0.3105806451612903,0.06,1.0,1.5,1.0,pml,,,800.0,none,65.50424111941183,0.2851271499869638,1688.3695573080638,25.77496553589909,9.046733494750737e-05,0.0003015190500693611,780.5742985487104,11.916393277891,0.1396980120478509,True,False,gap position outside 0.2-0.8,1,38667,204000,36397974.39246718,216.7172248363495,a085,,,2026-08-23T21:12:27,harminv_tarama_rd0.140_dx+0.080_dy+0.100_s3_na1.3300_res20_nk6_simoto.json
harminv_tarama_rd0.140_dx+0.080_dy+0.150_s1_na1.3300_res20_nk6_simoto.json,legacy-campaign,harminv,sweep,harminv_tarama_rd0.140_dx+0.080_dy+0.150_s1_na1.3300_res20_nk6_simoto,0.14,0.08,0.15,1,1.33,0.0,20,6,25,481.4,0.3105806451612903,0.06,1.0,1.5,1.0,pml,,,800.0,none,53.27527065196896,0.29690886416830414,1621.372946707028,30.433875358399607,4.120579691703239e-06,0.02321383944436702,780.5742985487104,14.651719062075976,0.30650221101348013,True,True,,3,38667,204000,35541419.76156644,221.9401490688324,a083,,,2026-08-23T21:12:48,harminv_tarama_rd0.140_dx+0.080_dy+0.150_s1_na1.3300_res20_nk6_simoto.json
harminv_tarama_rd0.140_dx+0.080_dy+0.150_s2_na1.3300_res20_nk6_simoto.json,legacy-campaign,harminv,sweep,harminv_tarama_rd0.140_dx+0.080_dy+0.150_s2_na1.3300_res20_nk6_simoto,0.14,0.08,0.15,2,1.33,0.0,20,6,25,481.4,0.3105806451612903,0.06,1.0,1.5,1.0,pml,,,800.0,none,52.908115453881884,0.29655504898925766,1623.3073813470567,30.681633005092305,4.775643413602053e-06,0.003960820300574742,780.5742985487104,14.753394481213553,0.30149293506141195,True,True,,2,38667,204000,35677572.6193194,221.09318041801453,a085,,,2026-08-23T21:12:33,harminv_tarama_rd0.140_dx+0.080_dy+0.150_s2_na1.3300_res20_nk6_simoto.json
harminv_tarama_rd0.140_dx+0.080_dy+0.150_s3_na1.3300_res20_nk6_simoto.json,legacy-campaign,harminv,sweep,harminv_tarama_rd0.140_dx+0.080_dy+0.150_s3_na1.3300_res20_nk6_simoto,0.14,0.08,0.15,3,1.33,0.0,20,6,25,481.4,0.3105806451612903,0.06,1.0,1.5,1.0,pml,,,800.0,none,58.54403782256325,0.28435515892854313,1692.9532835413515,28.917603679343014,9.001839545647679e-05,0.00037456363725560886,780.5742985487104,13.333113457505183,0.12876824850695323,True,False,gap position outside 0.2-0.8,2,38667,204000,35995152.83259281,219.1425061225891,a076,,,2026-08-23T21:12:49,harminv_tarama_rd0.140_dx+0.080_dy+0.150_s3_na1.3300_res20_nk6_simoto.json
harminv_tarama_rd0.140_dx+0.080_dy-0.050_s1_na1.3300_res20_nk6_simoto.json,legacy-campaign,harminv,sweep,harminv_tarama_rd0.140_dx+0.080_dy-0.050_s1_na1.3300_res20_nk6_simoto,0.14,0.08,-0.05,1,1.33,0.0,20,6,25,481.4,0.3105806451612903,0.06,1.0,1.5,1.0,pml,,,800.0,none,53.37904158616998,0.2978089330942271,1616.4726658742786,30.282909131382603,2.44260828038972e-06,0.027517939698701786,780.5742985487104,14.623235550016883,0.3192452867570947,True,True,,2,38667,204000,35794648.18972949,220.3700385093689,a083,,,2026-08-23T21:09:03,harminv_tarama_rd0.140_dx+0.080_dy-0.050_s1_na1.3300_res20_nk6_simoto.json
harminv_tarama_rd0.140_dx+0.080_dy-0.050_s2_na1.3300_res20_nk6_simoto.json,legacy-campaign,harminv,sweep,harminv_tarama_rd0.140_dx+0.080_dy-0.050_s2_na1.3300_res20_nk6_simoto,0.14,0.08,-0.05,2,1.33,0.0,20,6,25,481.4,0.3105806451612903,0.06,1.0,1.5,1.0,pml,,,800.0,none,53.60327752851324,0.29672892457556144,1622.3561645990208,30.26598818954754,5.8797077115900996e-08,0.00490964794905856,780.5742985487104,14.56206289127561,0.30395464627309754,True,True,,2,38667,204000,35820487.87857733,220.2110710144043,a085,,,2026-08-23T21:08:57,harminv_tarama_rd0.140_dx+0.080_dy-0.050_s2_na1.3300_res20_nk6_simoto.json
harminv_tarama_rd0.140_dx+0.080_dy-0.050_s3_na1.3300_res20_nk6_simoto.json,legacy-campaign,harminv,sweep,harminv_tarama_rd0.140_dx+0.080_dy-0.050_s3_na1.3300_res20_nk6_simoto,0.14,0.08,-0.05,3,1.33,0.0,20,6,25,481.4,0.3105806451612903,0.06,1.0,1.5,1.0,pml,,,800.0,none,53.15985054618047,0.2965016839404678,1623.5995479089977,30.541838083208326,7.321796794657337e-06,0.0007935075385131604,780.5742985487104,14.683530719685114,0.3007373986361389,True,True,,3,38667,204000,36707348.817277744,214.89070320129395,a076,,,2026-08-23T21:10:17,harminv_tarama_rd0.140_dx+0.080_dy-0.050_s3_na1.3300_res20_nk6_simoto.json
harminv_tarama_rd0.140_dx+0.080_dy-0.100_s1_na1.3300_res20_nk6_simoto.json,legacy-campaign,harminv,sweep,harminv_tarama_rd0.140_dx+0.080_dy-0.100_s1_na1.3300_res20_nk6_simoto,0.14,0.08,-0.1,1,1.33,0.0,20,6,25,481.4,0.3105806451612903,0.06,1.0,1.5,1.0,pml,,,800.0,none,53.57928768097205,0.2981135787923578,1614.8207738477588,30.138899633435035,1.7834071923869875e-06,0.029462979832528116,780.5742985487104,14.568582979238089,0.32355842666720136,True,True,,2,38667,204000,36006183.769988626,219.07536911964417,a046,,,2026-08-23T21:08:43,harminv_tarama_rd0.140_dx+0.080_dy-0.100_s1_na1.3300_res20_nk6_simoto.json
harminv_tarama_rd0.140_dx+0.080_dy-0.100_s2_na1.3300_res20_nk6_simoto.json,legacy-campaign,harminv,sweep,harminv_tarama_rd0.140_dx+0.080_dy-0.100_s2_na1.3300_res20_nk6_simoto,0.14,0.08,-0.1,2,1.33,0.0,20,6,25,481.4,0.3105806451612903,0.06,1.0,1.5,1.0,pml,,,800.0,none,53.93907050491381,0.29678765370527843,1622.035128449274,30.071618091778348,1.3429307842309575e-07,0.005570831565190523,780.5742985487104,14.471408039513783,0.30478612675952005,True,True,,2,38667,204000,36176673.87591648,218.04293084144592,a083,,,2026-08-23T21:08:40,harminv_tarama_rd0.140_dx+0.080_dy-0.100_s2_na1.3300_res20_nk6_simoto.json
harminv_tarama_rd0.140_dx+0.080_dy-0.100_s3_na1.3300_res20_nk6_simoto.json,legacy-campaign,harminv,sweep,harminv_tarama_rd0.140_dx+0.080_dy-0.100_s3_na1.3300_res20_nk6_simoto,0.14,0.08,-0.1,3,1.33,0.0,20,6,25,481.4,0.3105806451612903,0.06,1.0,1.5,1.0,pml,,,800.0,none,52.16180953326269,0.2964620309909587,1623.8167106622884,31.13037536833933,1.6932805304074557e-05,0.000946922206853082,780.5742985487104,14.964478907714112,0.30017599658736377,True,True,,2,38667,204000,36449451.45068055,216.41115808486938,a085,,,2026-08-23T21:08:46,harminv_tarama_rd0.140_dx+0.080_dy-0.100_s3_na1.3300_res20_nk6_simoto.json
harminv_tarama_rd0.140_dx+0.080_dy-0.150_s1_na1.3300_res20_nk6_simoto.json,legacy-campaign,harminv,sweep,harminv_tarama_rd0.140_dx+0.080_dy-0.150_s1_na1.3300_res20_nk6_simoto,0.14,0.08,-0.15,1,1.33,0.0,20,6,25,481.4,0.3105806451612903,0.06,1.0,1.5,1.0,pml,,,800.0,none,53.58657082259521,0.29848763852577403,1612.7971073697636,30.097038915013286,2.3178087570055108e-06,0.03202595764756737,780.5742985487104,14.566602911257291,0.3288543227683489,True,True,,3,38667,204000,36219069.083462544,217.78770685195923,a076,,,2026-08-23T21:06:58,harminv_tarama_rd0.140_dx+0.080_dy-0.150_s1_na1.3300_res20_nk6_simoto.json
harminv_tarama_rd0.140_dx+0.080_dy-0.150_s2_na1.3300_res20_nk6_simoto.json,legacy-campaign,harminv,sweep,harminv_tarama_rd0.140_dx+0.080_dy-0.150_s2_na1.3300_res20_nk6_simoto,0.14,0.08,-0.15,2,1.33,0.0,20,6,25,481.4,0.3105806451612903,0.06,1.0,1.5,1.0,pml,,,800.0,none,54.084743938698644,0.2968741340180056,1621.5626248220156,29.981885957710105,7.778973603416747e-07,0.006605165888431496,780.5742985487104,14.432430325147475,0.30601050540839275,True,True,,2,38667,204000,35299433.044855826,223.4616060256958,a046,,,2026-08-23T21:07:07,harminv_tarama_rd0.140_dx+0.080_dy-0.150_s2_na1.3300_res20_nk6_simoto.json
harminv_tarama_rd0.140_dx+0.080_dy-0.150_s3_na1.3300_res20_nk6_simoto.json,legacy-campaign,harminv,sweep,harminv_tarama_rd0.140_dx+0.080_dy-0.150_s3_na1.3300_res20_nk6_simoto,0.14,0.08,-0.15,3,1.33,0.0,20,6,25,481.4,0.3105806451612903,0.06,1.0,1.5,1.0,pml,,,800.0,none,65.2467094881174,0.29651597756121767,1623.5212819201683,24.882807035898733,7.653362584039884e-05,0.0008641942801720835,780.5742985487104,11.963427806131236,0.3009397661289169,True,True,,2,38667,204000,36363289.172752835,216.9239411354065,a083,,,2026-08-23T21:08:37,harminv_tarama_rd0.140_dx+0.080_dy-0.150_s3_na1.3300_res20_nk6_simoto.json
harminv_tarama_rd0.150_dx+0.000_dy+0.000_s1_na1.3300_res20_nk6_simoto.json,legacy-campaign,harminv,sweep,harminv_tarama_rd0.150_dx+0.000_dy+0.000_s1_na1.3300_res20_nk6_simoto,0.15,0.0,0.0,1,1.33,0.0,20,6,25,481.4,0.3105806451612903,0.06,1.0,1.5,1.0,pml,,,800.0,even,53.126655975636254,0.29725010944912666,1619.5115988086454,30.483973987584484,3.3694938424315777e-06,0.03786613952163181,780.5742985487104,14.692705275985746,0.31133352374457257,True,True,,2,38667,204000,35378663.751023114,111.48058128356934,a076,,,2026-08-23T21:16:07,harminv_tarama_rd0.150_dx+0.000_dy+0.000_s1_na1.3300_res20_nk6_simoto.json
harminv_tarama_rd0.150_dx+0.000_dy+0.000_s2_na1.3300_res20_nk6_simoto.json,legacy-campaign,harminv,sweep,harminv_tarama_rd0.150_dx+0.000_dy+0.000_s2_na1.3300_res20_nk6_simoto,0.15,0.0,0.0,2,1.33,0.0,20,6,25,481.4,0.3105806451612903,0.06,1.0,1.5,1.0,pml,,,800.0,even,53.11488623500272,0.2966235273392606,1622.932625467038,30.555136996556815,5.472370580186156e-07,0.0062212557023391775,780.5742985487104,14.695961036141913,0.30246244392429217,True,True,,2,38667,204000,35192782.30688019,112.06940007209778,a046,,,2026-08-23T21:16:13,harminv_tarama_rd0.150_dx+0.000_dy+0.000_s2_na1.3300_res20_nk6_simoto.json
harminv_tarama_rd0.150_dx+0.000_dy+0.000_s3_na1.3300_res20_nk6_simoto.json,legacy-campaign,harminv,sweep,harminv_tarama_rd0.150_dx+0.000_dy+0.000_s3_na1.3300_res20_nk6_simoto,0.15,0.0,0.0,3,1.33,0.0,20,6,25,481.4,0.3105806451612903,0.06,1.0,1.5,1.0,pml,,,800.0,even,53.41849013707256,0.2964792675510368,1623.7223060365607,30.39625983194335,4.585102666524434e-06,0.000994497746301217,780.5742985487104,14.612436565424188,0.3004200298878243,True,True,,3,38667,204000,35386985.81447031,111.45436406135559,a083,,,2026-08-23T21:16:13,harminv_tarama_rd0.150_dx+0.000_dy+0.000_s3_na1.3300_res20_nk6_simoto.json
harminv_tarama_rd0.150_dx+0.000_dy+0.050_s1_na1.3300_res20_nk6_simoto.json,legacy-campaign,harminv,sweep,harminv_tarama_rd0.150_dx+0.000_dy+0.050_s1_na1.3300_res20_nk6_simoto,0.15,0.0,0.05,1,1.33,0.0,20,6,25,481.4,0.3105806451612903,0.06,1.0,1.5,1.0,pml,,,800.0,even,53.175630247883305,0.2970037830354866,1620.854775248709,30.48115777270413,2.441484696450344e-06,0.035289543586840534,780.5742985487104,14.679173427940363,0.3078460617777575,True,True,,2,38667,204000,35156342.16529923,112.18556189537048,a046,,,2026-08-23T21:16:44,harminv_tarama_rd0.150_dx+0.000_dy+0.050_s1_na1.3300_res20_nk6_simoto.json
harminv_tarama_rd0.150_dx+0.000_dy+0.050_s2_na1.3300_res20_nk6_simoto.json,legacy-campaign,harminv,sweep,harminv_tarama_rd0.150_dx+0.000_dy+0.050_s2_na1.3300_res20_nk6_simoto,0.15,0.0,0.05,2,1.33,0.0,20,6,25,481.4,0.3105806451612903,0.06,1.0,1.5,1.0,pml,,,800.0,even,53.06994484584703,0.29658388567492144,1623.1495480764288,30.585099584919725,7.461549723123584e-07,0.005774085792669466,780.5742985487104,14.708406063282238,0.30190120164969747,True,True,,2,38667,204000,35350975.68416091,111.56789660453796,a083,,,2026-08-23T21:16:36,harminv_tarama_rd0.150_dx+0.000_dy+0.050_s2_na1.3300_res20_nk6_simoto.json
harminv_tarama_rd0.150_dx+0.000_dy+0.050_s3_na1.3300_res20_nk6_simoto.json,legacy-campaign,harminv,sweep,harminv_tarama_rd0.150_dx+0.000_dy+0.050_s3_na1.3300_res20_nk6_simoto,0.15,0.0,0.05,3,1.33,0.0,20,6,25,481.4,0.3105806451612903,0.06,1.0,1.5,1.0,pml,,,800.0,even,53.12606879481179,0.29646894438931437,1623.778844666575,30.564633926483012,5.109456095359413e-06,0.0009345146391962928,780.5742985487104,14.692867668479549,0.3002738757123451,True,True,,2,38667,204000,35434791.689466454,111.3039984703064,a085,,,2026-08-23T21:16:21,harminv_tarama_rd0.150_dx+0.000_dy+0.050_s3_na1.3300_res20_nk6_simoto.json
harminv_tarama_rd0.150_dx+0.000_dy+0.100_s1_na1.3300_res20_nk6_simoto.json,legacy-campaign,harminv,sweep,harminv_tarama_rd0.150_dx+0.000_dy+0.100_s1_na1.3300_res20_nk6_simoto,0.15,0.0,0.1,1,1.33,0.0,20,6,25,481.4,0.3105806451612903,0.06,1.0,1.5,1.0,pml,,,800.0,even,53.0768151460819,0.2967986693253676,1621.9749269571755,30.559010040317176,2.7856577119054624e-06,0.03375584026892435,780.5742985487104,14.70650219686989,0.30494208468353673,True,True,,2,38667,204000,35346945.69899865,111.58061671257019,a083,,,2026-08-23T21:18:12,harminv_tarama_rd0.150_dx+0.000_dy+0.100_s1_na1.3300_res20_nk6_simoto.json
harminv_tarama_rd0.150_dx+0.000_dy+0.100_s2_na1.3300_res20_nk6_simoto.json,legacy-campaign,harminv,sweep,harminv_tarama_rd0.150_dx+0.000_dy+0.100_s2_na1.3300_res20_nk6_simoto,0.15,0.0,0.1,2,1.33,0.0,20,6,25,481.4,0.3105806451612903,0.06,1.0,1.5,1.0,pml,,,800.0,even,53.31875000026556,0.2965493968172794,1623.3383212599058,30.445918579333174,8.171295764697143e-07,0.005431222392148318,780.5742985487104,14.639771160142027,0.3014129122392027,True,True,,2,38667,204000,35434600.035308056,111.30460047721863,a085,,,2026-08-23T21:17:46,harminv_tarama_rd0.150_dx+0.000_dy+0.100_s2_na1.3300_res20_nk6_simoto.json
harminv_tarama_rd0.150_dx+0.000_dy+0.100_s3_na1.3300_res20_nk6_simoto.json,legacy-campaign,harminv,sweep,harminv_tarama_rd0.150_dx+0.000_dy+0.100_s3_na1.3300_res20_nk6_simoto,0.15,0.0,0.1,3,1.33,0.0,20,6,25,481.4,0.3105806451612903,0.06,1.0,1.5,1.0,pml,,,800.0,even,53.52039937346555,0.2964853484581958,1623.6890035322504,30.3377594812427,1.551109169386197e-06,0.0009023527964457292,780.5742985487104,14.584612739936038,0.300506122695036,True,True,,2,38667,204000,35243726.45337932,111.90740585327148,a076,,,2026-08-23T21:17:47,harminv_tarama_rd0.150_dx+0.000_dy+0.100_s3_na1.3300_res20_nk6_simoto.json
harminv_tarama_rd0.150_dx+0.000_dy+0.150_s1_na1.3300_res20_nk6_simoto.json,legacy-campaign,harminv,sweep,harminv_tarama_rd0.150_dx+0.000_dy+0.150_s1_na1.3300_res20_nk6_simoto,0.15,0.0,0.15,1,1.33,0.0,20,6,25,481.4,0.3105806451612903,0.06,1.0,1.5,1.0,pml,,,800.0,even,53.11633163227238,0.2966293564992228,1622.9007326901622,30.553705100073618,2.6172804976586924e-06,0.032862103494049895,780.5742985487104,14.695561130852827,0.30254497252269186,True,True,,2,38667,204000,35362133.7127531,111.53269290924072,a085,,,2026-08-23T21:18:27,harminv_tarama_rd0.150_dx+0.000_dy+0.150_s1_na1.3300_res20_nk6_simoto.json
harminv_tarama_rd0.150_dx+0.000_dy+0.150_s2_na1.3300_res20_nk6_simoto.json,legacy-campaign,harminv,sweep,harminv_tarama_rd0.150_dx+0.000_dy+0.150_s2_na1.3300_res20_nk6_simoto,0.15,0.0,0.15,2,1.33,0.0,20,6,25,481.4,0.3105806451612903,0.06,1.0,1.5,1.0,pml,,,800.0,even,53.2991559071341,0.2965198988856191,1623.499811679409,30.460141141974507,6.261335503176064e-08,0.005292416557709672,780.5742985487104,14.64515310352655,0.3009952838036452,True,True,,2,38667,204000,35445432.39229877,111.27058506011963,a076,,,2026-08-23T21:18:09,harminv_tarama_rd0.150_dx+0.000_dy+0.150_s2_na1.3300_res20_nk6_simoto.json
harminv_tarama_rd0.150_dx+0.000_dy+0.150_s3_na1.3300_res20_nk6_simoto.json,legacy-campaign,harminv,sweep,harminv_tarama_rd0.150_dx+0.000_dy+0.150_s3_na1.3300_res20_nk6_simoto,0.15,0.0,0.15,3,1.33,0.0,20,6,25,481.4,0.3105806451612903,0.06,1.0,1.5,1.0,pml,,,800.0,even,66.8428384537373,0.28504761913593946,1688.840627609031,25.265842484799578,7.111285102996998e-05,0.00032315517603950577,780.5742985487104,11.677755113421087,0.1385720231048172,True,False,gap position outside 0.2-0.8,2,38667,204000,35212562.71321962,112.00644588470459,a046,,,2026-08-23T21:18:23,harminv_tarama_rd0.150_dx+0.000_dy+0.150_s3_na1.3300_res20_nk6_simoto.json
harminv_tarama_rd0.150_dx+0.000_dy-0.050_s1_na1.3300_res20_nk6_simoto.json,legacy-campaign,harminv,sweep,harminv_tarama_rd0.150_dx+0.000_dy-0.050_s1_na1.3300_res20_nk6_simoto,0.15,0.0,-0.05,1,1.33,0.0,20,6,25,481.4,0.3105806451612903,0.06,1.0,1.5,1.0,pml,,,800.0,even,53.088816685500106,0.2974997086711097,1618.1528450913368,30.480107603025463,1.8684693148081713e-06,0.04090718063898205,780.5742985487104,14.703177566997928,0.3148673217678911,True,True,,2,38667,204000,35449825.958071604,111.25679445266724,a085,,,2026-08-23T21:15:44,harminv_tarama_rd0.150_dx+0.000_dy-0.050_s1_na1.3300_res20_nk6_simoto.json
harminv_tarama_rd0.150_dx+0.000_dy-0.050_s2_na1.3300_res20_nk6_simoto.json,legacy-campaign,harminv,sweep,harminv_tarama_rd0.150_dx+0.000_dy-0.050_s2_na1.3300_res20_nk6_simoto,0.15,0.0,-0.05,2,1.33,0.0,20,6,25,481.4,0.3105806451612903,0.06,1.0,1.5,1.0,pml,,,800.0,even,53.18602869255114,0.29667245397662906,1622.6649746117757,30.509233618321172,3.1916178853938453e-07,0.006881152785143312,780.5742985487104,14.676303490544917,0.3031551418143199,True,True,,2,38667,204000,35351834.34262485,111.5651867389679,a076,,,2026-08-23T21:14:26,harminv_tarama_rd0.150_dx+0.000_dy-0.050_s2_na1.3300_res20_nk6_simoto.json
harminv_tarama_rd0.150_dx+0.000_dy-0.050_s3_na1.3300_res20_nk6_simoto.json,legacy-campaign,harminv,sweep,harminv_tarama_rd0.150_dx+0.000_dy-0.050_s3_na1.3300_res20_nk6_simoto,0.15,0.0,-0.05,3,1.33,0.0,20,6,25,481.4,0.3105806451612903,0.06,1.0,1.5,1.0,pml,,,800.0,even,51.47031743037934,0.2965249131656208,1623.4723580582222,31.541914623980922,6.266540579659229e-06,0.0011261671487764724,780.5742985487104,15.16552330582659,0.3010662754221993,True,True,,2,38667,204000,35241146.512645386,111.91559839248657,a046,,,2026-08-23T21:14:37,harminv_tarama_rd0.150_dx+0.000_dy-0.050_s3_na1.3300_res20_nk6_simoto.json
harminv_tarama_rd0.150_dx+0.000_dy-0.100_s1_na1.3300_res20_nk6_simoto.json,legacy-campaign,harminv,sweep,harminv_tarama_rd0.150_dx+0.000_dy-0.100_s1_na1.3300_res20_nk6_simoto,0.15,0.0,-0.1,1,1.33,0.0,20,6,25,481.4,0.3105806451612903,0.06,1.0,1.5,1.0,pml,,,800.0,even,53.06996247669993,0.2978150377130654,1616.4395313839473,30.458652238422744,2.149769387254805e-06,0.04490559278123817,780.5742985487104,14.708401176869444,0.3193317152716244,True,True,,2,38667,204000,35231638.26133626,111.9458019733429,a083,,,2026-08-23T21:14:30,harminv_tarama_rd0.150_dx+0.000_dy-0.100_s1_na1.3300_res20_nk6_simoto.json
harminv_tarama_rd0.150_dx+0.000_dy-0.100_s2_na1.3300_res20_nk6_simoto.json,legacy-campaign,harminv,sweep,harminv_tarama_rd0.150_dx+0.000_dy-0.100_s2_na1.3300_res20_nk6_simoto,0.15,0.0,-0.1,2,1.33,0.0,20,6,25,481.4,0.3105806451612903,0.06,1.0,1.5,1.0,pml,,,800.0,even,53.33665537527186,0.29673064764620216,1622.3467438185985,30.417106817139437,2.0382898530547498e-07,0.007813176256325556,780.5742985487104,14.634856517654896,0.30397904131558146,True,True,,2,38667,204000,35306528.660846874,111.70834827423096,a085,,,2026-08-23T21:14:08,harminv_tarama_rd0.150_dx+0.000_dy-0.100_s2_na1.3300_res20_nk6_simoto.json
harminv_tarama_rd0.150_dx+0.000_dy-0.100_s3_na1.3300_res20_nk6_simoto.json,legacy-campaign,harminv,sweep,harminv_tarama_rd0.150_dx+0.000_dy-0.100_s3_na1.3300_res20_nk6_simoto,0.15,0.0,-0.1,3,1.33,0.0,20,6,25,481.4,0.3105806451612903,0.06,1.0,1.5,1.0,pml,,,800.0,even,52.75086951075999,0.29646704551365155,1623.7892449932779,30.782227099821764,9.761700699878164e-06,0.0012741474644490252,780.5742985487104,14.797373119877973,0.3002469916419121,True,True,,2,38667,204000,35366739.68527238,111.51816749572754,a076,,,2026-08-23T21:14:08,harminv_tarama_rd0.150_dx+0.000_dy-0.100_s3_na1.3300_res20_nk6_simoto.json
harminv_tarama_rd0.150_dx+0.000_dy-0.150_s1_na1.3300_res20_nk6_simoto.json,legacy-campaign,harminv,sweep,harminv_tarama_rd0.150_dx+0.000_dy-0.150_s1_na1.3300_res20_nk6_simoto,0.15,0.0,-0.15,1,1.33,0.0,20,6,25,481.4,0.3105806451612903,0.06,1.0,1.5,1.0,pml,,,800.0,even,53.06864535112606,0.29817609897618763,1614.482185704779,30.422524920744404,2.0666754023810305e-06,0.04961960893330237,780.5742985487104,14.70876622879818,0.32444358047609606,True,True,,2,38667,204000,35157644.418301046,112.18140649795532,a046,,,2026-08-23T21:14:05,harminv_tarama_rd0.150_dx+0.000_dy-0.150_s1_na1.3300_res20_nk6_simoto.json
harminv_tarama_rd0.150_dx+0.000_dy-0.150_s2_na1.3300_res20_nk6_simoto.json,legacy-campaign,harminv,sweep,harminv_tarama_rd0.150_dx+0.000_dy-0.150_s2_na1.3300_res20_nk6_simoto,0.15,0.0,-0.15,2,1.33,0.0,20,6,25,481.4,0.3105806451612903,0.06,1.0,1.5,1.0,pml,,,800.0,even,53.01989860722721,0.29678243946269944,1622.0636263774086,30.593487897698523,4.842825015424191e-06,0.009330305106502809,780.5742985487104,14.722289537579563,0.30471230409303757,True,True,,2,38667,204000,35273232.95738416,111.81379389762878,a083,,,2026-08-23T21:12:50,harminv_tarama_rd0.150_dx+0.000_dy-0.150_s2_na1.3300_res20_nk6_simoto.json
harminv_tarama_rd0.150_dx+0.000_dy-0.150_s3_na1.3300_res20_nk6_simoto.json,legacy-campaign,harminv,sweep,harminv_tarama_rd0.150_dx+0.000_dy-0.150_s3_na1.3300_res20_nk6_simoto,0.15,0.0,-0.15,3,1.33,0.0,20,6,25,481.4,0.3105806451612903,0.06,1.0,1.5,1.0,pml,,,800.0,even,55.01535258878989,0.2965160837554472,1623.5207004724793,29.51032073914752,2.8263307415725993e-05,0.0014154280240895295,780.5742985487104,14.188299480384734,0.30094126961500706,True,True,,2,38667,204000,35436330.083316736,111.29916644096375,a085,,,2026-08-23T21:12:44,harminv_tarama_rd0.150_dx+0.000_dy-0.150_s3_na1.3300_res20_nk6_simoto.json
harminv_tarama_rd0.150_dx+0.040_dy+0.000_s1_na1.3300_res20_nk6_simoto.json,legacy-campaign,harminv,sweep,harminv_tarama_rd0.150_dx+0.040_dy+0.000_s1_na1.3300_res20_nk6_simoto,0.15,0.04,0.0,1,1.33,0.0,20,6,25,481.4,0.3105806451612903,0.06,1.0,1.5,1.0,pml,,,800.0,none,53.21454115935565,0.29723926108916315,1619.5707062250904,30.43473965837914,2.303178716850017e-06,0.01891092388407349,780.5742985487104,14.66843989523863,0.3111799338708113,True,True,,2,38667,204000,36394202.55624865,216.73968505859375,a085,,,2026-08-23T21:16:11,harminv_tarama_rd0.150_dx+0.040_dy+0.000_s1_na1.3300_res20_nk6_simoto.json
harminv_tarama_rd0.150_dx+0.040_dy+0.000_s2_na1.3300_res20_nk6_simoto.json,legacy-campaign,harminv,sweep,harminv_tarama_rd0.150_dx+0.040_dy+0.000_s2_na1.3300_res20_nk6_simoto,0.15,0.04,0.0,2,1.33,0.0,20,6,25,481.4,0.3105806451612903,0.06,1.0,1.5,1.0,pml,,,800.0,none,52.42468189671048,0.29660272124522435,1623.046470979575,30.95958644398407,9.49844077585451e-06,0.0032195658016115607,780.5742985487104,14.889442726359958,0.30216787355907154,True,True,,2,38667,204000,36351406.19034687,216.99485182762146,a076,,,2026-08-23T21:16:24,harminv_tarama_rd0.150_dx+0.040_dy+0.000_s2_na1.3300_res20_nk6_simoto.json
harminv_tarama_rd0.150_dx+0.040_dy+0.000_s3_na1.3300_res20_nk6_simoto.json,legacy-campaign,harminv,sweep,harminv_tarama_rd0.150_dx+0.040_dy+0.000_s3_na1.3300_res20_nk6_simoto,0.15,0.04,0.0,3,1.33,0.0,20,6,25,481.4,0.3105806451612903,0.06,1.0,1.5,1.0,pml,,,800.0,none,53.557885676130915,0.29651925846392013,1623.5033181110418,30.313058434167928,4.921416028486204e-07,0.000493009987316007,780.5742985487104,14.574404659454062,0.30098621678446197,True,True,,2,38667,204000,35620599.143888935,221.44680857658386,a046,,,2026-08-23T21:16:36,harminv_tarama_rd0.150_dx+0.040_dy+0.000_s3_na1.3300_res20_nk6_simoto.json
harminv_tarama_rd0.150_dx+0.040_dy+0.050_s1_na1.3300_res20_nk6_simoto.json,legacy-campaign,harminv,sweep,harminv_tarama_rd0.150_dx+0.040_dy+0.050_s1_na1.3300_res20_nk6_simoto,0.15,0.04,0.05,1,1.33,0.0,20,6,25,481.4,0.3105806451612903,0.06,1.0,1.5,1.0,pml,,,800.0,none,53.081595024067404,0.29700507354809214,1620.847732495216,30.53502314239648,3.207257770632886e-06,0.01782198526367721,780.5742985487104,14.705177909495655,0.3078643327116905,True,True,,3,38667,204000,35854169.360344514,220.00420427322388,a076,,,2026-08-23T21:16:35,harminv_tarama_rd0.150_dx+0.040_dy+0.050_s1_na1.3300_res20_nk6_simoto.json
harminv_tarama_rd0.150_dx+0.040_dy+0.050_s2_na1.3300_res20_nk6_simoto.json,legacy-campaign,harminv,sweep,harminv_tarama_rd0.150_dx+0.040_dy+0.050_s2_na1.3300_res20_nk6_simoto,0.15,0.04,0.05,2,1.33,0.0,20,6,25,481.4,0.3105806451612903,0.06,1.0,1.5,1.0,pml,,,800.0,none,52.33075223740513,0.29655493775772224,1623.3079902155985,31.020153940292218,1.0088155171711447e-05,0.002992089776369185,780.5742985487104,14.916168126296668,0.30149136025770507,True,True,,2,38667,204000,36387603.6335253,216.778990983963,a046,,,2026-08-23T21:18:12,harminv_tarama_rd0.150_dx+0.040_dy+0.050_s2_na1.3300_res20_nk6_simoto.json
harminv_tarama_rd0.150_dx+0.040_dy+0.050_s3_na1.3300_res20_nk6_simoto.json,legacy-campaign,harminv,sweep,harminv_tarama_rd0.150_dx+0.040_dy+0.050_s3_na1.3300_res20_nk6_simoto,0.15,0.04,0.05,3,1.33,0.0,20,6,25,481.4,0.3105806451612903,0.06,1.0,1.5,1.0,pml,,,800.0,none,53.82886248372646,0.2964754756548285,1623.74307330725,30.164915221794626,1.8864825224407817e-06,0.00045756845426327266,780.5742985487104,14.501036479912493,0.3003663446430584,True,True,,3,38667,204000,36382580.384728305,216.8089210987091,a083,,,2026-08-23T21:18:07,harminv_tarama_rd0.150_dx+0.040_dy+0.050_s3_na1.3300_res20_nk6_simoto.json
harminv_tarama_rd0.150_dx+0.040_dy+0.100_s1_na1.3300_res20_nk6_simoto.json,legacy-campaign,harminv,sweep,harminv_tarama_rd0.150_dx+0.040_dy+0.100_s1_na1.3300_res20_nk6_simoto,0.15,0.04,0.1,1,1.33,0.0,20,6,25,481.4,0.3105806451612903,0.06,1.0,1.5,1.0,pml,,,800.0,none,53.38465095651291,0.2968074696797712,1621.9268353299453,30.381894538397667,2.4355904478636507e-06,0.016806265888758262,780.5742985487104,14.621699019528396,0.3050666791223689,True,True,,2,38667,204000,35923585.56088974,219.57908368110657,a046,,,2026-08-23T21:18:15,harminv_tarama_rd0.150_dx+0.040_dy+0.100_s1_na1.3300_res20_nk6_simoto.json
harminv_tarama_rd0.150_dx+0.040_dy+0.100_s2_na1.3300_res20_nk6_simoto.json,legacy-campaign,harminv,sweep,harminv_tarama_rd0.150_dx+0.040_dy+0.100_s2_na1.3300_res20_nk6_simoto,0.15,0.04,0.1,2,1.33,0.0,20,6,25,481.4,0.3105806451612903,0.06,1.0,1.5,1.0,pml,,,800.0,none,53.07938679613959,0.2965539415426116,1623.3134434020935,30.5827467381397,2.3069419898553273e-07,0.0027727697682427394,780.5742985487104,14.705789679647935,0.3014772559549722,True,True,,2,38667,204000,36325161.375636876,217.15162992477417,a083,,,2026-08-23T21:18:34,harminv_tarama_rd0.150_dx+0.040_dy+0.100_s2_na1.3300_res20_nk6_simoto.json
harminv_tarama_rd0.150_dx+0.040_dy+0.100_s3_na1.3300_res20_nk6_simoto.json,legacy-campaign,harminv,sweep,harminv_tarama_rd0.150_dx+0.040_dy+0.100_s3_na1.3300_res20_nk6_simoto,0.15,0.04,0.1,3,1.33,0.0,20,6,25,481.4,0.3105806451612903,0.06,1.0,1.5,1.0,pml,,,800.0,none,52.88215666889872,0.29651393888748495,1623.5324443977381,30.700949935965394,9.293496015549494e-07,0.00045578103931402355,780.5742985487104,14.760636625241593,0.30091090281295924,True,True,,2,38667,204000,36258412.3339439,217.55138993263245,a085,,,2026-08-23T21:18:19,harminv_tarama_rd0.150_dx+0.040_dy+0.100_s3_na1.3300_res20_nk6_simoto.json
harminv_tarama_rd0.150_dx+0.040_dy+0.150_s1_na1.3300_res20_nk6_simoto.json,legacy-campaign,harminv,sweep,harminv_tarama_rd0.150_dx+0.040_dy+0.150_s1_na1.3300_res20_nk6_simoto,0.15,0.04,0.15,1,1.33,0.0,20,6,25,481.4,0.3105806451612903,0.06,1.0,1.5,1.0,pml,,,800.0,none,53.309263202061295,0.29664125480561004,1622.8356380014066,30.441907100652944,3.1665947837273126e-06,0.0164871273125965,780.5742985487104,14.642376421337,0.302713427421141,True,True,,2,38667,204000,36358808.165062405,216.9506757259369,a083,,,2026-08-23T21:19:44,harminv_tarama_rd0.150_dx+0.040_dy+0.150_s1_na1.3300_res20_nk6_simoto.json
harminv_tarama_rd0.150_dx+0.040_dy+0.150_s2_na1.3300_res20_nk6_simoto.json,legacy-campaign,harminv,sweep,harminv_tarama_rd0.150_dx+0.040_dy+0.150_s2_na1.3300_res20_nk6_simoto,0.15,0.04,0.15,2,1.33,0.0,20,6,25,481.4,0.3105806451612903,0.06,1.0,1.5,1.0,pml,,,800.0,none,52.520702446812,0.29655103658884546,1623.3293450511158,30.90837078378893,7.62988050022595e-06,0.0027385798477292424,780.5742985487104,14.8622212229397,0.30143612794265273,True,True,,2,38667,204000,36648294.85728708,215.236971616745,a085,,,2026-08-23T21:19:44,harminv_tarama_rd0.150_dx+0.040_dy+0.150_s2_na1.3300_res20_nk6_simoto.json
harminv_tarama_rd0.150_dx+0.040_dy+0.150_s3_na1.3300_res20_nk6_simoto.json,legacy-campaign,harminv,sweep,harminv_tarama_rd0.150_dx+0.040_dy+0.150_s3_na1.3300_res20_nk6_simoto,0.15,0.04,0.15,3,1.33,0.0,20,6,25,481.4,0.3105806451612903,0.06,1.0,1.5,1.0,pml,,,800.0,none,53.9320161893432,0.2965766611211891,1623.1890877053445,30.096948017049687,2.8967128536198986e-06,0.0004296963473940759,780.5742985487104,14.473300901792532,0.3017989172215011,True,True,,2,38667,204000,36585277.855103225,215.6077105998993,a076,,,2026-08-23T21:19:46,harminv_tarama_rd0.150_dx+0.040_dy+0.150_s3_na1.3300_res20_nk6_simoto.json
harminv_tarama_rd0.150_dx+0.040_dy-0.050_s1_na1.3300_res20_nk6_simoto.json,legacy-campaign,harminv,sweep,harminv_tarama_rd0.150_dx+0.040_dy-0.050_s1_na1.3300_res20_nk6_simoto,0.15,0.04,-0.05,1,1.33,0.0,20,6,25,481.4,0.3105806451612903,0.06,1.0,1.5,1.0,pml,,,800.0,none,53.191630045832994,0.2975103528423404,1618.0949516573905,30.420104634190494,2.2229432733455226e-06,0.02050061860964205,780.5742985487104,14.674758000010948,0.31501802076028407,True,True,,2,38667,204000,36113783.20383555,218.42264366149902,a083,,,2026-08-23T21:16:06,harminv_tarama_rd0.150_dx+0.040_dy-0.050_s1_na1.3300_res20_nk6_simoto.json
harminv_tarama_rd0.150_dx+0.040_dy-0.050_s2_na1.3300_res20_nk6_simoto.json,legacy-campaign,harminv,sweep,harminv_tarama_rd0.150_dx+0.040_dy-0.050_s2_na1.3300_res20_nk6_simoto,0.15,0.04,-0.05,2,1.33,0.0,20,6,25,481.4,0.3105806451612903,0.06,1.0,1.5,1.0,pml,,,800.0,none,52.904541983367565,0.2966581457907013,1622.7432377320863,30.673041990274744,5.319299295950956e-06,0.00349837738269602,780.5742985487104,14.754391008509476,0.30295256810937404,True,True,,2,38667,204000,36356898.059354834,216.962073802948,a085,,,2026-08-23T21:16:07,harminv_tarama_rd0.150_dx+0.040_dy-0.050_s2_na1.3300_res20_nk6_simoto.json
harminv_tarama_rd0.150_dx+0.040_dy-0.050_s3_na1.3300_res20_nk6_simoto.json,legacy-campaign,harminv,sweep,harminv_tarama_rd0.150_dx+0.040_dy-0.050_s3_na1.3300_res20_nk6_simoto,0.15,0.04,-0.05,3,1.33,0.0,20,6,25,481.4,0.3105806451612903,0.06,1.0,1.5,1.0,pml,,,800.0,none,53.94448168746495,0.2965138349995582,1623.5330132258998,30.096368756160636,5.441591050546437e-06,0.0005348924667744939,780.5742985487104,14.469956409463325,0.300909431979247,True,True,,2,38667,204000,36494168.25012193,216.14598655700684,a076,,,2026-08-23T21:16:07,harminv_tarama_rd0.150_dx+0.040_dy-0.050_s3_na1.3300_res20_nk6_simoto.json
harminv_tarama_rd0.150_dx+0.040_dy-0.100_s1_na1.3300_res20_nk6_simoto.json,legacy-campaign,harminv,sweep,harminv_tarama_rd0.150_dx+0.040_dy-0.100_s1_na1.3300_res20_nk6_simoto,0.15,0.04,-0.1,1,1.33,0.0,20,6,25,481.4,0.3105806451612903,0.06,1.0,1.5,1.0,pml,,,800.0,none,53.18171613576177,0.2978218405392611,1616.4026087822738,30.39395352823773,2.114610720928218e-06,0.02245222803714494,780.5742985487104,14.677493606187284,0.319428028928263,True,True,,2,38667,204000,35904469.65138874,219.69598984718323,a046,,,2026-08-23T21:14:30,harminv_tarama_rd0.150_dx+0.040_dy-0.100_s1_na1.3300_res20_nk6_simoto.json
harminv_tarama_rd0.150_dx+0.040_dy-0.100_s2_na1.3300_res20_nk6_simoto.json,legacy-campaign,harminv,sweep,harminv_tarama_rd0.150_dx+0.040_dy-0.100_s2_na1.3300_res20_nk6_simoto,0.15,0.04,-0.1,2,1.33,0.0,20,6,25,481.4,0.3105806451612903,0.06,1.0,1.5,1.0,pml,,,800.0,none,53.40679049607483,0.29673795151794885,1622.3068115737176,30.376414618904132,1.0459626414282276e-06,0.003909842964738298,780.5742985487104,14.615637661395873,0.3040824487194025,True,True,,2,38667,204000,36086540.224681444,218.58753848075867,a083,,,2026-08-23T21:14:49,harminv_tarama_rd0.150_dx+0.040_dy-0.100_s2_na1.3300_res20_nk6_simoto.json
harminv_tarama_rd0.150_dx+0.040_dy-0.100_s3_na1.3300_res20_nk6_simoto.json,legacy-campaign,harminv,sweep,harminv_tarama_rd0.150_dx+0.040_dy-0.100_s3_na1.3300_res20_nk6_simoto,0.15,0.04,-0.1,3,1.33,0.0,20,6,25,481.4,0.3105806451612903,0.06,1.0,1.5,1.0,pml,,,800.0,none,53.524358381320056,0.2964635417664255,1623.80843570735,30.33774686543571,7.023494151437492e-06,0.000620502056274924,780.5742985487104,14.583533967613707,0.30019738597838747,True,True,,2,38667,204000,36139102.91589596,218.26961278915405,a085,,,2026-08-23T21:14:42,harminv_tarama_rd0.150_dx+0.040_dy-0.100_s3_na1.3300_res20_nk6_simoto.json
harminv_tarama_rd0.150_dx+0.040_dy-0.150_s1_na1.3300_res20_nk6_simoto.json,legacy-campaign,harminv,sweep,harminv_tarama_rd0.150_dx+0.040_dy-0.150_s1_na1.3300_res20_nk6_simoto,0.15,0.04,-0.15,1,1.33,0.0,20,6,25,481.4,0.3105806451612903,0.06,1.0,1.5,1.0,pml,,,800.0,none,53.181214117961744,0.29818355515174694,1614.4418150592287,30.357370395459952,2.3352390841744236e-06,0.024746586314586035,780.5742985487104,14.677632158177348,0.32454914418035624,True,True,,3,38667,204000,36357095.26557143,216.96089696884155,a076,,,2026-08-23T21:13:59,harminv_tarama_rd0.150_dx+0.040_dy-0.150_s1_na1.3300_res20_nk6_simoto.json
harminv_tarama_rd0.150_dx+0.040_dy-0.150_s2_na1.3300_res20_nk6_simoto.json,legacy-campaign,harminv,sweep,harminv_tarama_rd0.150_dx+0.040_dy-0.150_s2_na1.3300_res20_nk6_simoto,0.15,0.04,-0.15,2,1.33,0.0,20,6,25,481.4,0.3105806451612903,0.06,1.0,1.5,1.0,pml,,,800.0,none,52.99289624035624,0.29678687707800105,1622.0393729655345,30.608619042230906,9.662042881380733e-06,0.004682812309789983,780.5742985487104,14.72979123481595,0.3047751313569068,True,True,,3,38667,204000,36468926.83411226,216.29558873176575,a046,,,2026-08-23T21:14:28,harminv_tarama_rd0.150_dx+0.040_dy-0.150_s2_na1.3300_res20_nk6_simoto.json
harminv_tarama_rd0.150_dx+0.040_dy-0.150_s3_na1.3300_res20_nk6_simoto.json,legacy-campaign,harminv,sweep,harminv_tarama_rd0.150_dx+0.040_dy-0.150_s3_na1.3300_res20_nk6_simoto,0.15,0.04,-0.15,3,1.33,0.0,20,6,25,481.4,0.3105806451612903,0.06,1.0,1.5,1.0,pml,,,800.0,none,52.22304291200183,0.29659832853496176,1623.0705087849292,31.07958514634767,1.4442276700087452e-05,0.0007063541653871743,780.5742985487104,14.946932522948025,0.3021056820557502,True,True,,2,38667,204000,36249093.953213334,217.60731482505798,a083,,,2026-08-23T21:14:23,harminv_tarama_rd0.150_dx+0.040_dy-0.150_s3_na1.3300_res20_nk6_simoto.json
harminv_tarama_rd0.150_dx+0.080_dy+0.000_s1_na1.3300_res20_nk6_simoto.json,legacy-campaign,harminv,sweep,harminv_tarama_rd0.150_dx+0.080_dy+0.000_s1_na1.3300_res20_nk6_simoto,0.15,0.08,0.0,1,1.33,0.0,20,6,25,481.4,0.3105806451612903,0.06,1.0,1.5,1.0,pml,,,800.0,none,53.2129953909897,0.29723862441574933,1619.5741752816857,30.43568893992238,2.585350554978099e-06,0.019128883717409933,780.5742985487104,14.668865994355983,0.31117091991943197,True,True,,2,38667,204000,35730885.70700472,220.7632932662964,a083,,,2026-08-23T21:16:29,harminv_tarama_rd0.150_dx+0.080_dy+0.000_s1_na1.3300_res20_nk6_simoto.json
harminv_tarama_rd0.150_dx+0.080_dy+0.000_s2_na1.3300_res20_nk6_simoto.json,legacy-campaign,harminv,sweep,harminv_tarama_rd0.150_dx+0.080_dy+0.000_s2_na1.3300_res20_nk6_simoto,0.15,0.08,0.0,2,1.33,0.0,20,6,25,481.4,0.3105806451612903,0.06,1.0,1.5,1.0,pml,,,800.0,none,52.48410278218245,0.2966194282631155,1622.9550532778162,30.922793136301546,7.603147576739768e-06,0.0032557715641952224,780.5742985487104,14.872585357669552,0.30240440966014664,True,True,,2,38667,204000,36343751.71642017,217.04055380821228,a085,,,2026-08-23T21:16:14,harminv_tarama_rd0.150_dx+0.080_dy+0.000_s2_na1.3300_res20_nk6_simoto.json
harminv_tarama_rd0.150_dx+0.080_dy+0.000_s3_na1.3300_res20_nk6_simoto.json,legacy-campaign,harminv,sweep,harminv_tarama_rd0.150_dx+0.080_dy+0.000_s3_na1.3300_res20_nk6_simoto,0.15,0.08,0.0,3,1.33,0.0,20,6,25,481.4,0.3105806451612903,0.06,1.0,1.5,1.0,pml,,,800.0,none,53.59629588098527,0.29650706150337264,1623.5701017006782,30.29258039223348,4.3514759431749846e-06,0.0005064634682563939,780.5742985487104,14.563959798304648,0.3008135335736299,True,True,,2,38667,204000,36270502.26730796,217.47887420654297,a076,,,2026-08-23T21:16:26,harminv_tarama_rd0.150_dx+0.080_dy+0.000_s3_na1.3300_res20_nk6_simoto.json
harminv_tarama_rd0.150_dx+0.080_dy+0.050_s1_na1.3300_res20_nk6_simoto.json,legacy-campaign,harminv,sweep,harminv_tarama_rd0.150_dx+0.080_dy+0.050_s1_na1.3300_res20_nk6_simoto,0.15,0.08,0.05,1,1.33,0.0,20,6,25,481.4,0.3105806451612903,0.06,1.0,1.5,1.0,pml,,,800.0,none,52.93401104869009,0.29701779924708344,1620.7782874302845,30.61884514928314,4.535156539854829e-06,0.018205228252757034,780.5742985487104,14.746177043540452,0.3080445017426014,True,True,,3,38667,204000,36259113.37464192,217.54718375205994,a085,,,2026-08-23T21:17:42,harminv_tarama_rd0.150_dx+0.080_dy+0.050_s1_na1.3300_res20_nk6_simoto.json
harminv_tarama_rd0.150_dx+0.080_dy+0.050_s2_na1.3300_res20_nk6_simoto.json,legacy-campaign,harminv,sweep,harminv_tarama_rd0.150_dx+0.080_dy+0.050_s2_na1.3300_res20_nk6_simoto,0.15,0.08,0.05,2,1.33,0.0,20,6,25,481.4,0.3105806451612903,0.06,1.0,1.5,1.0,pml,,,800.0,none,52.45296872239118,0.296566424764044,1623.245114085367,30.946677635663253,8.390769318476146e-06,0.003021301471886996,780.5742985487104,14.88141315089184,0.30165399201557336,True,True,,2,38667,204000,36412777.88815818,216.62911915779114,a076,,,2026-08-23T21:17:43,harminv_tarama_rd0.150_dx+0.080_dy+0.050_s2_na1.3300_res20_nk6_simoto.json
harminv_tarama_rd0.150_dx+0.080_dy+0.050_s3_na1.3300_res20_nk6_simoto.json,legacy-campaign,harminv,sweep,harminv_tarama_rd0.150_dx+0.080_dy+0.050_s3_na1.3300_res20_nk6_simoto,0.15,0.08,0.05,3,1.33,0.0,20,6,25,481.4,0.3105806451612903,0.06,1.0,1.5,1.0,pml,,,800.0,none,53.48368177180361,0.2964930138704646,1623.6470253235705,30.35780207224909,2.383511660027071e-06,0.00047170501190717034,780.5742985487104,14.594625364034421,0.3006146487493573,True,True,,3,38667,204000,36247862.88339027,217.61470532417297,a046,,,2026-08-23T21:18:12,harminv_tarama_rd0.150_dx+0.080_dy+0.050_s3_na1.3300_res20_nk6_simoto.json
harminv_tarama_rd0.150_dx+0.080_dy+0.100_s1_na1.3300_res20_nk6_simoto.json,legacy-campaign,harminv,sweep,harminv_tarama_rd0.150_dx+0.080_dy+0.100_s1_na1.3300_res20_nk6_simoto,0.15,0.08,0.1,1,1.33,0.0,20,6,25,481.4,0.3105806451612903,0.06,1.0,1.5,1.0,pml,,,800.0,none,53.41213173767891,0.2967990734836497,1621.972718275752,30.367121953523377,1.8222156744233932e-06,0.01699249179541141,780.5742985487104,14.614176089850092,0.30494780671154276,True,True,,2,38667,204000,36195934.6886168,217.92690443992615,a076,,,2026-08-23T21:18:05,harminv_tarama_rd0.150_dx+0.080_dy+0.100_s1_na1.3300_res20_nk6_simoto.json
harminv_tarama_rd0.150_dx+0.080_dy+0.100_s2_na1.3300_res20_nk6_simoto.json,legacy-campaign,harminv,sweep,harminv_tarama_rd0.150_dx+0.080_dy+0.100_s2_na1.3300_res20_nk6_simoto,0.15,0.08,0.1,2,1.33,0.0,20,6,25,481.4,0.3105806451612903,0.06,1.0,1.5,1.0,pml,,,800.0,none,53.10700181261176,0.29654701575295844,1623.3513555268255,30.5675579513004,1.2732312305316054e-06,0.0028104382967574265,780.5742985487104,14.698142841935786,0.30137920139537927,True,True,,2,38667,204000,36135310.38016327,218.29252099990845,a046,,,2026-08-23T21:18:17,harminv_tarama_rd0.150_dx+0.080_dy+0.100_s2_na1.3300_res20_nk6_simoto.json
harminv_tarama_rd0.150_dx+0.080_dy+0.100_s3_na1.3300_res20_nk6_simoto.json,legacy-campaign,harminv,sweep,harminv_tarama_rd0.150_dx+0.080_dy+0.100_s3_na1.3300_res20_nk6_simoto,0.15,0.08,0.1,3,1.33,0.0,20,6,25,481.4,0.3105806451612903,0.06,1.0,1.5,1.0,pml,,,800.0,none,53.68551622715008,0.2964860447039122,1623.685190582084,30.244380695010374,5.02332308923526e-06,0.0004594639846499534,780.5742985487104,14.539755848598041,0.3005159800644495,True,True,,3,38667,204000,36002068.60393953,219.1004102230072,a083,,,2026-08-23T21:18:35,harminv_tarama_rd0.150_dx+0.080_dy+0.100_s3_na1.3300_res20_nk6_simoto.json
harminv_tarama_rd0.150_dx+0.080_dy+0.150_s1_na1.3300_res20_nk6_simoto.json,legacy-campaign,harminv,sweep,harminv_tarama_rd0.150_dx+0.080_dy+0.150_s1_na1.3300_res20_nk6_simoto,0.15,0.08,0.15,1,1.33,0.0,20,6,25,481.4,0.3105806451612903,0.06,1.0,1.5,1.0,pml,,,800.0,none,53.45439538208907,0.29662874799598243,1622.9040619034001,30.360535374181513,1.8205230237762049e-06,0.01660508510202603,780.5742985487104,14.602621411564165,0.30253635740149537,True,True,,2,38667,204000,35781700.56470554,220.44977951049805,a046,,,2026-08-23T21:18:43,harminv_tarama_rd0.150_dx+0.080_dy+0.150_s1_na1.3300_res20_nk6_simoto.json
harminv_tarama_rd0.150_dx+0.080_dy+0.150_s2_na1.3300_res20_nk6_simoto.json,legacy-campaign,harminv,sweep,harminv_tarama_rd0.150_dx+0.080_dy+0.150_s2_na1.3300_res20_nk6_simoto,0.15,0.08,0.15,2,1.33,0.0,20,6,25,481.4,0.3105806451612903,0.06,1.0,1.5,1.0,pml,,,800.0,none,53.683740407546395,0.29654802058268404,1623.3458549279885,30.23906014380087,4.567797991276652e-06,0.0026588518708728693,780.5742985487104,14.540236813286283,0.3013934276628727,True,True,,2,38667,204000,36007661.43148879,219.0663788318634,a083,,,2026-08-23T21:19:51,harminv_tarama_rd0.150_dx+0.080_dy+0.150_s2_na1.3300_res20_nk6_simoto.json
harminv_tarama_rd0.150_dx+0.080_dy+0.150_s3_na1.3300_res20_nk6_simoto.json,legacy-campaign,harminv,sweep,harminv_tarama_rd0.150_dx+0.080_dy+0.150_s3_na1.3300_res20_nk6_simoto,0.15,0.08,0.15,3,1.33,0.0,20,6,25,481.4,0.3105806451612903,0.06,1.0,1.5,1.0,pml,,,800.0,none,52.16034896467603,0.29634694494698743,1624.4473182813344,31.1433368550015,2.627712811805298e-05,0.0004862091817185146,780.5742985487104,14.964897935735246,0.29854662117719194,True,True,,2,38667,204000,36450196.722834334,216.40673327445984,a085,,,2026-08-23T21:19:51,harminv_tarama_rd0.150_dx+0.080_dy+0.150_s3_na1.3300_res20_nk6_simoto.json
harminv_tarama_rd0.150_dx+0.080_dy-0.050_s1_na1.3300_res20_nk6_simoto.json,legacy-campaign,harminv,sweep,harminv_tarama_rd0.150_dx+0.080_dy-0.050_s1_na1.3300_res20_nk6_simoto,0.15,0.08,-0.05,1,1.33,0.0,20,6,25,481.4,0.3105806451612903,0.06,1.0,1.5,1.0,pml,,,800.0,none,53.26375256451628,0.29750653563576024,1618.115712891034,30.379303653663424,2.034789614476672e-06,0.020657726863272025,780.5742985487104,14.654887441571669,0.3149639771740886,True,True,,2,38667,204000,35812187.81302334,220.26210856437683,a046,,,2026-08-23T21:16:04,harminv_tarama_rd0.150_dx+0.080_dy-0.050_s1_na1.3300_res20_nk6_simoto.json
harminv_tarama_rd0.150_dx+0.080_dy-0.050_s2_na1.3300_res20_nk6_simoto.json,legacy-campaign,harminv,sweep,harminv_tarama_rd0.150_dx+0.080_dy-0.050_s2_na1.3300_res20_nk6_simoto,0.15,0.08,-0.05,2,1.33,0.0,20,6,25,481.4,0.3105806451612903,0.06,1.0,1.5,1.0,pml,,,800.0,none,52.94004175440685,0.29665977776948554,1622.7343107297265,30.6523050785967,4.694860497628507e-06,0.003529569237967012,780.5742985487104,14.744497221401108,0.30297567348348525,True,True,,2,38667,204000,35839939.52601003,220.09155440330505,a083,,,2026-08-23T21:16:08,harminv_tarama_rd0.150_dx+0.080_dy-0.050_s2_na1.3300_res20_nk6_simoto.json
harminv_tarama_rd0.150_dx+0.080_dy-0.050_s3_na1.3300_res20_nk6_simoto.json,legacy-campaign,harminv,sweep,harminv_tarama_rd0.150_dx+0.080_dy-0.050_s3_na1.3300_res20_nk6_simoto,0.15,0.08,-0.05,3,1.33,0.0,20,6,25,481.4,0.3105806451612903,0.06,1.0,1.5,1.0,pml,,,800.0,none,53.59284543266966,0.2964721757627216,1623.7611464263796,30.29809545131095,4.167396268314312e-06,0.0005507498806962743,780.5742985487104,14.564897464333553,0.3003196251376373,True,True,,2,38667,204000,36277799.12897835,217.43513083457947,a085,,,2026-08-23T21:16:07,harminv_tarama_rd0.150_dx+0.080_dy-0.050_s3_na1.3300_res20_nk6_simoto.json
harminv_tarama_rd0.150_dx+0.080_dy-0.100_s1_na1.3300_res20_nk6_simoto.json,legacy-campaign,harminv,sweep,harminv_tarama_rd0.150_dx+0.080_dy-0.100_s1_na1.3300_res20_nk6_simoto,0.15,0.08,-0.1,1,1.33,0.0,20,6,25,481.4,0.3105806451612903,0.06,1.0,1.5,1.0,pml,,,800.0,none,53.2496203819274,0.29781827196105864,1616.4219771678268,30.355558698338264,1.925156801697547e-06,0.02261986998946597,780.5742985487104,14.658776775310733,0.3193775053949857,True,True,,2,38667,204000,36049563.43753025,218.8117482662201,a076,,,2026-08-23T21:14:23,harminv_tarama_rd0.150_dx+0.080_dy-0.100_s1_na1.3300_res20_nk6_simoto.json
harminv_tarama_rd0.150_dx+0.080_dy-0.100_s2_na1.3300_res20_nk6_simoto.json,legacy-campaign,harminv,sweep,harminv_tarama_rd0.150_dx+0.080_dy-0.100_s2_na1.3300_res20_nk6_simoto,0.15,0.08,-0.1,2,1.33,0.0,20,6,25,481.4,0.3105806451612903,0.06,1.0,1.5,1.0,pml,,,800.0,none,53.409352430533374,0.296733867885633,1622.3291376552302,30.375375544298258,8.048499043152176e-07,0.0039450358663310845,780.5742985487104,14.614936579954994,0.30402463310727407,True,True,,2,38667,204000,35255539.29867031,223.73981952667236,a046,,,2026-08-23T21:14:32,harminv_tarama_rd0.150_dx+0.080_dy-0.100_s2_na1.3300_res20_nk6_simoto.json
harminv_tarama_rd0.150_dx+0.080_dy-0.100_s3_na1.3300_res20_nk6_simoto.json,legacy-campaign,harminv,sweep,harminv_tarama_rd0.150_dx+0.080_dy-0.100_s3_na1.3300_res20_nk6_simoto,0.15,0.08,-0.1,3,1.33,0.0,20,6,25,481.4,0.3105806451612903,0.06,1.0,1.5,1.0,pml,,,800.0,none,53.43661914132913,0.29644627246782157,1623.9030296872922,30.389329560547136,8.80291645939119e-06,0.0006316683954122278,780.5742985487104,14.607479123711927,0.2999528891695203,True,True,,2,38667,204000,36477663.73058985,216.24378299713135,a083,,,2026-08-23T21:16:01,harminv_tarama_rd0.150_dx+0.080_dy-0.100_s3_na1.3300_res20_nk6_simoto.json
harminv_tarama_rd0.150_dx+0.080_dy-0.150_s1_na1.3300_res20_nk6_simoto.json,legacy-campaign,harminv,sweep,harminv_tarama_rd0.150_dx+0.080_dy-0.150_s1_na1.3300_res20_nk6_simoto,0.15,0.08,-0.15,1,1.33,0.0,20,6,25,481.4,0.3105806451612903,0.06,1.0,1.5,1.0,pml,,,800.0,none,53.26629599484118,0.2981784062415506,1614.4696930535736,30.30940415323668,2.011009896351964e-06,0.024909839151332366,780.5742985487104,14.654187680410681,0.32447624648248113,True,True,,2,38667,204000,36133486.19368311,218.30354142189026,a085,,,2026-08-23T21:14:01,harminv_tarama_rd0.150_dx+0.080_dy-0.150_s1_na1.3300_res20_nk6_simoto.json
harminv_tarama_rd0.150_dx+0.080_dy-0.150_s2_na1.3300_res20_nk6_simoto.json,legacy-campaign,harminv,sweep,harminv_tarama_rd0.150_dx+0.080_dy-0.150_s2_na1.3300_res20_nk6_simoto,0.15,0.08,-0.15,2,1.33,0.0,20,6,25,481.4,0.3105806451612903,0.06,1.0,1.5,1.0,pml,,,800.0,none,54.90680705402697,0.29682626133774986,1621.824153396687,29.537761170502073,1.0541813740284057e-05,0.004284131765559151,780.5742985487104,14.216348398854157,0.3053327293259408,True,True,,2,38667,204000,36312528.13955515,217.22717761993408,a076,,,2026-08-23T21:14:03,harminv_tarama_rd0.150_dx+0.080_dy-0.150_s2_na1.3300_res20_nk6_simoto.json
harminv_tarama_rd0.150_dx+0.080_dy-0.150_s3_na1.3300_res20_nk6_simoto.json,legacy-campaign,harminv,sweep,harminv_tarama_rd0.150_dx+0.080_dy-0.150_s3_na1.3300_res20_nk6_simoto,0.15,0.08,-0.15,3,1.33,0.0,20,6,25,481.4,0.3105806451612903,0.06,1.0,1.5,1.0,pml,,,800.0,none,73.77906209685769,0.28478752565779586,1690.3830281472933,22.911419312001367,2.3965681841621946e-05,0.0003426048531458325,780.5742985487104,10.579889149633901,0.1348896485699945,True,False,gap position outside 0.2-0.8,1,38667,204000,36075465.98265731,218.6546392440796,a046,,,2026-08-23T21:14:29,harminv_tarama_rd0.150_dx+0.080_dy-0.150_s3_na1.3300_res20_nk6_simoto.json
harminv_tarama_rd0.160_dx+0.000_dy+0.000_s1_na1.3300_res20_nk6_simoto.json,legacy-campaign,harminv,sweep,harminv_tarama_rd0.160_dx+0.000_dy+0.000_s1_na1.3300_res20_nk6_simoto,0.16,0.0,0.0,1,1.33,0.0,20,6,25,481.4,0.3105806451612903,0.06,1.0,1.5,1.0,pml,,,800.0,even,52.548758335136746,0.2970035969967587,1620.8557905285356,30.844797134716497,4.566923633441798e-06,0.029641871058867352,780.5742985487104,14.854286252978486,0.30784342786214036,True,True,,2,38667,204000,35369599.327388935,111.50915122032166,a085,,,2026-08-23T21:22:03,harminv_tarama_rd0.160_dx+0.000_dy+0.000_s1_na1.3300_res20_nk6_simoto.json
harminv_tarama_rd0.160_dx+0.000_dy+0.000_s2_na1.3300_res20_nk6_simoto.json,legacy-campaign,harminv,sweep,harminv_tarama_rd0.160_dx+0.000_dy+0.000_s2_na1.3300_res20_nk6_simoto,0.16,0.0,0.0,2,1.33,0.0,20,6,25,481.4,0.3105806451612903,0.06,1.0,1.5,1.0,pml,,,800.0,even,52.83685518321155,0.2965878463087125,1623.1278725390525,30.71961544476605,1.1522377447038175e-06,0.0046703816366539495,780.5742985487104,14.77329216211057,0.30195727586239207,True,True,,2,38667,204000,35351940.33687952,111.56485223770142,a076,,,2026-08-23T21:21:50,harminv_tarama_rd0.160_dx+0.000_dy+0.000_s2_na1.3300_res20_nk6_simoto.json
harminv_tarama_rd0.160_dx+0.000_dy+0.000_s3_na1.3300_res20_nk6_simoto.json,legacy-campaign,harminv,sweep,harminv_tarama_rd0.160_dx+0.000_dy+0.000_s3_na1.3300_res20_nk6_simoto,0.16,0.0,0.0,3,1.33,0.0,20,6,25,481.4,0.3105806451612903,0.06,1.0,1.5,1.0,pml,,,800.0,even,54.1029256502643,0.2965613010690336,1623.273158920825,30.003426606059982,1.0896919141165814e-05,0.000713413306574345,780.5742985487104,14.427580193990808,0.30158145131149616,True,True,,4,38667,204000,35256127.40621158,111.86804366111755,a046,,,2026-08-23T21:22:02,harminv_tarama_rd0.160_dx+0.000_dy+0.000_s3_na1.3300_res20_nk6_simoto.json
harminv_tarama_rd0.160_dx+0.000_dy+0.050_s1_na1.3300_res20_nk6_simoto.json,legacy-campaign,harminv,sweep,harminv_tarama_rd0.160_dx+0.000_dy+0.050_s1_na1.3300_res20_nk6_simoto,0.16,0.0,0.05,1,1.33,0.0,20,6,25,481.4,0.3105806451612903,0.06,1.0,1.5,1.0,pml,,,800.0,even,52.77331312948259,0.2967763749839449,1622.0967724470754,30.737065313052465,3.7455417515056557e-06,0.02736815417554229,780.5742985487104,14.791080041412657,0.30462644387734833,True,True,,3,38667,204000,35485369.362569496,111.14535570144653,a076,,,2026-08-23T21:23:28,harminv_tarama_rd0.160_dx+0.000_dy+0.050_s1_na1.3300_res20_nk6_simoto.json
harminv_tarama_rd0.160_dx+0.000_dy+0.050_s2_na1.3300_res20_nk6_simoto.json,legacy-campaign,harminv,sweep,harminv_tarama_rd0.160_dx+0.000_dy+0.050_s2_na1.3300_res20_nk6_simoto,0.16,0.0,0.05,2,1.33,0.0,20,6,25,481.4,0.3105806451612903,0.06,1.0,1.5,1.0,pml,,,800.0,even,52.82221133238995,0.2965559439846226,1623.302482262713,30.73143742597015,1.2442669660295019e-06,0.00432728050232193,780.5742985487104,14.777387747681658,0.30150560630624335,True,True,,2,38667,204000,35130176.19868969,112.26912093162537,a046,,,2026-08-23T21:22:30,harminv_tarama_rd0.160_dx+0.000_dy+0.050_s2_na1.3300_res20_nk6_simoto.json
harminv_tarama_rd0.160_dx+0.000_dy+0.050_s3_na1.3300_res20_nk6_simoto.json,legacy-campaign,harminv,sweep,harminv_tarama_rd0.160_dx+0.000_dy+0.050_s3_na1.3300_res20_nk6_simoto,0.16,0.0,0.05,3,1.33,0.0,20,6,25,481.4,0.3105806451612903,0.06,1.0,1.5,1.0,pml,,,800.0,even,53.13966856626997,0.2964999276907808,1623.6091649305597,30.55361858167731,2.0202031870763833e-06,0.0007093722440106039,780.5742985487104,14.689107395829234,0.30071253384840874,True,True,,2,38667,204000,35127405.56289411,112.27797603607178,a083,,,2026-08-23T21:23:37,harminv_tarama_rd0.160_dx+0.000_dy+0.050_s3_na1.3300_res20_nk6_simoto.json
harminv_tarama_rd0.160_dx+0.000_dy+0.100_s1_na1.3300_res20_nk6_simoto.json,legacy-campaign,harminv,sweep,harminv_tarama_rd0.160_dx+0.000_dy+0.100_s1_na1.3300_res20_nk6_simoto,0.16,0.0,0.1,1,1.33,0.0,20,6,25,481.4,0.3105806451612903,0.06,1.0,1.5,1.0,pml,,,800.0,even,52.72845705128964,0.2965816362533712,1623.1618588439424,30.783412783443904,4.344686320790849e-06,0.025990662827989234,780.5742985487104,14.803662807531726,0.30186935458957953,True,True,,3,38667,204000,35229925.51578853,111.95124435424805,a046,,,2026-08-23T21:24:07,harminv_tarama_rd0.160_dx+0.000_dy+0.100_s1_na1.3300_res20_nk6_simoto.json
harminv_tarama_rd0.160_dx+0.000_dy+0.100_s2_na1.3300_res20_nk6_simoto.json,legacy-campaign,harminv,sweep,harminv_tarama_rd0.160_dx+0.000_dy+0.100_s2_na1.3300_res20_nk6_simoto,0.16,0.0,0.1,2,1.33,0.0,20,6,25,481.4,0.3105806451612903,0.06,1.0,1.5,1.0,pml,,,800.0,even,52.8675620505559,0.2965172583525344,1623.5142692020152,30.709081452431832,1.016817678168887e-06,0.004094042924552937,780.5742985487104,14.764711446354708,0.3009578994299239,True,True,,3,38667,204000,35329744.52765168,111.6349425315857,a083,,,2026-08-23T21:23:55,harminv_tarama_rd0.160_dx+0.000_dy+0.100_s2_na1.3300_res20_nk6_simoto.json
harminv_tarama_rd0.160_dx+0.000_dy+0.100_s3_na1.3300_res20_nk6_simoto.json,legacy-campaign,harminv,sweep,harminv_tarama_rd0.160_dx+0.000_dy+0.100_s3_na1.3300_res20_nk6_simoto,0.16,0.0,0.1,3,1.33,0.0,20,6,25,481.4,0.3105806451612903,0.06,1.0,1.5,1.0,pml,,,800.0,even,52.59427722403645,0.29648272580050417,1623.703366529091,30.872244134330106,4.66807064801825e-06,0.0006835939771090137,780.5742985487104,14.841430280022465,0.30046899139914135,True,True,,2,38667,204000,35543767.43052656,110.96274495124817,a085,,,2026-08-23T21:23:41,harminv_tarama_rd0.160_dx+0.000_dy+0.100_s3_na1.3300_res20_nk6_simoto.json
harminv_tarama_rd0.160_dx+0.000_dy+0.150_s1_na1.3300_res20_nk6_simoto.json,legacy-campaign,harminv,sweep,harminv_tarama_rd0.160_dx+0.000_dy+0.150_s1_na1.3300_res20_nk6_simoto,0.16,0.0,0.15,1,1.33,0.0,20,6,25,481.4,0.3105806451612903,0.06,1.0,1.5,1.0,pml,,,800.0,even,53.08458239225309,0.29641168086423203,1624.0925411455014,30.594430020090236,2.9263821526618314e-06,0.024789089830894492,780.5742985487104,14.704350366381025,0.29946314509332905,True,True,,2,38667,204000,35269736.14883254,111.82487964630127,a083,,,2026-08-23T21:25:36,harminv_tarama_rd0.160_dx+0.000_dy+0.150_s1_na1.3300_res20_nk6_simoto.json
harminv_tarama_rd0.160_dx+0.000_dy+0.150_s2_na1.3300_res20_nk6_simoto.json,legacy-campaign,harminv,sweep,harminv_tarama_rd0.160_dx+0.000_dy+0.150_s2_na1.3300_res20_nk6_simoto,0.16,0.0,0.15,2,1.33,0.0,20,6,25,481.4,0.3105806451612903,0.06,1.0,1.5,1.0,pml,,,800.0,even,53.06624023214412,0.2964812992521612,1623.7111791343136,30.597818349881393,7.3624602444573e-07,0.003961267003790386,780.5742985487104,14.709432873593496,0.3004487944863688,True,True,,2,38667,204000,35460008.370944105,111.22484683990479,a085,,,2026-08-23T21:24:11,harminv_tarama_rd0.160_dx+0.000_dy+0.150_s2_na1.3300_res20_nk6_simoto.json
harminv_tarama_rd0.160_dx+0.000_dy+0.150_s3_na1.3300_res20_nk6_simoto.json,legacy-campaign,harminv,sweep,harminv_tarama_rd0.160_dx+0.000_dy+0.150_s3_na1.3300_res20_nk6_simoto,0.16,0.0,0.15,3,1.33,0.0,20,6,25,481.4,0.3105806451612903,0.06,1.0,1.5,1.0,pml,,,800.0,even,52.5476664139514,0.29649787548348555,1623.6204027263366,30.898049590557378,6.878878780794731e-06,0.0006669851054559366,780.5742985487104,14.854594919584633,0.3006834789257778,True,True,,2,38667,204000,35295381.742310636,111.74362778663635,a076,,,2026-08-23T21:24:11,harminv_tarama_rd0.160_dx+0.000_dy+0.150_s3_na1.3300_res20_nk6_simoto.json
harminv_tarama_rd0.160_dx+0.000_dy-0.050_s1_na1.3300_res20_nk6_simoto.json,legacy-campaign,harminv,sweep,harminv_tarama_rd0.160_dx+0.000_dy-0.050_s1_na1.3300_res20_nk6_simoto,0.16,0.0,-0.05,1,1.33,0.0,20,6,25,481.4,0.3105806451612903,0.06,1.0,1.5,1.0,pml,,,800.0,even,53.27508314619401,0.29729375844324385,1619.2738203479767,30.394580819413665,2.869672629742512e-06,0.03140773969821131,780.5742985487104,14.651770629934248,0.3119515013484516,True,True,,2,38667,204000,35271726.44030235,111.81856966018677,a083,,,2026-08-23T21:21:53,harminv_tarama_rd0.160_dx+0.000_dy-0.050_s1_na1.3300_res20_nk6_simoto.json
harminv_tarama_rd0.160_dx+0.000_dy-0.050_s2_na1.3300_res20_nk6_simoto.json,legacy-campaign,harminv,sweep,harminv_tarama_rd0.160_dx+0.000_dy-0.050_s2_na1.3300_res20_nk6_simoto,0.16,0.0,-0.05,2,1.33,0.0,20,6,25,481.4,0.3105806451612903,0.06,1.0,1.5,1.0,pml,,,800.0,even,53.0256378591195,0.296638288394471,1622.8518665123634,30.605041863409866,2.689456615738368e-07,0.0051296097887058205,780.5742985487104,14.72069606446922,0.3026714293021714,True,True,,2,38667,204000,35522926.42865458,111.02784585952759,a085,,,2026-08-23T21:21:26,harminv_tarama_rd0.160_dx+0.000_dy-0.050_s2_na1.3300_res20_nk6_simoto.json
harminv_tarama_rd0.160_dx+0.000_dy-0.050_s3_na1.3300_res20_nk6_simoto.json,legacy-campaign,harminv,sweep,harminv_tarama_rd0.160_dx+0.000_dy-0.050_s3_na1.3300_res20_nk6_simoto,0.16,0.0,-0.05,3,1.33,0.0,20,6,25,481.4,0.3105806451612903,0.06,1.0,1.5,1.0,pml,,,800.0,even,52.51261222914541,0.2965280453904318,1623.4552093248092,30.915529439683127,4.898589703880341e-06,0.0008392238598104896,780.5742985487104,14.86451093201336,0.301110621112694,True,True,,2,38667,204000,35221547.71539744,111.97787308692932,a076,,,2026-08-23T21:21:26,harminv_tarama_rd0.160_dx+0.000_dy-0.050_s3_na1.3300_res20_nk6_simoto.json
harminv_tarama_rd0.160_dx+0.000_dy-0.100_s1_na1.3300_res20_nk6_simoto.json,legacy-campaign,harminv,sweep,harminv_tarama_rd0.160_dx+0.000_dy-0.100_s1_na1.3300_res20_nk6_simoto,0.16,0.0,-0.1,1,1.33,0.0,20,6,25,481.4,0.3105806451612903,0.06,1.0,1.5,1.0,pml,,,800.0,even,52.74832127825797,0.297582328547397,1617.7035859282405,30.668342550553028,2.5595992129905853e-06,0.0354760728222251,780.5742985487104,14.798087970061161,0.31603704478702305,True,True,,2,38667,204000,35190891.42203708,112.07542181015015,a046,,,2026-08-23T21:20:25,harminv_tarama_rd0.160_dx+0.000_dy-0.100_s1_na1.3300_res20_nk6_simoto.json
harminv_tarama_rd0.160_dx+0.000_dy-0.100_s2_na1.3300_res20_nk6_simoto.json,legacy-campaign,harminv,sweep,harminv_tarama_rd0.160_dx+0.000_dy-0.100_s2_na1.3300_res20_nk6_simoto,0.16,0.0,-0.1,2,1.33,0.0,20,6,25,481.4,0.3105806451612903,0.06,1.0,1.5,1.0,pml,,,800.0,even,67.0846975291371,0.29304643743549397,1642.7430553765623,24.487597259614454,6.031978222018171e-05,0.012668926233170548,780.5742985487104,11.635653543934982,0.25181840292635005,True,True,,3,38667,204000,35295131.5743075,111.74441981315613,a083,,,2026-08-23T21:20:16,harminv_tarama_rd0.160_dx+0.000_dy-0.100_s2_na1.3300_res20_nk6_simoto.json
harminv_tarama_rd0.160_dx+0.000_dy-0.100_s3_na1.3300_res20_nk6_simoto.json,legacy-campaign,harminv,sweep,harminv_tarama_rd0.160_dx+0.000_dy-0.100_s3_na1.3300_res20_nk6_simoto,0.16,0.0,-0.1,3,1.33,0.0,20,6,25,481.4,0.3105806451612903,0.06,1.0,1.5,1.0,pml,,,800.0,even,51.16311575744447,0.2965043286654471,1623.5850659137427,31.73350648953594,1.1406908822167837e-05,0.000967606920994624,780.5742985487104,15.256582539837465,0.30077484235823865,True,True,,2,38667,204000,35357802.51402236,111.54635524749756,a085,,,2026-08-23T21:19:58,harminv_tarama_rd0.160_dx+0.000_dy-0.100_s3_na1.3300_res20_nk6_simoto.json
harminv_tarama_rd0.160_dx+0.000_dy-0.150_s1_na1.3300_res20_nk6_simoto.json,legacy-campaign,harminv,sweep,harminv_tarama_rd0.160_dx+0.000_dy-0.150_s1_na1.3300_res20_nk6_simoto,0.16,0.0,-0.15,1,1.33,0.0,20,6,25,481.4,0.3105806451612903,0.06,1.0,1.5,1.0,pml,,,800.0,even,52.946141709287886,0.29793824529599416,1615.7710787406336,30.517258228415777,2.1253604303398875e-06,0.0391769614999716,780.5742985487104,14.742798499551121,0.3210760745270437,True,True,,2,38667,204000,35253885.91017663,111.87515640258789,a076,,,2026-08-23T21:19:49,harminv_tarama_rd0.160_dx+0.000_dy-0.150_s1_na1.3300_res20_nk6_simoto.json
harminv_tarama_rd0.160_dx+0.000_dy-0.150_s2_na1.3300_res20_nk6_simoto.json,legacy-campaign,harminv,sweep,harminv_tarama_rd0.160_dx+0.000_dy-0.150_s2_na1.3300_res20_nk6_simoto,0.16,0.0,-0.15,2,1.33,0.0,20,6,25,481.4,0.3105806451612903,0.06,1.0,1.5,1.0,pml,,,800.0,even,53.46189731539562,0.29675811945911734,1622.1965581848879,30.343041299391707,2.321473572558904e-07,0.0067320266680045825,780.5742985487104,14.60057232805925,0.3043679841872994,True,True,,3,38667,204000,35227567.84622828,111.95873689651489,a046,,,2026-08-23T21:19:52,harminv_tarama_rd0.160_dx+0.000_dy-0.150_s2_na1.3300_res20_nk6_simoto.json
harminv_tarama_rd0.160_dx+0.000_dy-0.150_s3_na1.3300_res20_nk6_simoto.json,legacy-campaign,harminv,sweep,harminv_tarama_rd0.160_dx+0.000_dy-0.150_s3_na1.3300_res20_nk6_simoto,0.16,0.0,-0.15,3,1.33,0.0,20,6,25,481.4,0.3105806451612903,0.06,1.0,1.5,1.0,pml,,,800.0,even,51.83936026831912,0.29652065698025837,1623.4956609854348,31.31781820960493,7.839927811238585e-06,0.0010953669382636514,780.5742985487104,15.057560404072872,0.30100601682322964,True,True,,3,38667,204000,35323474.911278166,111.65475678443909,a083,,,2026-08-23T21:19:55,harminv_tarama_rd0.160_dx+0.000_dy-0.150_s3_na1.3300_res20_nk6_simoto.json
harminv_tarama_rd0.160_dx+0.040_dy+0.000_s1_na1.3300_res20_nk6_simoto.json,legacy-campaign,harminv,sweep,harminv_tarama_rd0.160_dx+0.040_dy+0.000_s1_na1.3300_res20_nk6_simoto,0.16,0.04,0.0,1,1.33,0.0,20,6,25,481.4,0.3105806451612903,0.06,1.0,1.5,1.0,pml,,,800.0,none,52.83904590243562,0.29703138742437823,1620.7041423275864,30.672471742206078,3.632368427190608e-06,0.014783498000878671,780.5742985487104,14.772679657955932,0.30823688164540464,True,True,,3,38667,204000,35845311.327868514,220.05857133865356,a083,,,2026-08-23T21:22:20,harminv_tarama_rd0.160_dx+0.040_dy+0.000_s1_na1.3300_res20_nk6_simoto.json
harminv_tarama_rd0.160_dx+0.040_dy+0.000_s2_na1.3300_res20_nk6_simoto.json,legacy-campaign,harminv,sweep,harminv_tarama_rd0.160_dx+0.040_dy+0.000_s2_na1.3300_res20_nk6_simoto,0.16,0.04,0.0,2,1.33,0.0,20,6,25,481.4,0.3105806451612903,0.06,1.0,1.5,1.0,pml,,,800.0,none,53.017526039227945,0.29659599811432424,1623.0832616104356,30.614089016705677,2.41779759852579e-07,0.002341328274722212,780.5742985487104,14.722948369396931,0.3020726882195638,True,True,,2,38667,204000,36769180.787145354,214.52933764457703,a085,,,2026-08-23T21:23:24,harminv_tarama_rd0.160_dx+0.040_dy+0.000_s2_na1.3300_res20_nk6_simoto.json
harminv_tarama_rd0.160_dx+0.040_dy+0.000_s3_na1.3300_res20_nk6_simoto.json,legacy-campaign,harminv,sweep,harminv_tarama_rd0.160_dx+0.040_dy+0.000_s3_na1.3300_res20_nk6_simoto,0.16,0.04,0.0,3,1.33,0.0,20,6,25,481.4,0.3105806451612903,0.06,1.0,1.5,1.0,pml,,,800.0,none,52.55442433115228,0.2965270127552949,1623.4608628970645,30.89104073650252,2.9639954886877565e-06,0.00038421755544462374,780.5742985487104,14.85268478311569,0.30109600117928,True,True,,2,38667,204000,36513144.83015415,216.0336513519287,a076,,,2026-08-23T21:23:25,harminv_tarama_rd0.160_dx+0.040_dy+0.000_s3_na1.3300_res20_nk6_simoto.json
harminv_tarama_rd0.160_dx+0.040_dy+0.050_s1_na1.3300_res20_nk6_simoto.json,legacy-campaign,harminv,sweep,harminv_tarama_rd0.160_dx+0.040_dy+0.050_s1_na1.3300_res20_nk6_simoto,0.16,0.04,0.05,1,1.33,0.0,20,6,25,481.4,0.3105806451612903,0.06,1.0,1.5,1.0,pml,,,800.0,none,53.19971393341728,0.2967760882161123,1622.0983398414653,30.490734252286043,1.6389378666007998e-07,0.01349247484408729,780.5742985487104,14.672528117832499,0.3046223838502701,True,True,,2,38667,204000,36609122.37214528,215.4672794342041,a085,,,2026-08-23T21:23:34,harminv_tarama_rd0.160_dx+0.040_dy+0.050_s1_na1.3300_res20_nk6_simoto.json
harminv_tarama_rd0.160_dx+0.040_dy+0.050_s2_na1.3300_res20_nk6_simoto.json,legacy-campaign,harminv,sweep,harminv_tarama_rd0.160_dx+0.040_dy+0.050_s2_na1.3300_res20_nk6_simoto,0.16,0.04,0.05,2,1.33,0.0,20,6,25,481.4,0.3105806451612903,0.06,1.0,1.5,1.0,pml,,,800.0,none,52.73912935076185,0.29654757692427386,1623.34828358058,30.780718293316493,2.793816566866613e-06,0.0022001285365129343,780.5742985487104,14.80066713572765,0.30138714639644704,True,True,,3,38667,204000,36578311.98315527,215.64877033233643,a076,,,2026-08-23T21:23:48,harminv_tarama_rd0.160_dx+0.040_dy+0.050_s2_na1.3300_res20_nk6_simoto.json
harminv_tarama_rd0.160_dx+0.040_dy+0.050_s3_na1.3300_res20_nk6_simoto.json,legacy-campaign,harminv,sweep,harminv_tarama_rd0.160_dx+0.040_dy+0.050_s3_na1.3300_res20_nk6_simoto,0.16,0.04,0.05,3,1.33,0.0,20,6,25,481.4,0.3105806451612903,0.06,1.0,1.5,1.0,pml,,,800.0,none,52.37598482364298,0.29658513961234706,1623.1426855344675,30.99020841326055,1.2475565001850334e-05,0.00036022452920126324,780.5742985487104,14.903286328209571,0.30191895475630093,True,True,,2,38667,204000,36074346.62471039,218.66142392158508,a046,,,2026-08-23T21:24:01,harminv_tarama_rd0.160_dx+0.040_dy+0.050_s3_na1.3300_res20_nk6_simoto.json
harminv_tarama_rd0.160_dx+0.040_dy+0.100_s1_na1.3300_res20_nk6_simoto.json,legacy-campaign,harminv,sweep,harminv_tarama_rd0.160_dx+0.040_dy+0.100_s1_na1.3300_res20_nk6_simoto,0.16,0.04,0.1,1,1.33,0.0,20,6,25,481.4,0.3105806451612903,0.06,1.0,1.5,1.0,pml,,,800.0,none,53.288967048221615,0.2965865969267517,1623.134710024984,30.459113770326912,1.0394556648492152e-06,0.012798194917403864,780.5742985487104,14.647953259112013,0.30193958725155307,True,True,,2,38667,204000,35890404.46619692,219.78208708763123,a076,,,2026-08-23T21:23:54,harminv_tarama_rd0.160_dx+0.040_dy+0.100_s1_na1.3300_res20_nk6_simoto.json
harminv_tarama_rd0.160_dx+0.040_dy+0.100_s2_na1.3300_res20_nk6_simoto.json,legacy-campaign,harminv,sweep,harminv_tarama_rd0.160_dx+0.040_dy+0.100_s2_na1.3300_res20_nk6_simoto,0.16,0.04,0.1,2,1.33,0.0,20,6,25,481.4,0.3105806451612903,0.06,1.0,1.5,1.0,pml,,,800.0,none,52.68323446574771,0.2965084569020727,1623.562461016048,30.81744083255966,3.3164621769640526e-06,0.002095569499615845,780.5742985487104,14.816370074168567,0.30083328947322335,True,True,,3,38667,204000,35956402.11994452,219.37867903709412,a046,,,2026-08-23T21:24:30,harminv_tarama_rd0.160_dx+0.040_dy+0.100_s2_na1.3300_res20_nk6_simoto.json
harminv_tarama_rd0.160_dx+0.040_dy+0.100_s3_na1.3300_res20_nk6_simoto.json,legacy-campaign,harminv,sweep,harminv_tarama_rd0.160_dx+0.040_dy+0.100_s3_na1.3300_res20_nk6_simoto,0.16,0.04,0.1,3,1.33,0.0,20,6,25,481.4,0.3105806451612903,0.06,1.0,1.5,1.0,pml,,,800.0,none,52.76356639385773,0.29657379878845647,1623.2047536450732,30.763742191506456,1.141420981549718e-05,0.00034139825174992155,780.5742985487104,14.793812319699034,0.30175839263303394,True,True,,2,38667,204000,36345186.54498162,217.03198552131653,a083,,,2026-08-23T21:25:34,harminv_tarama_rd0.160_dx+0.040_dy+0.100_s3_na1.3300_res20_nk6_simoto.json
harminv_tarama_rd0.160_dx+0.040_dy+0.150_s1_na1.3300_res20_nk6_simoto.json,legacy-campaign,harminv,sweep,harminv_tarama_rd0.160_dx+0.040_dy+0.150_s1_na1.3300_res20_nk6_simoto,0.16,0.04,0.15,1,1.33,0.0,20,6,25,481.4,0.3105806451612903,0.06,1.0,1.5,1.0,pml,,,800.0,none,53.47372199762734,0.2964176585722081,1624.0597888763423,30.371175377476117,2.9246252983446984e-07,0.012327145838014223,780.5742985487104,14.597343693101164,0.2995477768179872,True,True,,2,38667,204000,35923473.4586698,219.5797688961029,a046,,,2026-08-23T21:25:40,harminv_tarama_rd0.160_dx+0.040_dy+0.150_s1_na1.3300_res20_nk6_simoto.json
harminv_tarama_rd0.160_dx+0.040_dy+0.150_s2_na1.3300_res20_nk6_simoto.json,legacy-campaign,harminv,sweep,harminv_tarama_rd0.160_dx+0.040_dy+0.150_s2_na1.3300_res20_nk6_simoto,0.16,0.04,0.15,2,1.33,0.0,20,6,25,481.4,0.3105806451612903,0.06,1.0,1.5,1.0,pml,,,800.0,none,52.439460459202614,0.29646826099963214,1623.78258764299,30.964898826643665,7.288133680909647e-06,0.002057543031657336,780.5742985487104,14.885246562671819,0.3002642003572336,True,True,,2,38667,204000,36124691.69542581,218.3566870689392,a083,,,2026-08-23T21:25:54,harminv_tarama_rd0.160_dx+0.040_dy+0.150_s2_na1.3300_res20_nk6_simoto.json
harminv_tarama_rd0.160_dx+0.040_dy+0.150_s3_na1.3300_res20_nk6_simoto.json,legacy-campaign,harminv,sweep,harminv_tarama_rd0.160_dx+0.040_dy+0.150_s3_na1.3300_res20_nk6_simoto,0.16,0.04,0.15,3,1.33,0.0,20,6,25,481.4,0.3105806451612903,0.06,1.0,1.5,1.0,pml,,,800.0,none,52.492445676829625,0.29670108521674726,1622.5083897092109,30.909369315695507,3.303044895947575e-05,0.0003359851744526693,780.5742985487104,14.870221581107604,0.3035604997274217,True,True,,3,38667,204000,36490167.655217364,216.16968369483948,a085,,,2026-08-23T21:25:38,harminv_tarama_rd0.160_dx+0.040_dy+0.150_s3_na1.3300_res20_nk6_simoto.json
harminv_tarama_rd0.160_dx+0.040_dy-0.050_s1_na1.3300_res20_nk6_simoto.json,legacy-campaign,harminv,sweep,harminv_tarama_rd0.160_dx+0.040_dy-0.050_s1_na1.3300_res20_nk6_simoto,0.16,0.04,-0.05,1,1.33,0.0,20,6,25,481.4,0.3105806451612903,0.06,1.0,1.5,1.0,pml,,,800.0,none,52.734098186135334,0.29728930571449597,1619.2980734474052,30.706850579520204,3.0956117757624975e-06,0.01615191402970854,780.5742985487104,14.802079212457953,0.3118884601100911,True,True,,2,38667,204000,35855277.699390486,219.99740362167358,a046,,,2026-08-23T21:21:57,harminv_tarama_rd0.160_dx+0.040_dy-0.050_s1_na1.3300_res20_nk6_simoto.json
harminv_tarama_rd0.160_dx+0.040_dy-0.050_s2_na1.3300_res20_nk6_simoto.json,legacy-campaign,harminv,sweep,harminv_tarama_rd0.160_dx+0.040_dy-0.050_s2_na1.3300_res20_nk6_simoto,0.16,0.04,-0.05,2,1.33,0.0,20,6,25,481.4,0.3105806451612903,0.06,1.0,1.5,1.0,pml,,,800.0,none,52.849692513625726,0.29663468487366274,1622.8715809313705,30.70730412505165,2.6044716661764295e-06,0.0026003207317653295,780.5742985487104,14.769703690280933,0.3026204110553676,True,True,,2,38667,204000,36146888.112449065,218.2226026058197,a083,,,2026-08-23T21:22:15,harminv_tarama_rd0.160_dx+0.040_dy-0.050_s2_na1.3300_res20_nk6_simoto.json
harminv_tarama_rd0.160_dx+0.040_dy-0.050_s3_na1.3300_res20_nk6_simoto.json,legacy-campaign,harminv,sweep,harminv_tarama_rd0.160_dx+0.040_dy-0.050_s3_na1.3300_res20_nk6_simoto,0.16,0.04,-0.05,3,1.33,0.0,20,6,25,481.4,0.3105806451612903,0.06,1.0,1.5,1.0,pml,,,800.0,none,51.662210233082476,0.2965584059664209,1623.289005857782,31.421207078327647,5.796998152187433e-06,0.00042657690955007926,780.5742985487104,15.10919287090162,0.30154046277071156,True,True,,2,38667,204000,36254171.02383585,217.57684087753296,a085,,,2026-08-23T21:21:56,harminv_tarama_rd0.160_dx+0.040_dy-0.050_s3_na1.3300_res20_nk6_simoto.json
harminv_tarama_rd0.160_dx+0.040_dy-0.100_s1_na1.3300_res20_nk6_simoto.json,legacy-campaign,harminv,sweep,harminv_tarama_rd0.160_dx+0.040_dy-0.100_s1_na1.3300_res20_nk6_simoto,0.16,0.04,-0.1,1,1.33,0.0,20,6,25,481.4,0.3105806451612903,0.06,1.0,1.5,1.0,pml,,,800.0,none,52.703235818306425,0.2975943612212665,1617.6381770959392,30.693336983571964,3.161928119883738e-06,0.017849081034362377,780.5742985487104,14.81074712831159,0.31620740204534015,True,True,,3,38667,204000,35947670.907991625,219.43196320533752,a076,,,2026-08-23T21:20:10,harminv_tarama_rd0.160_dx+0.040_dy-0.100_s1_na1.3300_res20_nk6_simoto.json
harminv_tarama_rd0.160_dx+0.040_dy-0.100_s2_na1.3300_res20_nk6_simoto.json,legacy-campaign,harminv,sweep,harminv_tarama_rd0.160_dx+0.040_dy-0.100_s2_na1.3300_res20_nk6_simoto,0.16,0.04,-0.1,2,1.33,0.0,20,6,25,481.4,0.3105806451612903,0.06,1.0,1.5,1.0,pml,,,800.0,none,53.205514025541646,0.29669940044485227,1622.5176029281465,30.495290434544934,2.080022392715182e-07,0.002913066467455071,780.5742985487104,14.670928621683661,0.3035366469143201,True,True,,2,38667,204000,36180214.324457064,218.0215940475464,a046,,,2026-08-23T21:21:51,harminv_tarama_rd0.160_dx+0.040_dy-0.100_s2_na1.3300_res20_nk6_simoto.json
harminv_tarama_rd0.160_dx+0.040_dy-0.100_s3_na1.3300_res20_nk6_simoto.json,legacy-campaign,harminv,sweep,harminv_tarama_rd0.160_dx+0.040_dy-0.100_s3_na1.3300_res20_nk6_simoto,0.16,0.04,-0.1,3,1.33,0.0,20,6,25,481.4,0.3105806451612903,0.06,1.0,1.5,1.0,pml,,,800.0,none,52.44898959028542,0.2965523846694235,1623.3219656507974,30.950490721206734,2.181192358269923e-06,0.00047334846011437467,780.5742985487104,14.882542154697449,0.30145521391753743,True,True,,2,38667,204000,36401142.69032372,216.6983621120453,a083,,,2026-08-23T21:21:51,harminv_tarama_rd0.160_dx+0.040_dy-0.100_s3_na1.3300_res20_nk6_simoto.json
harminv_tarama_rd0.160_dx+0.040_dy-0.150_s1_na1.3300_res20_nk6_simoto.json,legacy-campaign,harminv,sweep,harminv_tarama_rd0.160_dx+0.040_dy-0.150_s1_na1.3300_res20_nk6_simoto,0.16,0.04,-0.15,1,1.33,0.0,20,6,25,481.4,0.3105806451612903,0.06,1.0,1.5,1.0,pml,,,800.0,none,52.80996109182228,0.29794670435920206,1615.7252050676425,30.595084178500567,2.93144703337825e-06,0.01976988500126849,780.5742985487104,14.780815634222911,0.3211958370030871,True,True,,3,38667,204000,36370307.63972984,216.88208079338074,a085,,,2026-08-23T21:19:51,harminv_tarama_rd0.160_dx+0.040_dy-0.150_s1_na1.3300_res20_nk6_simoto.json
harminv_tarama_rd0.160_dx+0.040_dy-0.150_s2_na1.3300_res20_nk6_simoto.json,legacy-campaign,harminv,sweep,harminv_tarama_rd0.160_dx+0.040_dy-0.150_s2_na1.3300_res20_nk6_simoto,0.16,0.04,-0.15,2,1.33,0.0,20,6,25,481.4,0.3105806451612903,0.06,1.0,1.5,1.0,pml,,,800.0,none,53.38397265223365,0.296759996055372,1622.1863000368023,30.38714092344583,1.3318483299362024e-07,0.003388433493198043,780.5742985487104,14.621884804896592,0.3043945528283497,True,True,,2,38667,204000,36418977.755095325,216.5922408103943,a076,,,2026-08-23T21:20:07,harminv_tarama_rd0.160_dx+0.040_dy-0.150_s2_na1.3300_res20_nk6_simoto.json
harminv_tarama_rd0.160_dx+0.040_dy-0.150_s3_na1.3300_res20_nk6_simoto.json,legacy-campaign,harminv,sweep,harminv_tarama_rd0.160_dx+0.040_dy-0.150_s3_na1.3300_res20_nk6_simoto,0.16,0.04,-0.15,3,1.33,0.0,20,6,25,481.4,0.3105806451612903,0.06,1.0,1.5,1.0,pml,,,800.0,none,53.54359804649332,0.2965666729277276,1623.2437557719634,30.31629952029854,3.6898735798822496e-06,0.0005298073600663242,780.5742985487104,14.578293708818693,0.30165750548940395,True,True,,2,38667,204000,36103056.13899817,218.48754215240479,a046,,,2026-08-23T21:20:22,harminv_tarama_rd0.160_dx+0.040_dy-0.150_s3_na1.3300_res20_nk6_simoto.json
harminv_tarama_rd0.160_dx+0.080_dy+0.000_s1_na1.3300_res20_nk6_simoto.json,legacy-campaign,harminv,sweep,harminv_tarama_rd0.160_dx+0.080_dy+0.000_s1_na1.3300_res20_nk6_simoto,0.16,0.08,0.0,1,1.33,0.0,20,6,25,481.4,0.3105806451612903,0.06,1.0,1.5,1.0,pml,,,800.0,none,53.0211213359565,0.29701991075921147,1620.7667653306314,30.568323047357005,2.671413497658516e-06,0.014866150646639025,780.5742985487104,14.72195002445866,0.3080743962964585,True,True,,2,38667,204000,35483839.1144574,222.30029773712158,a046,,,2026-08-23T21:22:24,harminv_tarama_rd0.160_dx+0.080_dy+0.000_s1_na1.3300_res20_nk6_simoto.json
harminv_tarama_rd0.160_dx+0.080_dy+0.000_s2_na1.3300_res20_nk6_simoto.json,legacy-campaign,harminv,sweep,harminv_tarama_rd0.160_dx+0.080_dy+0.000_s2_na1.3300_res20_nk6_simoto,0.16,0.08,0.0,2,1.33,0.0,20,6,25,481.4,0.3105806451612903,0.06,1.0,1.5,1.0,pml,,,800.0,none,52.72439262015369,0.2965867586816456,1623.1338247866008,30.785254113409444,3.3411941876453083e-06,0.0024079538341274668,780.5742985487104,14.804803995984566,0.3019418773593494,True,True,,2,38667,204000,36046664.74148634,218.82934403419495,a083,,,2026-08-23T21:23:28,harminv_tarama_rd0.160_dx+0.080_dy+0.000_s2_na1.3300_res20_nk6_simoto.json
harminv_tarama_rd0.160_dx+0.080_dy+0.000_s3_na1.3300_res20_nk6_simoto.json,legacy-campaign,harminv,sweep,harminv_tarama_rd0.160_dx+0.080_dy+0.000_s3_na1.3300_res20_nk6_simoto,0.16,0.08,0.0,3,1.33,0.0,20,6,25,481.4,0.3105806451612903,0.06,1.0,1.5,1.0,pml,,,800.0,none,52.32667174681145,0.29659695976790246,1623.077999102595,31.01817763140072,1.1449175389644568e-05,0.00039121684031518235,780.5742985487104,14.917331305258777,0.30208630320396485,True,True,,2,38667,204000,36548097.31780502,215.8270492553711,a085,,,2026-08-23T21:23:26,harminv_tarama_rd0.160_dx+0.080_dy+0.000_s3_na1.3300_res20_nk6_simoto.json
harminv_tarama_rd0.160_dx+0.080_dy+0.050_s1_na1.3300_res20_nk6_simoto.json,legacy-campaign,harminv,sweep,harminv_tarama_rd0.160_dx+0.080_dy+0.050_s1_na1.3300_res20_nk6_simoto,0.16,0.08,0.05,1,1.33,0.0,20,6,25,481.4,0.3105806451612903,0.06,1.0,1.5,1.0,pml,,,800.0,none,53.25368513990687,0.2967784723031269,1622.0853091672443,30.459588006083308,9.678464898798939e-07,0.013707621867452424,780.5742985487104,14.657657897251681,0.30465613748905396,True,True,,2,38667,204000,36055842.113588855,218.77364492416382,a083,,,2026-08-23T21:23:52,harminv_tarama_rd0.160_dx+0.080_dy+0.050_s1_na1.3300_res20_nk6_simoto.json
harminv_tarama_rd0.160_dx+0.080_dy+0.050_s2_na1.3300_res20_nk6_simoto.json,legacy-campaign,harminv,sweep,harminv_tarama_rd0.160_dx+0.080_dy+0.050_s2_na1.3300_res20_nk6_simoto,0.16,0.08,0.05,2,1.33,0.0,20,6,25,481.4,0.3105806451612903,0.06,1.0,1.5,1.0,pml,,,800.0,none,52.768401599527856,0.2965402090296706,1623.3886176017131,30.76440764535567,3.2247601214680053e-06,0.0022339630603991274,780.5742985487104,14.792456752294248,0.3012828325641435,True,True,,3,38667,204000,36258579.346224695,217.55038785934448,a085,,,2026-08-23T21:23:35,harminv_tarama_rd0.160_dx+0.080_dy+0.050_s2_na1.3300_res20_nk6_simoto.json
harminv_tarama_rd0.160_dx+0.080_dy+0.050_s3_na1.3300_res20_nk6_simoto.json,legacy-campaign,harminv,sweep,harminv_tarama_rd0.160_dx+0.080_dy+0.050_s3_na1.3300_res20_nk6_simoto,0.16,0.08,0.05,3,1.33,0.0,20,6,25,481.4,0.3105806451612903,0.06,1.0,1.5,1.0,pml,,,800.0,none,53.1239752463836,0.29649953688659386,1623.611304944896,30.562684690194054,2.9479529790416793e-06,0.00036534440641814526,780.5742985487104,14.693446695743045,0.30070700088619673,True,True,,2,38667,204000,35919207.85328593,219.6058452129364,a076,,,2026-08-23T21:23:50,harminv_tarama_rd0.160_dx+0.080_dy+0.050_s3_na1.3300_res20_nk6_simoto.json
harminv_tarama_rd0.160_dx+0.080_dy+0.100_s1_na1.3300_res20_nk6_simoto.json,legacy-campaign,harminv,sweep,harminv_tarama_rd0.160_dx+0.080_dy+0.100_s1_na1.3300_res20_nk6_simoto,0.16,0.08,0.1,1,1.33,0.0,20,6,25,481.4,0.3105806451612903,0.06,1.0,1.5,1.0,pml,,,800.0,none,60.03776394778178,0.3131901069710824,1537.085588863919,25.60197928425197,1.7580072171404694e-05,0.015589644289708262,780.5742985487104,13.001388579821525,0.5370102357441724,True,True,,3,38667,204000,36351319.55993135,216.99536895751953,a085,,,2026-08-23T21:24:01,harminv_tarama_rd0.160_dx+0.080_dy+0.100_s1_na1.3300_res20_nk6_simoto.json
harminv_tarama_rd0.160_dx+0.080_dy+0.100_s2_na1.3300_res20_nk6_simoto.json,legacy-campaign,harminv,sweep,harminv_tarama_rd0.160_dx+0.080_dy+0.100_s2_na1.3300_res20_nk6_simoto,0.16,0.08,0.1,2,1.33,0.0,20,6,25,481.4,0.3105806451612903,0.06,1.0,1.5,1.0,pml,,,800.0,none,52.420294510953724,0.29650018013905594,1623.6077825457903,30.972885553066128,6.077821986250188e-06,0.002156941499893913,780.5742985487104,14.890688917926662,0.30071610798300946,True,True,,2,38667,204000,35712541.51178074,220.87669110298157,a076,,,2026-08-23T21:23:56,harminv_tarama_rd0.160_dx+0.080_dy+0.100_s2_na1.3300_res20_nk6_simoto.json
harminv_tarama_rd0.160_dx+0.080_dy+0.100_s3_na1.3300_res20_nk6_simoto.json,legacy-campaign,harminv,sweep,harminv_tarama_rd0.160_dx+0.080_dy+0.100_s3_na1.3300_res20_nk6_simoto,0.16,0.08,0.1,3,1.33,0.0,20,6,25,481.4,0.3105806451612903,0.06,1.0,1.5,1.0,pml,,,800.0,none,53.08516362545491,0.2965191937051382,1623.5036726786368,30.58300213847602,3.6438007181809042e-06,0.0003471658584868323,780.5742985487104,14.704189367411436,0.30098529993682993,True,True,,2,38667,204000,36501637.74654998,216.10175561904907,a046,,,2026-08-23T21:25:36,harminv_tarama_rd0.160_dx+0.080_dy+0.100_s3_na1.3300_res20_nk6_simoto.json
harminv_tarama_rd0.160_dx+0.080_dy+0.150_s1_na1.3300_res20_nk6_simoto.json,legacy-campaign,harminv,sweep,harminv_tarama_rd0.160_dx+0.080_dy+0.150_s1_na1.3300_res20_nk6_simoto,0.16,0.08,0.15,1,1.33,0.0,20,6,25,481.4,0.3105806451612903,0.06,1.0,1.5,1.0,pml,,,800.0,none,50.802960424749145,0.31065656238866296,1549.6212161059054,30.50257707720105,3.0437978389656806e-06,0.018173553468570247,780.5742985487104,15.364740401396888,0.5011405933381886,True,True,,3,38667,204000,36171336.128101714,218.07510709762573,a076,,,2026-08-23T21:25:26,harminv_tarama_rd0.160_dx+0.080_dy+0.150_s1_na1.3300_res20_nk6_simoto.json
harminv_tarama_rd0.160_dx+0.080_dy+0.150_s2_na1.3300_res20_nk6_simoto.json,legacy-campaign,harminv,sweep,harminv_tarama_rd0.160_dx+0.080_dy+0.150_s2_na1.3300_res20_nk6_simoto,0.16,0.08,0.15,2,1.33,0.0,20,6,25,481.4,0.3105806451612903,0.06,1.0,1.5,1.0,pml,,,800.0,none,52.58126233017333,0.29645112393719103,1623.876454258254,30.883177434224617,8.556334614066668e-06,0.0020937631944149006,780.5742985487104,14.845103825146932,0.30002157573325144,True,True,,2,38667,204000,35993649.413398676,219.15165948867798,a046,,,2026-08-23T21:25:44,harminv_tarama_rd0.160_dx+0.080_dy+0.150_s2_na1.3300_res20_nk6_simoto.json
harminv_tarama_rd0.160_dx+0.080_dy+0.150_s3_na1.3300_res20_nk6_simoto.json,legacy-campaign,harminv,sweep,harminv_tarama_rd0.160_dx+0.080_dy+0.150_s3_na1.3300_res20_nk6_simoto,0.16,0.08,0.15,3,1.33,0.0,20,6,25,481.4,0.3105806451612903,0.06,1.0,1.5,1.0,pml,,,800.0,none,53.168366384838635,0.2965181354699298,1623.5094667550925,30.535252014401717,3.877627720424078e-06,0.0003400168987550388,780.5742985487104,14.681178896843013,0.30097031756045084,True,True,,2,38667,204000,35919812.89044135,219.60214614868164,a083,,,2026-08-23T21:26:00,harminv_tarama_rd0.160_dx+0.080_dy+0.150_s3_na1.3300_res20_nk6_simoto.json
harminv_tarama_rd0.160_dx+0.080_dy-0.050_s1_na1.3300_res20_nk6_simoto.json,legacy-campaign,harminv,sweep,harminv_tarama_rd0.160_dx+0.080_dy-0.050_s1_na1.3300_res20_nk6_simoto,0.16,0.08,-0.05,1,1.33,0.0,20,6,25,481.4,0.3105806451612903,0.06,1.0,1.5,1.0,pml,,,800.0,none,52.79365965877642,0.29728833370409463,1619.3033678851339,30.6723075905563,3.2182214984751446e-06,0.016340834805054442,780.5742985487104,14.785379600388202,0.3118746984949402,True,True,,3,38667,204000,36123802.025032446,218.36206483840942,a076,,,2026-08-23T21:21:48,harminv_tarama_rd0.160_dx+0.080_dy-0.050_s1_na1.3300_res20_nk6_simoto.json
harminv_tarama_rd0.160_dx+0.080_dy-0.050_s2_na1.3300_res20_nk6_simoto.json,legacy-campaign,harminv,sweep,harminv_tarama_rd0.160_dx+0.080_dy-0.050_s2_na1.3300_res20_nk6_simoto,0.16,0.08,-0.05,2,1.33,0.0,20,6,25,481.4,0.3105806451612903,0.06,1.0,1.5,1.0,pml,,,800.0,none,52.576053052990055,0.2965982688146061,1623.0708355917864,30.870914443804576,9.00963877097157e-06,0.002667673246360491,780.5742985487104,14.846574689849572,0.30210483654159714,True,True,,2,38667,204000,35893554.83289454,219.7627968788147,a046,,,2026-08-23T21:22:01,harminv_tarama_rd0.160_dx+0.080_dy-0.050_s2_na1.3300_res20_nk6_simoto.json
harminv_tarama_rd0.160_dx+0.080_dy-0.050_s3_na1.3300_res20_nk6_simoto.json,legacy-campaign,harminv,sweep,harminv_tarama_rd0.160_dx+0.080_dy-0.050_s3_na1.3300_res20_nk6_simoto,0.16,0.08,-0.05,3,1.33,0.0,20,6,25,481.4,0.3105806451612903,0.06,1.0,1.5,1.0,pml,,,800.0,none,52.66955832538489,0.2965318455395482,1623.4344042343205,30.823011543119048,2.2145396511735165e-06,0.0004275124683220565,780.5742985487104,14.820217282370884,0.30116442320121456,True,True,,2,38667,204000,36080776.80890331,218.6224548816681,a083,,,2026-08-23T21:22:18,harminv_tarama_rd0.160_dx+0.080_dy-0.050_s3_na1.3300_res20_nk6_simoto.json
harminv_tarama_rd0.160_dx+0.080_dy-0.100_s1_na1.3300_res20_nk6_simoto.json,legacy-campaign,harminv,sweep,harminv_tarama_rd0.160_dx+0.080_dy-0.100_s1_na1.3300_res20_nk6_simoto,0.16,0.08,-0.1,1,1.33,0.0,20,6,25,481.4,0.3105806451612903,0.06,1.0,1.5,1.0,pml,,,800.0,none,52.80411374253385,0.2975915901238044,1617.653240132651,30.6349851456673,3.145416805035566e-06,0.018013882080990955,780.5742985487104,14.782452411846007,0.31616816915568524,True,True,,3,38667,204000,35968581.17147907,219.30439686775208,a085,,,2026-08-23T21:20:25,harminv_tarama_rd0.160_dx+0.080_dy-0.100_s1_na1.3300_res20_nk6_simoto.json
harminv_tarama_rd0.160_dx+0.080_dy-0.100_s2_na1.3300_res20_nk6_simoto.json,legacy-campaign,harminv,sweep,harminv_tarama_rd0.160_dx+0.080_dy-0.100_s2_na1.3300_res20_nk6_simoto,0.16,0.08,-0.1,2,1.33,0.0,20,6,25,481.4,0.3105806451612903,0.06,1.0,1.5,1.0,pml,,,800.0,none,53.22835161764681,0.29669385637649465,1622.5479215488688,30.482776043940934,4.580819445691627e-07,0.0029463800374425644,780.5742985487104,14.66463406862155,0.3034581546111484,True,True,,2,38667,204000,35463263.085612915,222.4292778968811,a076,,,2026-08-23T21:20:22,harminv_tarama_rd0.160_dx+0.080_dy-0.100_s2_na1.3300_res20_nk6_simoto.json
harminv_tarama_rd0.160_dx+0.080_dy-0.100_s3_na1.3300_res20_nk6_simoto.json,legacy-campaign,harminv,sweep,harminv_tarama_rd0.160_dx+0.080_dy-0.100_s3_na1.3300_res20_nk6_simoto,0.16,0.08,-0.1,3,1.33,0.0,20,6,25,481.4,0.3105806451612903,0.06,1.0,1.5,1.0,pml,,,800.0,none,52.8669484325655,0.29655260138643086,1623.320779346996,30.70577794777818,4.347180542444571e-07,0.00047219435497798017,780.5742985487104,14.764882817936293,0.30145828217282317,True,True,,2,38667,204000,36219622.3690659,217.78437995910645,a046,,,2026-08-23T21:21:55,harminv_tarama_rd0.160_dx+0.080_dy-0.100_s3_na1.3300_res20_nk6_simoto.json
harminv_tarama_rd0.160_dx+0.080_dy-0.150_s1_na1.3300_res20_nk6_simoto.json,legacy-campaign,harminv,sweep,harminv_tarama_rd0.160_dx+0.080_dy-0.150_s1_na1.3300_res20_nk6_simoto,0.16,0.08,-0.15,1,1.33,0.0,20,6,25,481.4,0.3105806451612903,0.06,1.0,1.5,1.0,pml,,,800.0,none,50.52423548921835,0.31243146864560745,1540.817901880602,30.496609933056895,3.7730622399311936e-06,0.022009794773386694,780.5742985487104,15.449502421769084,0.526269518711171,True,True,,3,38667,204000,36090052.147422045,218.56626772880554,a083,,,2026-08-23T21:20:10,harminv_tarama_rd0.160_dx+0.080_dy-0.150_s1_na1.3300_res20_nk6_simoto.json
harminv_tarama_rd0.160_dx+0.080_dy-0.150_s2_na1.3300_res20_nk6_simoto.json,legacy-campaign,harminv,sweep,harminv_tarama_rd0.160_dx+0.080_dy-0.150_s2_na1.3300_res20_nk6_simoto,0.16,0.08,-0.15,2,1.33,0.0,20,6,25,481.4,0.3105806451612903,0.06,1.0,1.5,1.0,pml,,,800.0,none,53.35252222628169,0.2967549254930695,1622.214017847002,30.4055731604736,2.289611682476163e-07,0.0034263176602532933,780.5742985487104,14.630504163197669,0.30432276437124056,True,True,,2,38667,204000,35874876.54601369,219.8772165775299,a085,,,2026-08-23T21:19:54,harminv_tarama_rd0.160_dx+0.080_dy-0.150_s2_na1.3300_res20_nk6_simoto.json
harminv_tarama_rd0.160_dx+0.080_dy-0.150_s3_na1.3300_res20_nk6_simoto.json,legacy-campaign,harminv,sweep,harminv_tarama_rd0.160_dx+0.080_dy-0.150_s3_na1.3300_res20_nk6_simoto,0.16,0.08,-0.15,3,1.33,0.0,20,6,25,481.4,0.3105806451612903,0.06,1.0,1.5,1.0,pml,,,800.0,none,53.226994489131705,0.29654756689795325,1623.3483384662447,30.498591063557278,5.466945812259772e-07,0.0005390275249151517,780.5742985487104,14.665007972751384,0.30138700444491506,True,True,,2,38667,204000,36080570.58790476,218.62370443344116,a076,,,2026-08-23T21:20:08,harminv_tarama_rd0.160_dx+0.080_dy-0.150_s3_na1.3300_res20_nk6_simoto.json
harminv_tarama_rd0.170_dx+0.000_dy+0.000_s1_na1.3300_res20_nk6_simoto.json,legacy-campaign,harminv,sweep,harminv_tarama_rd0.170_dx+0.000_dy+0.000_s1_na1.3300_res20_nk6_simoto,0.17,0.0,0.0,1,1.33,0.0,20,6,25,481.4,0.3105806451612903,0.06,1.0,1.5,1.0,pml,,,800.0,even,56.44375145896806,0.3110964855340278,1547.4298887485963,27.415433041751392,3.949703774228418e-06,0.02800694951261902,780.5742985487104,13.829242004159683,0.5073689763000875,True,True,,3,38667,204000,35270674.03799488,111.82190608978271,a083,,,2026-08-23T21:29:18,harminv_tarama_rd0.170_dx+0.000_dy+0.000_s1_na1.3300_res20_nk6_simoto.json
harminv_tarama_rd0.170_dx+0.000_dy+0.000_s2_na1.3300_res20_nk6_simoto.json,legacy-campaign,harminv,sweep,harminv_tarama_rd0.170_dx+0.000_dy+0.000_s2_na1.3300_res20_nk6_simoto,0.17,0.0,0.0,2,1.33,0.0,20,6,25,481.4,0.3105806451612903,0.06,1.0,1.5,1.0,pml,,,800.0,even,53.02058324008225,0.2965673357859453,1623.2401276567496,30.615282376403965,7.408351486733814e-07,0.003630492953271258,780.5742985487104,14.722099434745854,0.30166689016232423,True,True,,2,38667,204000,35569944.09282241,110.88108515739441,a085,,,2026-08-23T21:27:45,harminv_tarama_rd0.170_dx+0.000_dy+0.000_s2_na1.3300_res20_nk6_simoto.json
harminv_tarama_rd0.170_dx+0.000_dy+0.000_s3_na1.3300_res20_nk6_simoto.json,legacy-campaign,harminv,sweep,harminv_tarama_rd0.170_dx+0.000_dy+0.000_s3_na1.3300_res20_nk6_simoto,0.17,0.0,0.0,3,1.33,0.0,20,6,25,481.4,0.3105806451612903,0.06,1.0,1.5,1.0,pml,,,800.0,even,53.376945906151875,0.2965129825843752,1623.5376805567482,30.41645888491402,2.7638117870890496e-06,0.0005829911137605385,780.5742985487104,14.623809685948078,0.30089736357989555,True,True,,2,38667,204000,35413814.190413035,111.36992979049683,a076,,,2026-08-23T21:27:44,harminv_tarama_rd0.170_dx+0.000_dy+0.000_s3_na1.3300_res20_nk6_simoto.json
harminv_tarama_rd0.170_dx+0.000_dy+0.050_s1_na1.3300_res20_nk6_simoto.json,legacy-campaign,harminv,sweep,harminv_tarama_rd0.170_dx+0.000_dy+0.050_s1_na1.3300_res20_nk6_simoto,0.17,0.0,0.05,1,1.33,0.0,20,6,25,481.4,0.3105806451612903,0.06,1.0,1.5,1.0,pml,,,800.0,even,52.69171877840366,0.29661393865621327,1622.98509025215,30.801521147519487,4.013659404124275e-06,0.021608642665640113,780.5742985487104,14.813984372600087,0.30232668841620314,True,True,,3,38667,204000,35499867.97665653,111.09996247291565,a085,,,2026-08-23T21:29:21,harminv_tarama_rd0.170_dx+0.000_dy+0.050_s1_na1.3300_res20_nk6_simoto.json
harminv_tarama_rd0.170_dx+0.000_dy+0.050_s2_na1.3300_res20_nk6_simoto.json,legacy-campaign,harminv,sweep,harminv_tarama_rd0.170_dx+0.000_dy+0.050_s2_na1.3300_res20_nk6_simoto,0.17,0.0,0.05,2,1.33,0.0,20,6,25,481.4,0.3105806451612903,0.06,1.0,1.5,1.0,pml,,,800.0,even,53.065886899525786,0.29654953742730283,1623.3375515482367,30.59098125735355,1.2090804178595104e-06,0.0033550579980729765,780.5742985487104,14.709530814525705,0.3014149029802755,True,True,,2,38667,204000,35353397.50122981,111.56025385856628,a076,,,2026-08-23T21:29:11,harminv_tarama_rd0.170_dx+0.000_dy+0.050_s2_na1.3300_res20_nk6_simoto.json
harminv_tarama_rd0.170_dx+0.000_dy+0.050_s3_na1.3300_res20_nk6_simoto.json,legacy-campaign,harminv,sweep,harminv_tarama_rd0.170_dx+0.000_dy+0.050_s3_na1.3300_res20_nk6_simoto,0.17,0.0,0.05,3,1.33,0.0,20,6,25,481.4,0.3105806451612903,0.06,1.0,1.5,1.0,pml,,,800.0,even,53.22519461334651,0.2965020458537656,1623.5975661275058,30.50430492405151,1.1732978388186409e-06,0.0005452189183411809,780.5742985487104,14.665503888133781,0.300742522564356,True,True,,2,38667,204000,35175319.13639298,112.12503814697266,a046,,,2026-08-23T21:29:30,harminv_tarama_rd0.170_dx+0.000_dy+0.050_s3_na1.3300_res20_nk6_simoto.json
harminv_tarama_rd0.170_dx+0.000_dy+0.100_s1_na1.3300_res20_nk6_simoto.json,legacy-campaign,harminv,sweep,harminv_tarama_rd0.170_dx+0.000_dy+0.100_s1_na1.3300_res20_nk6_simoto,0.17,0.0,0.1,1,1.33,0.0,20,6,25,481.4,0.3105806451612903,0.06,1.0,1.5,1.0,pml,,,800.0,even,52.77170686221188,0.29640872656442935,1624.1087284431205,30.776126546061988,4.6102554930611074e-06,0.02032175068377439,780.5742985487104,14.791530252883568,0.29942131844531283,True,True,,2,38667,204000,35614796.76502198,110.74144339561462,a076,,,2026-08-23T21:29:54,harminv_tarama_rd0.170_dx+0.000_dy+0.100_s1_na1.3300_res20_nk6_simoto.json
harminv_tarama_rd0.170_dx+0.000_dy+0.100_s2_na1.3300_res20_nk6_simoto.json,legacy-campaign,harminv,sweep,harminv_tarama_rd0.170_dx+0.000_dy+0.100_s2_na1.3300_res20_nk6_simoto,0.17,0.0,0.1,2,1.33,0.0,20,6,25,481.4,0.3105806451612903,0.06,1.0,1.5,1.0,pml,,,800.0,even,52.998431707047075,0.2965104340795316,1623.5516348503147,30.633956186187202,9.440213109560944e-07,0.0031766449666763646,780.5742985487104,14.728252769127115,0.30086128213177565,True,True,,2,38667,204000,35204711.53541838,112.03142499923706,a046,,,2026-08-23T21:29:53,harminv_tarama_rd0.170_dx+0.000_dy+0.100_s2_na1.3300_res20_nk6_simoto.json
harminv_tarama_rd0.170_dx+0.000_dy+0.100_s3_na1.3300_res20_nk6_simoto.json,legacy-campaign,harminv,sweep,harminv_tarama_rd0.170_dx+0.000_dy+0.100_s3_na1.3300_res20_nk6_simoto,0.17,0.0,0.1,3,1.33,0.0,20,6,25,481.4,0.3105806451612903,0.06,1.0,1.5,1.0,pml,,,800.0,even,53.24445592378296,0.2965065697427832,1623.572794416023,30.492804673224466,3.1571859939688434e-06,0.0005244515100229983,780.5742985487104,14.66019860670691,0.3008065712819007,True,True,,2,38667,204000,35327624.557302676,111.64164161682129,a083,,,2026-08-23T21:29:57,harminv_tarama_rd0.170_dx+0.000_dy+0.100_s3_na1.3300_res20_nk6_simoto.json
harminv_tarama_rd0.170_dx+0.000_dy+0.150_s1_na1.3300_res20_nk6_simoto.json,legacy-campaign,harminv,sweep,harminv_tarama_rd0.170_dx+0.000_dy+0.150_s1_na1.3300_res20_nk6_simoto,0.17,0.0,0.15,1,1.33,0.0,20,6,25,481.4,0.3105806451612903,0.06,1.0,1.5,1.0,pml,,,800.0,even,53.08673876032353,0.2962463421863029,1624.998966897819,30.610261712145824,2.886610296618085e-06,0.019301210089482962,780.5742985487104,14.703753079895415,0.2971222984808996,True,True,,2,38667,204000,35148864.652176425,112.20942807197571,a046,,,2026-08-23T21:31:31,harminv_tarama_rd0.170_dx+0.000_dy+0.150_s1_na1.3300_res20_nk6_simoto.json
harminv_tarama_rd0.170_dx+0.000_dy+0.150_s2_na1.3300_res20_nk6_simoto.json,legacy-campaign,harminv,sweep,harminv_tarama_rd0.170_dx+0.000_dy+0.150_s2_na1.3300_res20_nk6_simoto,0.17,0.0,0.15,2,1.33,0.0,20,6,25,481.4,0.3105806451612903,0.06,1.0,1.5,1.0,pml,,,800.0,even,52.97159311672539,0.29646246407869786,1623.8143385066423,30.654436518994086,9.346683407525175e-08,0.003068523528293127,780.5742985487104,14.735714986496223,0.3001821281954051,True,True,,2,38667,204000,35268830.49243025,111.82775115966797,a083,,,2026-08-23T21:31:21,harminv_tarama_rd0.170_dx+0.000_dy+0.150_s2_na1.3300_res20_nk6_simoto.json
harminv_tarama_rd0.170_dx+0.000_dy+0.150_s3_na1.3300_res20_nk6_simoto.json,legacy-campaign,harminv,sweep,harminv_tarama_rd0.170_dx+0.000_dy+0.150_s3_na1.3300_res20_nk6_simoto,0.17,0.0,0.15,3,1.33,0.0,20,6,25,481.4,0.3105806451612903,0.06,1.0,1.5,1.0,pml,,,800.0,even,53.11103804646611,0.2965277957930161,1623.4565758416434,30.567216073263406,2.71904271367432e-07,0.000508814310913551,780.5742985487104,14.697025839822539,0.30110708734024333,True,True,,2,38667,204000,35595358.16434886,110.80191922187805,a085,,,2026-08-23T21:31:02,harminv_tarama_rd0.170_dx+0.000_dy+0.150_s3_na1.3300_res20_nk6_simoto.json
harminv_tarama_rd0.170_dx+0.000_dy-0.050_s1_na1.3300_res20_nk6_simoto.json,legacy-campaign,harminv,sweep,harminv_tarama_rd0.170_dx+0.000_dy-0.050_s1_na1.3300_res20_nk6_simoto,0.17,0.0,-0.05,1,1.33,0.0,20,6,25,481.4,0.3105806451612903,0.06,1.0,1.5,1.0,pml,,,800.0,even,54.56489211496754,0.32551641763090455,1478.8808610748727,27.10315742875271,0.0003295176736713711,0.1317767154061359,780.5742985487104,14.305430988556711,0.7115247710797448,True,True,,3,38667,204000,35196914.70637388,112.05624222755432,a046,,,2026-08-23T21:27:47,harminv_tarama_rd0.170_dx+0.000_dy-0.050_s1_na1.3300_res20_nk6_simoto.json
harminv_tarama_rd0.170_dx+0.000_dy-0.050_s2_na1.3300_res20_nk6_simoto.json,legacy-campaign,harminv,sweep,harminv_tarama_rd0.170_dx+0.000_dy-0.050_s2_na1.3300_res20_nk6_simoto,0.17,0.0,-0.05,2,1.33,0.0,20,6,25,481.4,0.3105806451612903,0.06,1.0,1.5,1.0,pml,,,800.0,even,53.09270047214987,0.2966235627259628,1622.9324318538506,30.567901376671745,7.403399802905855e-07,0.003995564145654906,780.5742985487104,14.702102014158536,0.30246294492528575,True,True,,3,38667,204000,35259696.22036774,111.85672092437744,a083,,,2026-08-23T21:27:37,harminv_tarama_rd0.170_dx+0.000_dy-0.050_s2_na1.3300_res20_nk6_simoto.json
harminv_tarama_rd0.170_dx+0.000_dy-0.050_s3_na1.3300_res20_nk6_simoto.json,legacy-campaign,harminv,sweep,harminv_tarama_rd0.170_dx+0.000_dy-0.050_s3_na1.3300_res20_nk6_simoto,0.17,0.0,-0.05,3,1.33,0.0,20,6,25,481.4,0.3105806451612903,0.06,1.0,1.5,1.0,pml,,,800.0,even,65.87831513493657,0.3038664157203976,1584.2487853049208,24.04810721190959,0.00015086987019193347,0.002245116646266679,780.5742985487104,11.848728932272836,0.40500645203870145,True,True,,3,38667,204000,35436510.749176964,111.29859900474548,a085,,,2026-08-23T21:27:19,harminv_tarama_rd0.170_dx+0.000_dy-0.050_s3_na1.3300_res20_nk6_simoto.json
harminv_tarama_rd0.170_dx+0.000_dy-0.100_s1_na1.3300_res20_nk6_simoto.json,legacy-campaign,harminv,sweep,harminv_tarama_rd0.170_dx+0.000_dy-0.100_s1_na1.3300_res20_nk6_simoto,0.17,0.0,-0.1,1,1.33,0.0,20,6,25,481.4,0.3105806451612903,0.06,1.0,1.5,1.0,pml,,,800.0,even,52.79526230718342,0.29739144721899585,1618.741912390985,30.66074192363158,1.8590216832628562e-06,0.0282666408648263,780.5742985487104,14.784930776686453,0.3133345681701755,True,True,,2,38667,204000,35406001.0136457,111.3945062160492,a076,,,2026-08-23T21:27:08,harminv_tarama_rd0.170_dx+0.000_dy-0.100_s1_na1.3300_res20_nk6_simoto.json
harminv_tarama_rd0.170_dx+0.000_dy-0.100_s2_na1.3300_res20_nk6_simoto.json,legacy-campaign,harminv,sweep,harminv_tarama_rd0.170_dx+0.000_dy-0.100_s2_na1.3300_res20_nk6_simoto,0.17,0.0,-0.1,2,1.33,0.0,20,6,25,481.4,0.3105806451612903,0.06,1.0,1.5,1.0,pml,,,800.0,even,53.18512399730989,0.29666908141028475,1622.6834212434753,30.510099427906777,1.1444955592577465e-06,0.004490377872609787,780.5742985487104,14.676553138960285,0.3031073933951288,True,True,,2,38667,204000,35382807.15176555,111.46752667427063,a046,,,2026-08-23T21:26:13,harminv_tarama_rd0.170_dx+0.000_dy-0.100_s2_na1.3300_res20_nk6_simoto.json
harminv_tarama_rd0.170_dx+0.000_dy-0.100_s3_na1.3300_res20_nk6_simoto.json,legacy-campaign,harminv,sweep,harminv_tarama_rd0.170_dx+0.000_dy-0.100_s3_na1.3300_res20_nk6_simoto,0.17,0.0,-0.1,3,1.33,0.0,20,6,25,481.4,0.3105806451612903,0.06,1.0,1.5,1.0,pml,,,800.0,even,53.28824832006805,0.2965090103879052,1623.5594303532725,30.467494833037126,3.649507355981225e-06,0.0007146350156905047,780.5742985487104,14.648150824179947,0.3008411256640788,True,True,,2,38667,204000,35391623.70504109,111.43975853919983,a083,,,2026-08-23T21:27:14,harminv_tarama_rd0.170_dx+0.000_dy-0.100_s3_na1.3300_res20_nk6_simoto.json
harminv_tarama_rd0.170_dx+0.000_dy-0.150_s1_na1.3300_res20_nk6_simoto.json,legacy-campaign,harminv,sweep,harminv_tarama_rd0.170_dx+0.000_dy-0.150_s1_na1.3300_res20_nk6_simoto,0.17,0.0,-0.15,1,1.33,0.0,20,6,25,481.4,0.3105806451612903,0.06,1.0,1.5,1.0,pml,,,800.0,even,52.451569599246554,0.2977425966690153,1616.8328125892813,30.825251273557818,3.4809012650590736e-06,0.03210371953698849,780.5742985487104,14.881810106211256,0.3183061030271732,True,True,,2,38667,204000,35340735.43557183,111.6002242565155,a085,,,2026-08-23T21:25:41,harminv_tarama_rd0.170_dx+0.000_dy-0.150_s1_na1.3300_res20_nk6_simoto.json
harminv_tarama_rd0.170_dx+0.000_dy-0.150_s2_na1.3300_res20_nk6_simoto.json,legacy-campaign,harminv,sweep,harminv_tarama_rd0.170_dx+0.000_dy-0.150_s2_na1.3300_res20_nk6_simoto,0.17,0.0,-0.15,2,1.33,0.0,20,6,25,481.4,0.3105806451612903,0.06,1.0,1.5,1.0,pml,,,800.0,even,54.65929029741541,0.29668197863131346,1622.612880704276,29.685948571143484,3.86067306433934e-06,0.005020769651831214,780.5742985487104,14.28072509360079,0.3032899908159679,True,True,,2,38667,204000,35372501.485788204,111.50000238418579,a076,,,2026-08-23T21:25:33,harminv_tarama_rd0.170_dx+0.000_dy-0.150_s2_na1.3300_res20_nk6_simoto.json
harminv_tarama_rd0.170_dx+0.000_dy-0.150_s3_na1.3300_res20_nk6_simoto.json,legacy-campaign,harminv,sweep,harminv_tarama_rd0.170_dx+0.000_dy-0.150_s3_na1.3300_res20_nk6_simoto,0.17,0.0,-0.15,3,1.33,0.0,20,6,25,481.4,0.3105806451612903,0.06,1.0,1.5,1.0,pml,,,800.0,even,52.736094609679235,0.2965426174276567,1623.3754331025973,30.783004413160345,1.605696832295481e-06,0.0008280546740229965,780.5742985487104,14.801518852050965,0.30131693039495816,True,True,,2,38667,204000,35220255.27159526,111.98198223114014,a046,,,2026-08-23T21:25:48,harminv_tarama_rd0.170_dx+0.000_dy-0.150_s3_na1.3300_res20_nk6_simoto.json
harminv_tarama_rd0.170_dx+0.040_dy+0.000_s1_na1.3300_res20_nk6_simoto.json,legacy-campaign,harminv,sweep,harminv_tarama_rd0.170_dx+0.040_dy+0.000_s1_na1.3300_res20_nk6_simoto,0.17,0.04,0.0,1,1.33,0.0,20,6,25,481.4,0.3105806451612903,0.06,1.0,1.5,1.0,pml,,,800.0,none,53.17727885806671,0.296839990749685,1621.749140957049,30.497031359682637,2.665555533008566e-07,0.011525140969741854,780.5742985487104,14.678718341946553,0.30552710881307293,True,True,,2,38667,204000,36163881.92830811,218.12005734443665,a046,,,2026-08-23T21:29:19,harminv_tarama_rd0.170_dx+0.040_dy+0.000_s1_na1.3300_res20_nk6_simoto.json
harminv_tarama_rd0.170_dx+0.040_dy+0.000_s2_na1.3300_res20_nk6_simoto.json,legacy-campaign,harminv,sweep,harminv_tarama_rd0.170_dx+0.040_dy+0.000_s2_na1.3300_res20_nk6_simoto,0.17,0.04,0.0,2,1.33,0.0,20,6,25,481.4,0.3105806451612903,0.06,1.0,1.5,1.0,pml,,,800.0,none,52.182892080671344,0.2965845972948425,1623.1456535196521,31.104938588117633,6.3654691908115835e-06,0.0018883577102644857,780.5742985487104,14.958433069251768,0.30191127668539014,True,True,,2,38667,204000,36366412.74057651,216.90530920028687,a083,,,2026-08-23T21:29:36,harminv_tarama_rd0.170_dx+0.040_dy+0.000_s2_na1.3300_res20_nk6_simoto.json
harminv_tarama_rd0.170_dx+0.040_dy+0.000_s3_na1.3300_res20_nk6_simoto.json,legacy-campaign,harminv,sweep,harminv_tarama_rd0.170_dx+0.040_dy+0.000_s3_na1.3300_res20_nk6_simoto,0.17,0.04,0.0,3,1.33,0.0,20,6,25,481.4,0.3105806451612903,0.06,1.0,1.5,1.0,pml,,,800.0,none,52.822326317977605,0.2965139616474952,1623.5323197775856,30.735721672012595,4.610050445450117e-06,0.0003005797718776416,780.5742985487104,14.777355579719119,0.30091122504665313,True,True,,2,38667,204000,36575137.96058698,215.66748452186584,a085,,,2026-08-23T21:29:17,harminv_tarama_rd0.170_dx+0.040_dy+0.000_s3_na1.3300_res20_nk6_simoto.json
harminv_tarama_rd0.170_dx+0.040_dy+0.050_s1_na1.3300_res20_nk6_simoto.json,legacy-campaign,harminv,sweep,harminv_tarama_rd0.170_dx+0.040_dy+0.050_s1_na1.3300_res20_nk6_simoto,0.17,0.04,0.05,1,1.33,0.0,20,6,25,481.4,0.3105806451612903,0.06,1.0,1.5,1.0,pml,,,800.0,none,52.95183447817867,0.2966197264808494,1622.9534215792642,30.649616534967823,2.45208443361803e-06,0.010794674847805101,780.5742985487104,14.741213524346986,0.30240863179365407,True,True,,2,38667,204000,36253782.93525123,217.5791699886322,a083,,,2026-08-23T21:29:46,harminv_tarama_rd0.170_dx+0.040_dy+0.050_s1_na1.3300_res20_nk6_simoto.json
harminv_tarama_rd0.170_dx+0.040_dy+0.050_s2_na1.3300_res20_nk6_simoto.json,legacy-campaign,harminv,sweep,harminv_tarama_rd0.170_dx+0.040_dy+0.050_s2_na1.3300_res20_nk6_simoto,0.17,0.04,0.05,2,1.33,0.0,20,6,25,481.4,0.3105806451612903,0.06,1.0,1.5,1.0,pml,,,800.0,none,52.634574605544636,0.2965547100008741,1623.309236931631,30.841120102082638,2.885608354728163e-06,0.0017222137167401954,780.5742985487104,14.830067581974589,0.30148813570158095,True,True,,2,38667,204000,36595521.89805276,215.5473563671112,a085,,,2026-08-23T21:29:43,harminv_tarama_rd0.170_dx+0.040_dy+0.050_s2_na1.3300_res20_nk6_simoto.json
harminv_tarama_rd0.170_dx+0.040_dy+0.050_s3_na1.3300_res20_nk6_simoto.json,legacy-campaign,harminv,sweep,harminv_tarama_rd0.170_dx+0.040_dy+0.050_s3_na1.3300_res20_nk6_simoto,0.17,0.04,0.05,3,1.33,0.0,20,6,25,481.4,0.3105806451612903,0.06,1.0,1.5,1.0,pml,,,800.0,none,52.54399866784928,0.29651666645566455,1623.5175100080905,30.89824815714856,4.168346101938355e-06,0.0002850291878421438,780.5742985487104,14.855631819782488,0.3009495194198739,True,True,,2,38667,204000,36148198.984942116,218.21468901634216,a076,,,2026-08-23T21:29:42,harminv_tarama_rd0.170_dx+0.040_dy+0.050_s3_na1.3300_res20_nk6_simoto.json
harminv_tarama_rd0.170_dx+0.040_dy+0.100_s1_na1.3300_res20_nk6_simoto.json,legacy-campaign,harminv,sweep,harminv_tarama_rd0.170_dx+0.040_dy+0.100_s1_na1.3300_res20_nk6_simoto,0.17,0.04,0.1,1,1.33,0.0,20,6,25,481.4,0.3105806451612903,0.06,1.0,1.5,1.0,pml,,,800.0,none,53.06005421371501,0.2964264279576128,1624.0117432067739,30.607050205142794,1.8805843511192387e-06,0.010150900874100964,780.5742985487104,14.711147776154116,0.299671932801178,True,True,,2,38667,204000,36525982.98963733,215.95771980285645,a085,,,2026-08-23T21:30:48,harminv_tarama_rd0.170_dx+0.040_dy+0.100_s1_na1.3300_res20_nk6_simoto.json
harminv_tarama_rd0.170_dx+0.040_dy+0.100_s2_na1.3300_res20_nk6_simoto.json,legacy-campaign,harminv,sweep,harminv_tarama_rd0.170_dx+0.040_dy+0.100_s2_na1.3300_res20_nk6_simoto,0.17,0.04,0.1,2,1.33,0.0,20,6,25,481.4,0.3105806451612903,0.06,1.0,1.5,1.0,pml,,,800.0,none,52.27081624469065,0.29650435505057204,1623.5849214352752,31.061021007112913,5.49382623963339e-06,0.0016560371751727769,780.5742985487104,14.933271653816892,0.30077521591590256,True,True,,2,38667,204000,36697305.027316876,214.94951725006104,a076,,,2026-08-23T21:31:10,harminv_tarama_rd0.170_dx+0.040_dy+0.100_s2_na1.3300_res20_nk6_simoto.json
harminv_tarama_rd0.170_dx+0.040_dy+0.100_s3_na1.3300_res20_nk6_simoto.json,legacy-campaign,harminv,sweep,harminv_tarama_rd0.170_dx+0.040_dy+0.100_s3_na1.3300_res20_nk6_simoto,0.17,0.04,0.1,3,1.33,0.0,20,6,25,481.4,0.3105806451612903,0.06,1.0,1.5,1.0,pml,,,800.0,none,52.53624230079114,0.2964939415853247,1623.6419450124351,30.905178480722533,3.980429266243327e-06,0.0002724178471759363,780.5742985487104,14.857825081580984,0.3006277832331621,True,True,,2,38667,204000,36218613.82701979,217.79044437408447,a046,,,2026-08-23T21:31:29,harminv_tarama_rd0.170_dx+0.040_dy+0.100_s3_na1.3300_res20_nk6_simoto.json
harminv_tarama_rd0.170_dx+0.040_dy+0.150_s1_na1.3300_res20_nk6_simoto.json,legacy-campaign,harminv,sweep,harminv_tarama_rd0.170_dx+0.040_dy+0.150_s1_na1.3300_res20_nk6_simoto,0.17,0.04,0.15,1,1.33,0.0,20,6,25,481.4,0.3105806451612903,0.06,1.0,1.5,1.0,pml,,,800.0,none,53.23599085094968,0.2962702251845247,1624.8679721364902,30.52198233119773,2.4111182610527085e-06,0.009731483375120593,780.5742985487104,14.662529729824417,0.2974604313133525,True,True,,2,38667,204000,35854487.04300528,220.00225496292114,a076,,,2026-08-23T21:31:15,harminv_tarama_rd0.170_dx+0.040_dy+0.150_s1_na1.3300_res20_nk6_simoto.json
harminv_tarama_rd0.170_dx+0.040_dy+0.150_s2_na1.3300_res20_nk6_simoto.json,legacy-campaign,harminv,sweep,harminv_tarama_rd0.170_dx+0.040_dy+0.150_s2_na1.3300_res20_nk6_simoto,0.17,0.04,0.15,2,1.33,0.0,20,6,25,481.4,0.3105806451612903,0.06,1.0,1.5,1.0,pml,,,800.0,none,52.68895615061092,0.29645596336196434,1623.8499456738004,30.819550515140964,1.8290269214900902e-06,0.001581759400432156,780.5742985487104,14.814761110799873,0.30009009177092993,True,True,,2,38667,204000,36137477.558740206,218.27942991256714,a046,,,2026-08-23T21:31:52,harminv_tarama_rd0.170_dx+0.040_dy+0.150_s2_na1.3300_res20_nk6_simoto.json
harminv_tarama_rd0.170_dx+0.040_dy+0.150_s3_na1.3300_res20_nk6_simoto.json,legacy-campaign,harminv,sweep,harminv_tarama_rd0.170_dx+0.040_dy+0.150_s3_na1.3300_res20_nk6_simoto,0.17,0.04,0.15,3,1.33,0.0,20,6,25,481.4,0.3105806451612903,0.06,1.0,1.5,1.0,pml,,,800.0,none,52.399951777956026,0.29650204512708217,1623.5975701067075,30.984714966660214,3.3516547759612663e-06,0.00026361585000419423,780.5742985487104,14.896469787918543,0.30074251227605275,True,True,,2,38667,204000,36312758.34328708,217.2258005142212,a083,,,2026-08-23T21:31:56,harminv_tarama_rd0.170_dx+0.040_dy+0.150_s3_na1.3300_res20_nk6_simoto.json
harminv_tarama_rd0.170_dx+0.040_dy-0.050_s1_na1.3300_res20_nk6_simoto.json,legacy-campaign,harminv,sweep,harminv_tarama_rd0.170_dx+0.040_dy-0.050_s1_na1.3300_res20_nk6_simoto,0.17,0.04,-0.05,1,1.33,0.0,20,6,25,481.4,0.3105806451612903,0.06,1.0,1.5,1.0,pml,,,800.0,none,52.65582961973468,0.29710937939465903,1620.278703354371,30.771117178393343,3.069424226572044e-06,0.012902284149211433,780.5742985487104,14.82408128759521,0.3093410832860321,True,True,,3,38667,204000,36493904.46310401,216.1475489139557,a076,,,2026-08-23T21:27:37,harminv_tarama_rd0.170_dx+0.040_dy-0.050_s1_na1.3300_res20_nk6_simoto.json
harminv_tarama_rd0.170_dx+0.040_dy-0.050_s2_na1.3300_res20_nk6_simoto.json,legacy-campaign,harminv,sweep,harminv_tarama_rd0.170_dx+0.040_dy-0.050_s2_na1.3300_res20_nk6_simoto,0.17,0.04,-0.05,2,1.33,0.0,20,6,25,481.4,0.3105806451612903,0.06,1.0,1.5,1.0,pml,,,800.0,none,52.204800813817776,0.2966290420228727,1622.902453236119,31.08722623085965,6.328847865501008e-06,0.002079620101485252,780.5742985487104,14.952155479580048,0.30254052020150496,True,True,,2,38667,204000,35961512.289228976,219.34750509262085,a046,,,2026-08-23T21:28:12,harminv_tarama_rd0.170_dx+0.040_dy-0.050_s2_na1.3300_res20_nk6_simoto.json
harminv_tarama_rd0.170_dx+0.040_dy-0.050_s3_na1.3300_res20_nk6_simoto.json,legacy-campaign,harminv,sweep,harminv_tarama_rd0.170_dx+0.040_dy-0.050_s3_na1.3300_res20_nk6_simoto,0.17,0.04,-0.05,3,1.33,0.0,20,6,25,481.4,0.3105806451612903,0.06,1.0,1.5,1.0,pml,,,800.0,none,53.2829650161136,0.29651241218698116,1623.540803736838,30.470166276329664,1.4470444829425536e-06,0.00032323491367512567,780.5742985487104,14.649603270250681,0.30088928795703285,True,True,,2,38667,204000,36420865.362135805,216.58101534843445,a083,,,2026-08-23T21:29:12,harminv_tarama_rd0.170_dx+0.040_dy-0.050_s3_na1.3300_res20_nk6_simoto.json
harminv_tarama_rd0.170_dx+0.040_dy-0.100_s1_na1.3300_res20_nk6_simoto.json,legacy-campaign,harminv,sweep,harminv_tarama_rd0.170_dx+0.040_dy-0.100_s1_na1.3300_res20_nk6_simoto,0.17,0.04,-0.1,1,1.33,0.0,20,6,25,481.4,0.3105806451612903,0.06,1.0,1.5,1.0,pml,,,800.0,none,52.53876655929993,0.2974055427667132,1618.665192052635,30.808968273468416,3.428884781662503e-06,0.014388957162425822,780.5742985487104,14.857111227909867,0.3135341313669895,True,True,,3,38667,204000,36408745.99533184,216.65310859680176,a085,,,2026-08-23T21:27:08,harminv_tarama_rd0.170_dx+0.040_dy-0.100_s1_na1.3300_res20_nk6_simoto.json
harminv_tarama_rd0.170_dx+0.040_dy-0.100_s2_na1.3300_res20_nk6_simoto.json,legacy-campaign,harminv,sweep,harminv_tarama_rd0.170_dx+0.040_dy-0.100_s2_na1.3300_res20_nk6_simoto,0.17,0.04,-0.1,2,1.33,0.0,20,6,25,481.4,0.3105806451612903,0.06,1.0,1.5,1.0,pml,,,800.0,none,52.98415790226162,0.29668256947318333,1622.6096492787485,30.624430273515543,6.81318494935318e-07,0.00227701631016586,780.5742985487104,14.732220525022097,0.3032983558894456,True,True,,2,38667,204000,36425275.097952165,216.55479550361633,a076,,,2026-08-23T21:27:31,harminv_tarama_rd0.170_dx+0.040_dy-0.100_s2_na1.3300_res20_nk6_simoto.json
harminv_tarama_rd0.170_dx+0.040_dy-0.100_s3_na1.3300_res20_nk6_simoto.json,legacy-campaign,harminv,sweep,harminv_tarama_rd0.170_dx+0.040_dy-0.100_s3_na1.3300_res20_nk6_simoto,0.17,0.04,-0.1,3,1.33,0.0,20,6,25,481.4,0.3105806451612903,0.06,1.0,1.5,1.0,pml,,,800.0,none,52.97336258328912,0.2965173458319016,1623.5137902283466,30.647738996665037,2.5827361702744653e-06,0.00036350402967807636,780.5742985487104,14.735222770150312,0.3009591379530748,True,True,,3,38667,204000,36261040.95905655,217.53561925888062,a046,,,2026-08-23T21:27:46,harminv_tarama_rd0.170_dx+0.040_dy-0.100_s3_na1.3300_res20_nk6_simoto.json
harminv_tarama_rd0.170_dx+0.040_dy-0.150_s1_na1.3300_res20_nk6_simoto.json,legacy-campaign,harminv,sweep,harminv_tarama_rd0.170_dx+0.040_dy-0.150_s1_na1.3300_res20_nk6_simoto,0.17,0.04,-0.15,1,1.33,0.0,20,6,25,481.4,0.3105806451612903,0.06,1.0,1.5,1.0,pml,,,800.0,none,52.6033043404511,0.29774706610492263,1616.8085425579313,30.73587415904273,3.32830256272548e-06,0.01607331940675561,780.5742985487104,14.838883380724454,0.3183693808036388,True,True,,3,38667,204000,36205223.457144044,217.8709933757782,a083,,,2026-08-23T21:26:03,harminv_tarama_rd0.170_dx+0.040_dy-0.150_s1_na1.3300_res20_nk6_simoto.json
harminv_tarama_rd0.170_dx+0.040_dy-0.150_s2_na1.3300_res20_nk6_simoto.json,legacy-campaign,harminv,sweep,harminv_tarama_rd0.170_dx+0.040_dy-0.150_s2_na1.3300_res20_nk6_simoto,0.17,0.04,-0.15,2,1.33,0.0,20,6,25,481.4,0.3105806451612903,0.06,1.0,1.5,1.0,pml,,,800.0,none,53.036345576667934,0.2967327299523485,1622.3353590866323,30.58912414584499,4.104831126705999e-08,0.0026517847398610044,780.5742985487104,14.717724044925625,0.3040085223743982,True,True,,2,38667,204000,36357819.50537867,216.95657515525818,a085,,,2026-08-23T21:26:10,harminv_tarama_rd0.170_dx+0.040_dy-0.150_s2_na1.3300_res20_nk6_simoto.json
harminv_tarama_rd0.170_dx+0.040_dy-0.150_s3_na1.3300_res20_nk6_simoto.json,legacy-campaign,harminv,sweep,harminv_tarama_rd0.170_dx+0.040_dy-0.150_s3_na1.3300_res20_nk6_simoto,0.17,0.04,-0.15,3,1.33,0.0,20,6,25,481.4,0.3105806451612903,0.06,1.0,1.5,1.0,pml,,,800.0,none,52.8451873951579,0.296526305523085,1623.464734944139,30.721146332672365,2.453926375303632e-06,0.0004170436304257759,780.5742985487104,14.770962826034616,0.3010859882643136,True,True,,3,38667,204000,36332227.05277177,217.10939955711365,a076,,,2026-08-23T21:26:10,harminv_tarama_rd0.170_dx+0.040_dy-0.150_s3_na1.3300_res20_nk6_simoto.json
harminv_tarama_rd0.170_dx+0.080_dy+0.000_s1_na1.3300_res20_nk6_simoto.json,legacy-campaign,harminv,sweep,harminv_tarama_rd0.170_dx+0.080_dy+0.000_s1_na1.3300_res20_nk6_simoto,0.17,0.08,0.0,1,1.33,0.0,20,6,25,481.4,0.3105806451612903,0.06,1.0,1.5,1.0,pml,,,800.0,none,52.893137183426035,0.2968483025415857,1621.7037317656898,30.66000275502372,2.980844145234763e-06,0.011931450835975814,780.5742985487104,14.757572345194566,0.3056447862383291,True,True,,2,38667,204000,36124250.04961345,218.3593566417694,a076,,,2026-08-23T21:29:06,harminv_tarama_rd0.170_dx+0.080_dy+0.000_s1_na1.3300_res20_nk6_simoto.json
harminv_tarama_rd0.170_dx+0.080_dy+0.000_s2_na1.3300_res20_nk6_simoto.json,legacy-campaign,harminv,sweep,harminv_tarama_rd0.170_dx+0.080_dy+0.000_s2_na1.3300_res20_nk6_simoto,0.17,0.08,0.0,2,1.33,0.0,20,6,25,481.4,0.3105806451612903,0.06,1.0,1.5,1.0,pml,,,800.0,none,52.22484868194434,0.2965824082915793,1623.157633566455,31.08017877565681,5.8525536248862235e-06,0.001926489133676952,780.5742985487104,14.946415705337943,0.30188028502066017,True,True,,2,38667,204000,35717083.06187063,220.84860587120056,a046,,,2026-08-23T21:29:27,harminv_tarama_rd0.170_dx+0.080_dy+0.000_s2_na1.3300_res20_nk6_simoto.json
harminv_tarama_rd0.170_dx+0.080_dy+0.000_s3_na1.3300_res20_nk6_simoto.json,legacy-campaign,harminv,sweep,harminv_tarama_rd0.170_dx+0.080_dy+0.000_s3_na1.3300_res20_nk6_simoto,0.17,0.08,0.0,3,1.33,0.0,20,6,25,481.4,0.3105806451612903,0.06,1.0,1.5,1.0,pml,,,800.0,none,52.967263472204955,0.29650121106311395,1623.6021373198641,30.652936000211977,3.1236668058723817e-06,0.00030630141257793333,780.5742985487104,14.736919511772092,0.30073070369115884,True,True,,2,38667,204000,35861033.66242776,219.96209239959717,a083,,,2026-08-23T21:29:39,harminv_tarama_rd0.170_dx+0.080_dy+0.000_s3_na1.3300_res20_nk6_simoto.json
harminv_tarama_rd0.170_dx+0.080_dy+0.050_s1_na1.3300_res20_nk6_simoto.json,legacy-campaign,harminv,sweep,harminv_tarama_rd0.170_dx+0.080_dy+0.050_s1_na1.3300_res20_nk6_simoto,0.17,0.08,0.05,1,1.33,0.0,20,6,25,481.4,0.3105806451612903,0.06,1.0,1.5,1.0,pml,,,800.0,none,53.016272036537075,0.2966194889716926,1622.9547211105255,30.61238858877211,2.1173583419125884e-06,0.01100658000562915,780.5742985487104,14.723296613740857,0.3024052691654291,True,True,,2,38667,204000,35814084.91861525,220.25044107437134,a046,,,2026-08-23T21:29:46,harminv_tarama_rd0.170_dx+0.080_dy+0.050_s1_na1.3300_res20_nk6_simoto.json
harminv_tarama_rd0.170_dx+0.080_dy+0.050_s2_na1.3300_res20_nk6_simoto.json,legacy-campaign,harminv,sweep,harminv_tarama_rd0.170_dx+0.080_dy+0.050_s2_na1.3300_res20_nk6_simoto,0.17,0.08,0.05,2,1.33,0.0,20,6,25,481.4,0.3105806451612903,0.06,1.0,1.5,1.0,pml,,,800.0,none,52.222137371954325,0.2965478089726809,1623.3470133119356,31.085418847366963,5.832296477584991e-06,0.0017918978736109342,780.5742985487104,14.947191705100805,0.30139043171198454,True,True,,2,38667,204000,36143480.57316421,218.24317622184753,a083,,,2026-08-23T21:29:48,harminv_tarama_rd0.170_dx+0.080_dy+0.050_s2_na1.3300_res20_nk6_simoto.json
harminv_tarama_rd0.170_dx+0.080_dy+0.050_s3_na1.3300_res20_nk6_simoto.json,legacy-campaign,harminv,sweep,harminv_tarama_rd0.170_dx+0.080_dy+0.050_s3_na1.3300_res20_nk6_simoto,0.17,0.08,0.05,3,1.33,0.0,20,6,25,481.4,0.3105806451612903,0.06,1.0,1.5,1.0,pml,,,800.0,none,55.151327367953506,0.2965982995813801,1623.0706672271879,29.429403510064873,9.944794181207861e-06,0.0002792815269919292,780.5742985487104,14.15331843857442,0.30210527213416166,True,True,,2,38667,204000,36172851.14528174,218.06597352027893,a085,,,2026-08-23T21:29:53,harminv_tarama_rd0.170_dx+0.080_dy+0.050_s3_na1.3300_res20_nk6_simoto.json
harminv_tarama_rd0.170_dx+0.080_dy+0.100_s1_na1.3300_res20_nk6_simoto.json,legacy-campaign,harminv,sweep,harminv_tarama_rd0.170_dx+0.080_dy+0.100_s1_na1.3300_res20_nk6_simoto,0.17,0.08,0.1,1,1.33,0.0,20,6,25,481.4,0.3105806451612903,0.06,1.0,1.5,1.0,pml,,,800.0,none,52.67146386090716,0.29642586373297736,1624.014834392618,30.832916257677134,1.0798020466409455e-05,0.010574654375137684,780.5742985487104,14.81968112012269,0.29966394457154466,True,True,,3,38667,204000,36189246.43094244,217.9671802520752,a083,,,2026-08-23T21:31:17,harminv_tarama_rd0.170_dx+0.080_dy+0.100_s1_na1.3300_res20_nk6_simoto.json
harminv_tarama_rd0.170_dx+0.080_dy+0.100_s2_na1.3300_res20_nk6_simoto.json,legacy-campaign,harminv,sweep,harminv_tarama_rd0.170_dx+0.080_dy+0.100_s2_na1.3300_res20_nk6_simoto,0.17,0.08,0.1,2,1.33,0.0,20,6,25,481.4,0.3105806451612903,0.06,1.0,1.5,1.0,pml,,,800.0,none,52.16999305005093,0.2965225715087165,1623.4851787188445,31.11913733937635,7.102683410318947e-06,0.0017080874005941302,780.5742985487104,14.962131541781918,0.301033122504198,True,True,,2,38667,204000,36303409.22302062,217.28174209594727,a085,,,2026-08-23T21:30:52,harminv_tarama_rd0.170_dx+0.080_dy+0.100_s2_na1.3300_res20_nk6_simoto.json
harminv_tarama_rd0.170_dx+0.080_dy+0.100_s3_na1.3300_res20_nk6_simoto.json,legacy-campaign,harminv,sweep,harminv_tarama_rd0.170_dx+0.080_dy+0.100_s3_na1.3300_res20_nk6_simoto,0.17,0.08,0.1,3,1.33,0.0,20,6,25,481.4,0.3105806451612903,0.06,1.0,1.5,1.0,pml,,,800.0,none,52.982478712037214,0.29650055454903396,1623.6057323136918,30.644201097839936,6.182209956716254e-07,0.0002744011175495097,780.5742985487104,14.732687437882554,0.30072140883783477,True,True,,2,38667,204000,36361902.5490591,216.932213306427,a076,,,2026-08-23T21:31:14,harminv_tarama_rd0.170_dx+0.080_dy+0.100_s3_na1.3300_res20_nk6_simoto.json
harminv_tarama_rd0.170_dx+0.080_dy+0.150_s1_na1.3300_res20_nk6_simoto.json,legacy-campaign,harminv,sweep,harminv_tarama_rd0.170_dx+0.080_dy+0.150_s1_na1.3300_res20_nk6_simoto,0.17,0.08,0.15,1,1.33,0.0,20,6,25,481.4,0.3105806451612903,0.06,1.0,1.5,1.0,pml,,,800.0,none,52.81166425938658,0.29624002354056805,1625.0336272812087,30.770354429653867,5.149325686034733e-06,0.010122406143709147,780.5742985487104,14.780338955327915,0.2970328397973729,True,True,,3,38667,204000,35999841.72090431,219.1139633655548,a085,,,2026-08-23T21:31:19,harminv_tarama_rd0.170_dx+0.080_dy+0.150_s1_na1.3300_res20_nk6_simoto.json
harminv_tarama_rd0.170_dx+0.080_dy+0.150_s2_na1.3300_res20_nk6_simoto.json,legacy-campaign,harminv,sweep,harminv_tarama_rd0.170_dx+0.080_dy+0.150_s2_na1.3300_res20_nk6_simoto,0.17,0.08,0.15,2,1.33,0.0,20,6,25,481.4,0.3105806451612903,0.06,1.0,1.5,1.0,pml,,,800.0,none,51.924180750217495,0.2964637458916055,1623.8073176610665,31.272661295754094,8.879252533110504e-06,0.001673246117111093,780.5742985487104,15.032963202706686,0.3002002759599827,True,True,,2,38667,204000,36111007.231966734,218.43943452835083,a076,,,2026-08-23T21:31:20,harminv_tarama_rd0.170_dx+0.080_dy+0.150_s2_na1.3300_res20_nk6_simoto.json
harminv_tarama_rd0.170_dx+0.080_dy+0.150_s3_na1.3300_res20_nk6_simoto.json,legacy-campaign,harminv,sweep,harminv_tarama_rd0.170_dx+0.080_dy+0.150_s3_na1.3300_res20_nk6_simoto,0.17,0.08,0.15,3,1.33,0.0,20,6,25,481.4,0.3105806451612903,0.06,1.0,1.5,1.0,pml,,,800.0,none,53.00310987224624,0.29647011266812767,1623.7724459560789,30.63541837205154,3.1815323853954378e-06,0.00027041580997625244,780.5742985487104,14.726952822770853,0.3002904160738427,True,True,,2,38667,204000,36030229.405257404,218.9291639328003,a046,,,2026-08-23T21:31:58,harminv_tarama_rd0.170_dx+0.080_dy+0.150_s3_na1.3300_res20_nk6_simoto.json
harminv_tarama_rd0.170_dx+0.080_dy-0.050_s1_na1.3300_res20_nk6_simoto.json,legacy-campaign,harminv,sweep,harminv_tarama_rd0.170_dx+0.080_dy-0.050_s1_na1.3300_res20_nk6_simoto,0.17,0.08,-0.05,1,1.33,0.0,20,6,25,481.4,0.3105806451612903,0.06,1.0,1.5,1.0,pml,,,800.0,none,52.83790999951062,0.2971023009203947,1620.317306559621,30.665809956802384,2.354240377669607e-06,0.013070390946318114,780.5742985487104,14.772997239215934,0.30924086703469644,True,True,,2,38667,204000,36485875.89927798,216.19511127471924,a085,,,2026-08-23T21:27:39,harminv_tarama_rd0.170_dx+0.080_dy-0.050_s1_na1.3300_res20_nk6_simoto.json
harminv_tarama_rd0.170_dx+0.080_dy-0.050_s2_na1.3300_res20_nk6_simoto.json,legacy-campaign,harminv,sweep,harminv_tarama_rd0.170_dx+0.080_dy-0.050_s2_na1.3300_res20_nk6_simoto,0.17,0.08,-0.05,2,1.33,0.0,20,6,25,481.4,0.3105806451612903,0.06,1.0,1.5,1.0,pml,,,800.0,none,52.210541967942824,0.2966198201597831,1622.952909015586,31.08477422073259,6.336908556600908e-06,0.002121702273816993,780.5742985487104,14.950511316813788,0.3024099580895783,True,True,,2,38667,204000,35719825.67677086,220.83164882659912,a076,,,2026-08-23T21:27:40,harminv_tarama_rd0.170_dx+0.080_dy-0.050_s2_na1.3300_res20_nk6_simoto.json
harminv_tarama_rd0.170_dx+0.080_dy-0.050_s3_na1.3300_res20_nk6_simoto.json,legacy-campaign,harminv,sweep,harminv_tarama_rd0.170_dx+0.080_dy-0.050_s3_na1.3300_res20_nk6_simoto,0.17,0.08,-0.05,3,1.33,0.0,20,6,25,481.4,0.3105806451612903,0.06,1.0,1.5,1.0,pml,,,800.0,none,52.49827179208306,0.2965547978583599,1623.3087560091526,30.921184652290854,4.348076423261114e-06,0.00034107196008244505,780.5742985487104,14.86857132440737,0.3014893795780936,True,True,,2,38667,204000,35889511.932341106,219.78755283355713,a046,,,2026-08-23T21:28:16,harminv_tarama_rd0.170_dx+0.080_dy-0.050_s3_na1.3300_res20_nk6_simoto.json
harminv_tarama_rd0.170_dx+0.080_dy-0.100_s1_na1.3300_res20_nk6_simoto.json,legacy-campaign,harminv,sweep,harminv_tarama_rd0.170_dx+0.080_dy-0.100_s1_na1.3300_res20_nk6_simoto,0.17,0.08,-0.1,1,1.33,0.0,20,6,25,481.4,0.3105806451612903,0.06,1.0,1.5,1.0,pml,,,800.0,none,52.72751925583621,0.29740011047803727,1618.694758472697,30.69923981476769,2.8574961471258135e-06,0.014567379655045763,780.5742985487104,14.803926100929006,0.3134572216281184,True,True,,3,38667,204000,35919180.90689092,219.60600996017456,a083,,,2026-08-23T21:27:35,harminv_tarama_rd0.170_dx+0.080_dy-0.100_s1_na1.3300_res20_nk6_simoto.json
harminv_tarama_rd0.170_dx+0.080_dy-0.100_s2_na1.3300_res20_nk6_simoto.json,legacy-campaign,harminv,sweep,harminv_tarama_rd0.170_dx+0.080_dy-0.100_s2_na1.3300_res20_nk6_simoto,0.17,0.08,-0.1,2,1.33,0.0,20,6,25,481.4,0.3105806451612903,0.06,1.0,1.5,1.0,pml,,,800.0,none,52.902056954139155,0.2966787050694046,1622.630784664447,30.67235714617122,7.359923447802135e-07,0.002328566732627393,780.5742985487104,14.755084083505317,0.30324364409056187,True,True,,2,38667,204000,35964652.28157617,219.3283543586731,a085,,,2026-08-23T21:27:16,harminv_tarama_rd0.170_dx+0.080_dy-0.100_s2_na1.3300_res20_nk6_simoto.json
harminv_tarama_rd0.170_dx+0.080_dy-0.100_s3_na1.3300_res20_nk6_simoto.json,legacy-campaign,harminv,sweep,harminv_tarama_rd0.170_dx+0.080_dy-0.100_s3_na1.3300_res20_nk6_simoto,0.17,0.08,-0.1,3,1.33,0.0,20,6,25,481.4,0.3105806451612903,0.06,1.0,1.5,1.0,pml,,,800.0,none,53.084682317842166,0.2965461339931854,1623.3561824517412,30.580501032896244,3.291289521428105e-06,0.000364634561621823,780.5742985487104,14.70432268719358,0.3013667175385859,True,True,,2,38667,204000,36475140.44945998,216.2587423324585,a076,,,2026-08-23T21:27:32,harminv_tarama_rd0.170_dx+0.080_dy-0.100_s3_na1.3300_res20_nk6_simoto.json
harminv_tarama_rd0.170_dx+0.080_dy-0.150_s1_na1.3300_res20_nk6_simoto.json,legacy-campaign,harminv,sweep,harminv_tarama_rd0.170_dx+0.080_dy-0.150_s1_na1.3300_res20_nk6_simoto,0.17,0.08,-0.15,1,1.33,0.0,20,6,25,481.4,0.3105806451612903,0.06,1.0,1.5,1.0,pml,,,800.0,none,52.60569110775491,0.31217874894826564,1542.0652482651142,29.313658195392275,3.7871637052465098e-06,0.018259660572364,780.5742985487104,14.838210127300114,0.5226915413447958,True,True,,3,38667,204000,35899903.38661766,219.7239339351654,a046,,,2026-08-23T21:26:06,harminv_tarama_rd0.170_dx+0.080_dy-0.150_s1_na1.3300_res20_nk6_simoto.json
harminv_tarama_rd0.170_dx+0.080_dy-0.150_s2_na1.3300_res20_nk6_simoto.json,legacy-campaign,harminv,sweep,harminv_tarama_rd0.170_dx+0.080_dy-0.150_s2_na1.3300_res20_nk6_simoto,0.17,0.08,-0.15,2,1.33,0.0,20,6,25,481.4,0.3105806451612903,0.06,1.0,1.5,1.0,pml,,,800.0,none,68.56412356043752,0.3003580115554673,1602.7539851757858,23.37598589389098,0.00026795193590928193,0.006193029748103585,780.5742985487104,11.384588003384222,0.35533485609167664,True,True,,3,38667,204000,35329587.84877517,223.2708752155304,a083,,,2026-08-23T21:26:07,harminv_tarama_rd0.170_dx+0.080_dy-0.150_s2_na1.3300_res20_nk6_simoto.json
harminv_tarama_rd0.170_dx+0.080_dy-0.150_s3_na1.3300_res20_nk6_simoto.json,legacy-campaign,harminv,sweep,harminv_tarama_rd0.170_dx+0.080_dy-0.150_s3_na1.3300_res20_nk6_simoto,0.17,0.08,-0.15,3,1.33,0.0,20,6,25,481.4,0.3105806451612903,0.06,1.0,1.5,1.0,pml,,,800.0,none,52.94185954337073,0.29651039703301285,1623.551837699647,30.666694591065696,2.3159492903072722e-06,0.00042403871223474157,780.5742985487104,14.743990960673619,0.30086075763128384,True,True,,2,38667,204000,36486571.076623276,216.1909921169281,a085,,,2026-08-23T21:27:05,harminv_tarama_rd0.170_dx+0.080_dy-0.150_s3_na1.3300_res20_nk6_simoto.json
harminv_tarama_rd0.180_dx+0.000_dy+0.000_s1_na1.3300_res20_nk6_simoto.json,legacy-campaign,harminv,sweep,harminv_tarama_rd0.180_dx+0.000_dy+0.000_s1_na1.3300_res20_nk6_simoto,0.18,0.0,0.0,1,1.33,0.0,20,6,25,481.4,0.3105806451612903,0.06,1.0,1.5,1.0,pml,,,800.0,even,52.75424023891797,0.2966904965355576,1622.5662959255096,30.757078266639628,3.280595468632888e-06,0.01895972863460583,780.5742985487104,14.79642764285066,0.30341058635685825,True,True,,2,38667,204000,35313802.62683472,111.68533849716187,a046,,,2026-08-23T21:35:14,harminv_tarama_rd0.180_dx+0.000_dy+0.000_s1_na1.3300_res20_nk6_simoto.json
harminv_tarama_rd0.180_dx+0.000_dy+0.000_s2_na1.3300_res20_nk6_simoto.json,legacy-campaign,harminv,sweep,harminv_tarama_rd0.180_dx+0.000_dy+0.000_s2_na1.3300_res20_nk6_simoto,0.18,0.0,0.0,2,1.33,0.0,20,6,25,481.4,0.3105806451612903,0.06,1.0,1.5,1.0,pml,,,800.0,even,53.064893612488845,0.2965443931359357,1623.3657123280243,30.592084555615966,6.40273272419893e-07,0.002934155774131287,780.5742985487104,14.709806152612392,0.3013420706752706,True,True,,2,38667,204000,35390346.83897476,111.4437792301178,a083,,,2026-08-23T21:35:01,harminv_tarama_rd0.180_dx+0.000_dy+0.000_s2_na1.3300_res20_nk6_simoto.json
harminv_tarama_rd0.180_dx+0.000_dy+0.000_s3_na1.3300_res20_nk6_simoto.json,legacy-campaign,harminv,sweep,harminv_tarama_rd0.180_dx+0.000_dy+0.000_s3_na1.3300_res20_nk6_simoto,0.18,0.0,0.0,3,1.33,0.0,20,6,25,481.4,0.3105806451612903,0.06,1.0,1.5,1.0,pml,,,800.0,even,53.16657832700914,0.2965138368615784,1623.5330030305872,30.536721642021046,5.024527378305031e-07,0.00047555343102985545,780.5742985487104,14.681672643059128,0.300909458341522,True,True,,2,38667,204000,35557613.85321784,110.9195351600647,a085,,,2026-08-23T21:34:36,harminv_tarama_rd0.180_dx+0.000_dy+0.000_s3_na1.3300_res20_nk6_simoto.json
harminv_tarama_rd0.180_dx+0.000_dy+0.050_s1_na1.3300_res20_nk6_simoto.json,legacy-campaign,harminv,sweep,harminv_tarama_rd0.180_dx+0.000_dy+0.050_s1_na1.3300_res20_nk6_simoto,0.18,0.0,0.05,1,1.33,0.0,20,6,25,481.4,0.3105806451612903,0.06,1.0,1.5,1.0,pml,,,800.0,even,52.621570715362246,0.2964743664991745,1623.7491479768128,30.85710148714315,4.749881514950056e-06,0.017623244543261266,780.5742985487104,14.83373240169798,0.30035064134067435,True,True,,2,38667,204000,35181144.80154544,112.10647130012512,a083,,,2026-08-23T21:35:40,harminv_tarama_rd0.180_dx+0.000_dy+0.050_s1_na1.3300_res20_nk6_simoto.json
harminv_tarama_rd0.180_dx+0.000_dy+0.050_s2_na1.3300_res20_nk6_simoto.json,legacy-campaign,harminv,sweep,harminv_tarama_rd0.180_dx+0.000_dy+0.050_s2_na1.3300_res20_nk6_simoto,0.18,0.0,0.05,2,1.33,0.0,20,6,25,481.4,0.3105806451612903,0.06,1.0,1.5,1.0,pml,,,800.0,even,59.17775505478747,0.30008772856033084,1604.1975535271426,27.108117772327752,5.258739584760897e-05,0.006755420992845439,780.5742985487104,13.190333053797756,0.3515082195085913,True,True,,3,38667,204000,35687869.2513439,110.51469540596008,a085,,,2026-08-23T21:35:05,harminv_tarama_rd0.180_dx+0.000_dy+0.050_s2_na1.3300_res20_nk6_simoto.json
harminv_tarama_rd0.180_dx+0.000_dy+0.050_s3_na1.3300_res20_nk6_simoto.json,legacy-campaign,harminv,sweep,harminv_tarama_rd0.180_dx+0.000_dy+0.050_s3_na1.3300_res20_nk6_simoto,0.18,0.0,0.05,3,1.33,0.0,20,6,25,481.4,0.3105806451612903,0.06,1.0,1.5,1.0,pml,,,800.0,even,52.99768409163225,0.2965115985918193,1623.545258553949,30.63426801342606,4.432933354342326e-07,0.0004466341639888706,780.5742985487104,14.728460534220861,0.3008777691672229,True,True,,2,38667,204000,35475954.46163278,111.17485237121582,a076,,,2026-08-23T21:35:05,harminv_tarama_rd0.180_dx+0.000_dy+0.050_s3_na1.3300_res20_nk6_simoto.json
harminv_tarama_rd0.180_dx+0.000_dy+0.100_s1_na1.3300_res20_nk6_simoto.json,legacy-campaign,harminv,sweep,harminv_tarama_rd0.180_dx+0.000_dy+0.100_s1_na1.3300_res20_nk6_simoto,0.18,0.0,0.1,1,1.33,0.0,20,6,25,481.4,0.3105806451612903,0.06,1.0,1.5,1.0,pml,,,800.0,even,52.9777590883175,0.29628331273957187,1624.7961977633975,30.669402136371087,3.2122291426891057e-06,0.01631869193372183,780.5742985487104,14.733999927166424,0.2976457234620548,True,True,,2,38667,204000,35537464.229532965,110.98242616653442,a085,,,2026-08-23T21:36:43,harminv_tarama_rd0.180_dx+0.000_dy+0.100_s1_na1.3300_res20_nk6_simoto.json
harminv_tarama_rd0.180_dx+0.000_dy+0.100_s2_na1.3300_res20_nk6_simoto.json,legacy-campaign,harminv,sweep,harminv_tarama_rd0.180_dx+0.000_dy+0.100_s2_na1.3300_res20_nk6_simoto,0.18,0.0,0.1,2,1.33,0.0,20,6,25,481.4,0.3105806451612903,0.06,1.0,1.5,1.0,pml,,,800.0,even,53.04641272322771,0.2964802747592045,1623.7167898976877,30.609360869876546,6.25437624739422e-08,0.0025652752840270012,780.5742985487104,14.714930915713293,0.3004342898290365,True,True,,2,38667,204000,35389237.45466679,111.44727277755737,a076,,,2026-08-23T21:35:38,harminv_tarama_rd0.180_dx+0.000_dy+0.100_s2_na1.3300_res20_nk6_simoto.json
harminv_tarama_rd0.180_dx+0.000_dy+0.100_s3_na1.3300_res20_nk6_simoto.json,legacy-campaign,harminv,sweep,harminv_tarama_rd0.180_dx+0.000_dy+0.100_s3_na1.3300_res20_nk6_simoto,0.18,0.0,0.1,3,1.33,0.0,20,6,25,481.4,0.3105806451612903,0.06,1.0,1.5,1.0,pml,,,800.0,even,52.58383318823512,0.2964903150058375,1623.6618049075967,30.877585494677625,5.257503402850163e-06,0.00043546033702788903,780.5742985487104,14.844378038293199,0.3005764385241461,True,True,,2,38667,204000,35049073.488507375,112.5289089679718,a046,,,2026-08-23T21:36:50,harminv_tarama_rd0.180_dx+0.000_dy+0.100_s3_na1.3300_res20_nk6_simoto.json
harminv_tarama_rd0.180_dx+0.000_dy+0.150_s1_na1.3300_res20_nk6_simoto.json,legacy-campaign,harminv,sweep,harminv_tarama_rd0.180_dx+0.000_dy+0.150_s1_na1.3300_res20_nk6_simoto,0.18,0.0,0.15,1,1.33,0.0,20,6,25,481.4,0.3105806451612903,0.06,1.0,1.5,1.0,pml,,,800.0,even,52.646207852950326,0.2961159190844681,1625.7146913559852,30.87999606537433,6.178607627600817e-06,0.015857270443080492,780.5742985487104,14.82679057775605,0.29527578271135024,True,True,,2,38667,204000,35295415.78109689,111.7435200214386,a076,,,2026-08-23T21:37:10,harminv_tarama_rd0.180_dx+0.000_dy+0.150_s1_na1.3300_res20_nk6_simoto.json
harminv_tarama_rd0.180_dx+0.000_dy+0.150_s2_na1.3300_res20_nk6_simoto.json,legacy-campaign,harminv,sweep,harminv_tarama_rd0.180_dx+0.000_dy+0.150_s2_na1.3300_res20_nk6_simoto,0.18,0.0,0.15,2,1.33,0.0,20,6,25,481.4,0.3105806451612903,0.06,1.0,1.5,1.0,pml,,,800.0,even,53.09188936915264,0.2964442338030252,1623.9141973659375,30.586860190164213,8.390871393654836e-08,0.0024674055282477383,780.5742985487104,14.702326623211839,0.29992402598008255,True,True,,2,38667,204000,35231042.64188236,111.9476945400238,a046,,,2026-08-23T21:37:18,harminv_tarama_rd0.180_dx+0.000_dy+0.150_s2_na1.3300_res20_nk6_simoto.json
harminv_tarama_rd0.180_dx+0.000_dy+0.150_s3_na1.3300_res20_nk6_simoto.json,legacy-campaign,harminv,sweep,harminv_tarama_rd0.180_dx+0.000_dy+0.150_s3_na1.3300_res20_nk6_simoto,0.18,0.0,0.15,3,1.33,0.0,20,6,25,481.4,0.3105806451612903,0.06,1.0,1.5,1.0,pml,,,800.0,even,52.1697279994525,0.29651589286696145,1623.5217456488613,31.119996363904743,7.294377833833331e-06,0.00043023786064286604,780.5742985487104,14.96220755754951,0.3009385670370574,True,True,,3,38667,204000,35211249.56842028,112.01062297821045,a083,,,2026-08-23T21:37:18,harminv_tarama_rd0.180_dx+0.000_dy+0.150_s3_na1.3300_res20_nk6_simoto.json
harminv_tarama_rd0.180_dx+0.000_dy-0.050_s1_na1.3300_res20_nk6_simoto.json,legacy-campaign,harminv,sweep,harminv_tarama_rd0.180_dx+0.000_dy-0.050_s1_na1.3300_res20_nk6_simoto,0.18,0.0,-0.05,1,1.33,0.0,20,6,25,481.4,0.3105806451612903,0.06,1.0,1.5,1.0,pml,,,800.0,even,52.8456699065895,0.29695120770164485,1621.1417482554102,30.67690789275556,1.5890926597828722e-06,0.020772422255901826,780.5742985487104,14.770827958628605,0.30710170604888487,True,True,,2,38667,204000,35265713.38676271,111.83763551712036,a076,,,2026-08-23T21:33:27,harminv_tarama_rd0.180_dx+0.000_dy-0.050_s1_na1.3300_res20_nk6_simoto.json
harminv_tarama_rd0.180_dx+0.000_dy-0.050_s2_na1.3300_res20_nk6_simoto.json,legacy-campaign,harminv,sweep,harminv_tarama_rd0.180_dx+0.000_dy-0.050_s2_na1.3300_res20_nk6_simoto,0.18,0.0,-0.05,2,1.33,0.0,20,6,25,481.4,0.3105806451612903,0.06,1.0,1.5,1.0,pml,,,800.0,even,53.09155956739437,0.2965753584499052,1623.1962173665002,30.573526763816695,4.993209114871624e-07,0.003227885695590868,780.5742985487104,14.702417953231347,0.30178047414635245,True,True,,2,38667,204000,35188392.19025989,112.08338189125061,a046,,,2026-08-23T21:33:33,harminv_tarama_rd0.180_dx+0.000_dy-0.050_s2_na1.3300_res20_nk6_simoto.json
harminv_tarama_rd0.180_dx+0.000_dy-0.050_s3_na1.3300_res20_nk6_simoto.json,legacy-campaign,harminv,sweep,harminv_tarama_rd0.180_dx+0.000_dy-0.050_s3_na1.3300_res20_nk6_simoto,0.18,0.0,-0.05,3,1.33,0.0,20,6,25,481.4,0.3105806451612903,0.06,1.0,1.5,1.0,pml,,,800.0,even,53.27499565901836,0.2965179189150176,1623.5106524471792,30.474158324447508,2.785712850349605e-07,0.0005165678016381941,780.5742985487104,14.651794690790844,0.3009672516000905,True,True,,2,38667,204000,35275348.20992404,111.80708909034729,a083,,,2026-08-23T21:33:33,harminv_tarama_rd0.180_dx+0.000_dy-0.050_s3_na1.3300_res20_nk6_simoto.json
harminv_tarama_rd0.180_dx+0.000_dy-0.100_s1_na1.3300_res20_nk6_simoto.json,legacy-campaign,harminv,sweep,harminv_tarama_rd0.180_dx+0.000_dy-0.100_s1_na1.3300_res20_nk6_simoto,0.18,0.0,-0.1,1,1.33,0.0,20,6,25,481.4,0.3105806451612903,0.06,1.0,1.5,1.0,pml,,,800.0,even,52.55248145413428,0.29723235600302433,1619.6083309150292,30.81887450602231,3.0376965010792523e-06,0.023460976987972924,780.5742985487104,14.853233890201068,0.3110821724292717,True,True,,2,38667,204000,35453292.46474411,111.24591612815857,a085,,,2026-08-23T21:33:00,harminv_tarama_rd0.180_dx+0.000_dy-0.100_s1_na1.3300_res20_nk6_simoto.json
harminv_tarama_rd0.180_dx+0.000_dy-0.100_s2_na1.3300_res20_nk6_simoto.json,legacy-campaign,harminv,sweep,harminv_tarama_rd0.180_dx+0.000_dy-0.100_s2_na1.3300_res20_nk6_simoto,0.18,0.0,-0.1,2,1.33,0.0,20,6,25,481.4,0.3105806451612903,0.06,1.0,1.5,1.0,pml,,,800.0,even,53.19726191779036,0.2966276515552897,1622.9100607306996,30.50739835517666,3.95620687433771e-07,0.003622108938104346,780.5742985487104,14.673204417080512,0.3025208341161185,True,True,,2,38667,204000,35326998.30255278,111.64362072944641,a076,,,2026-08-23T21:32:51,harminv_tarama_rd0.180_dx+0.000_dy-0.100_s2_na1.3300_res20_nk6_simoto.json
harminv_tarama_rd0.180_dx+0.000_dy-0.100_s3_na1.3300_res20_nk6_simoto.json,legacy-campaign,harminv,sweep,harminv_tarama_rd0.180_dx+0.000_dy-0.100_s3_na1.3300_res20_nk6_simoto,0.18,0.0,-0.1,3,1.33,0.0,20,6,25,481.4,0.3105806451612903,0.06,1.0,1.5,1.0,pml,,,800.0,even,53.12065244283546,0.2965243346048409,1623.475525681665,30.562040393399347,1.2934151505558479e-06,0.0005790686338154356,780.5742985487104,14.694365800358103,0.3010580842230276,True,True,,2,38667,204000,35139093.001260094,112.24063181877136,a046,,,2026-08-23T21:33:15,harminv_tarama_rd0.180_dx+0.000_dy-0.100_s3_na1.3300_res20_nk6_simoto.json
harminv_tarama_rd0.180_dx+0.000_dy-0.150_s1_na1.3300_res20_nk6_simoto.json,legacy-campaign,harminv,sweep,harminv_tarama_rd0.180_dx+0.000_dy-0.150_s1_na1.3300_res20_nk6_simoto,0.18,0.0,-0.15,1,1.33,0.0,20,6,25,481.4,0.3105806451612903,0.06,1.0,1.5,1.0,pml,,,800.0,even,52.40523501475123,0.29757935863242296,1617.719731006735,30.86942994438195,3.9264889641815435e-06,0.02653851136207358,780.5742985487104,14.894967999456378,0.3159949970611472,True,True,,2,38667,204000,35427473.94601784,111.32698893547058,a083,,,2026-08-23T21:32:56,harminv_tarama_rd0.180_dx+0.000_dy-0.150_s1_na1.3300_res20_nk6_simoto.json
harminv_tarama_rd0.180_dx+0.000_dy-0.150_s2_na1.3300_res20_nk6_simoto.json,legacy-campaign,harminv,sweep,harminv_tarama_rd0.180_dx+0.000_dy-0.150_s2_na1.3300_res20_nk6_simoto,0.18,0.0,-0.15,2,1.33,0.0,20,6,25,481.4,0.3105806451612903,0.06,1.0,1.5,1.0,pml,,,800.0,even,53.091464161626234,0.29666500156920733,1622.7057369546062,30.56434330035816,7.658839587572572e-07,0.0042011080872796655,780.5742985487104,14.702444373589127,0.3030496314589325,True,True,,2,38667,204000,35417321.42912067,111.35890126228333,a085,,,2026-08-23T21:31:22,harminv_tarama_rd0.180_dx+0.000_dy-0.150_s2_na1.3300_res20_nk6_simoto.json
harminv_tarama_rd0.180_dx+0.000_dy-0.150_s3_na1.3300_res20_nk6_simoto.json,legacy-campaign,harminv,sweep,harminv_tarama_rd0.180_dx+0.000_dy-0.150_s3_na1.3300_res20_nk6_simoto,0.18,0.0,-0.15,3,1.33,0.0,20,6,25,481.4,0.3105806451612903,0.06,1.0,1.5,1.0,pml,,,800.0,even,52.642059660450485,0.29653860990551384,1623.3973719421851,30.838409105064507,4.6069893376191776e-06,0.0006693389456280485,780.5742985487104,14.827958928346206,0.3012601923421937,True,True,,2,38667,204000,35332311.422048405,111.6268322467804,a076,,,2026-08-23T21:31:28,harminv_tarama_rd0.180_dx+0.000_dy-0.150_s3_na1.3300_res20_nk6_simoto.json
harminv_tarama_rd0.180_dx+0.040_dy+0.000_s1_na1.3300_res20_nk6_simoto.json,legacy-campaign,harminv,sweep,harminv_tarama_rd0.180_dx+0.040_dy+0.000_s1_na1.3300_res20_nk6_simoto,0.18,0.04,0.0,1,1.33,0.0,20,6,25,481.4,0.3105806451612903,0.06,1.0,1.5,1.0,pml,,,800.0,none,53.15774116492998,0.296702844353786,1622.4987699342128,30.522342266202838,2.044624569421526e-07,0.00946264880605848,780.5742985487104,14.684113384856966,0.3035854053939575,True,True,,2,38667,204000,36264125.48069528,217.51711630821228,a076,,,2026-08-23T21:34:58,harminv_tarama_rd0.180_dx+0.040_dy+0.000_s1_na1.3300_res20_nk6_simoto.json
harminv_tarama_rd0.180_dx+0.040_dy+0.000_s2_na1.3300_res20_nk6_simoto.json,legacy-campaign,harminv,sweep,harminv_tarama_rd0.180_dx+0.040_dy+0.000_s2_na1.3300_res20_nk6_simoto,0.18,0.04,0.0,2,1.33,0.0,20,6,25,481.4,0.3105806451612903,0.06,1.0,1.5,1.0,pml,,,800.0,none,52.53921365113949,0.29655329943542913,1623.316958254983,30.897245037465,5.041924588679373e-06,0.0015265184528795916,780.5742985487104,14.856984798663445,0.30146816507290064,True,True,,2,38667,204000,36181733.92359285,218.0124373435974,a046,,,2026-08-23T21:35:32,harminv_tarama_rd0.180_dx+0.040_dy+0.000_s2_na1.3300_res20_nk6_simoto.json
harminv_tarama_rd0.180_dx+0.040_dy+0.000_s3_na1.3300_res20_nk6_simoto.json,legacy-campaign,harminv,sweep,harminv_tarama_rd0.180_dx+0.040_dy+0.000_s3_na1.3300_res20_nk6_simoto,0.18,0.04,0.0,3,1.33,0.0,20,6,25,481.4,0.3105806451612903,0.06,1.0,1.5,1.0,pml,,,800.0,none,53.17645916960948,0.2965111742490529,1623.5475820403678,30.531321705004206,6.945054206378055e-08,0.00024213360209362358,780.5742985487104,14.678944607030383,0.30087176136953314,True,True,,2,38667,204000,35928445.36146766,219.549382686615,a083,,,2026-08-23T21:35:32,harminv_tarama_rd0.180_dx+0.040_dy+0.000_s3_na1.3300_res20_nk6_simoto.json
harminv_tarama_rd0.180_dx+0.040_dy+0.050_s1_na1.3300_res20_nk6_simoto.json,legacy-campaign,harminv,sweep,harminv_tarama_rd0.180_dx+0.040_dy+0.050_s1_na1.3300_res20_nk6_simoto,0.18,0.04,0.05,1,1.33,0.0,20,6,25,481.4,0.3105806451612903,0.06,1.0,1.5,1.0,pml,,,800.0,none,52.69673923590975,0.29648043754098735,1623.7158984003731,30.81245484908306,4.261682346709866e-06,0.008923855464774992,780.5742985487104,14.8125730333006,0.30043659447541254,True,True,,3,38667,204000,35640133.707217745,221.32543230056763,a046,,,2026-08-23T21:35:44,harminv_tarama_rd0.180_dx+0.040_dy+0.050_s1_na1.3300_res20_nk6_simoto.json
harminv_tarama_rd0.180_dx+0.040_dy+0.050_s2_na1.3300_res20_nk6_simoto.json,legacy-campaign,harminv,sweep,harminv_tarama_rd0.180_dx+0.040_dy+0.050_s2_na1.3300_res20_nk6_simoto,0.18,0.04,0.05,2,1.33,0.0,20,6,25,481.4,0.3105806451612903,0.06,1.0,1.5,1.0,pml,,,800.0,none,52.31859478164391,0.29649890223598835,1623.6147802559005,31.03322608399928,7.2683658533217635e-06,0.0014283623708362641,780.5742985487104,14.91963424871221,0.3006980155735125,True,True,,2,38667,204000,36548592.02395212,215.82412791252136,a083,,,2026-08-23T21:37:00,harminv_tarama_rd0.180_dx+0.040_dy+0.050_s2_na1.3300_res20_nk6_simoto.json
harminv_tarama_rd0.180_dx+0.040_dy+0.050_s3_na1.3300_res20_nk6_simoto.json,legacy-campaign,harminv,sweep,harminv_tarama_rd0.180_dx+0.040_dy+0.050_s3_na1.3300_res20_nk6_simoto,0.18,0.04,0.05,3,1.33,0.0,20,6,25,481.4,0.3105806451612903,0.06,1.0,1.5,1.0,pml,,,800.0,none,52.47612187976073,0.29650002937472314,1623.608608117864,30.93995039949905,6.18879103174106e-06,0.0002342268761052573,780.5742985487104,14.874847275056856,0.3007139734783544,True,True,,2,38667,204000,36606708.94312483,215.48148488998413,a085,,,2026-08-23T21:36:34,harminv_tarama_rd0.180_dx+0.040_dy+0.050_s3_na1.3300_res20_nk6_simoto.json
harminv_tarama_rd0.180_dx+0.040_dy+0.100_s1_na1.3300_res20_nk6_simoto.json,legacy-campaign,harminv,sweep,harminv_tarama_rd0.180_dx+0.040_dy+0.100_s1_na1.3300_res20_nk6_simoto,0.18,0.04,0.1,1,1.33,0.0,20,6,25,481.4,0.3105806451612903,0.06,1.0,1.5,1.0,pml,,,800.0,none,52.77477116351887,0.29628546527338856,1624.7843935098285,30.787142372925686,4.650788460896267e-06,0.008374819206049777,780.5742985487104,14.7906714011162,0.2976761987964173,True,True,,3,38667,204000,36186413.05357129,217.98424696922302,a083,,,2026-08-23T21:37:05,harminv_tarama_rd0.180_dx+0.040_dy+0.100_s1_na1.3300_res20_nk6_simoto.json
harminv_tarama_rd0.180_dx+0.040_dy+0.100_s2_na1.3300_res20_nk6_simoto.json,legacy-campaign,harminv,sweep,harminv_tarama_rd0.180_dx+0.040_dy+0.100_s2_na1.3300_res20_nk6_simoto,0.18,0.04,0.1,2,1.33,0.0,20,6,25,481.4,0.3105806451612903,0.06,1.0,1.5,1.0,pml,,,800.0,none,52.61663934195212,0.29646999007372254,1623.7731174082453,30.860449046459415,4.382901600409948e-06,0.0013332838644302767,780.5742985487104,14.835122659123263,0.3002886803958904,True,True,,2,38667,204000,36264760.200416446,217.5133092403412,a085,,,2026-08-23T21:37:02,harminv_tarama_rd0.180_dx+0.040_dy+0.100_s2_na1.3300_res20_nk6_simoto.json
harminv_tarama_rd0.180_dx+0.040_dy+0.100_s3_na1.3300_res20_nk6_simoto.json,legacy-campaign,harminv,sweep,harminv_tarama_rd0.180_dx+0.040_dy+0.100_s3_na1.3300_res20_nk6_simoto,0.18,0.04,0.1,3,1.33,0.0,20,6,25,481.4,0.3105806451612903,0.06,1.0,1.5,1.0,pml,,,800.0,none,52.463106715268744,0.2964958175182478,1623.631672208571,30.948065676332373,3.3934852510557167e-06,0.0002218158550537049,780.5742985487104,14.878537460335606,0.30065434248283723,True,True,,2,38667,204000,36324727.85585924,217.154221534729,a076,,,2026-08-23T21:37:03,harminv_tarama_rd0.180_dx+0.040_dy+0.100_s3_na1.3300_res20_nk6_simoto.json
harminv_tarama_rd0.180_dx+0.040_dy+0.150_s1_na1.3300_res20_nk6_simoto.json,legacy-campaign,harminv,sweep,harminv_tarama_rd0.180_dx+0.040_dy+0.150_s1_na1.3300_res20_nk6_simoto,0.18,0.04,0.15,1,1.33,0.0,20,6,25,481.4,0.3105806451612903,0.06,1.0,1.5,1.0,pml,,,800.0,none,52.86218858176514,0.2961128988325635,1625.7312730986662,30.754142359884504,5.0360232229195825e-06,0.008011036823952041,780.5742985487104,14.76621228690426,0.29523302232081017,True,True,,3,38667,204000,36070634.52114376,218.683926820755,a085,,,2026-08-23T21:37:10,harminv_tarama_rd0.180_dx+0.040_dy+0.150_s1_na1.3300_res20_nk6_simoto.json
harminv_tarama_rd0.180_dx+0.040_dy+0.150_s2_na1.3300_res20_nk6_simoto.json,legacy-campaign,harminv,sweep,harminv_tarama_rd0.180_dx+0.040_dy+0.150_s2_na1.3300_res20_nk6_simoto,0.18,0.04,0.15,2,1.33,0.0,20,6,25,481.4,0.3105806451612903,0.06,1.0,1.5,1.0,pml,,,800.0,none,52.81383218598022,0.2964413675537159,1623.9298987607358,30.748192879512704,2.5837939355028846e-06,0.0012739745023366612,780.5742985487104,14.77973224514314,0.29988344594115846,True,True,,2,38667,204000,36152129.131170094,218.19096660614014,a076,,,2026-08-23T21:37:36,harminv_tarama_rd0.180_dx+0.040_dy+0.150_s2_na1.3300_res20_nk6_simoto.json
harminv_tarama_rd0.180_dx+0.040_dy+0.150_s3_na1.3300_res20_nk6_simoto.json,legacy-campaign,harminv,sweep,harminv_tarama_rd0.180_dx+0.040_dy+0.150_s3_na1.3300_res20_nk6_simoto,0.18,0.04,0.15,3,1.33,0.0,20,6,25,481.4,0.3105806451612903,0.06,1.0,1.5,1.0,pml,,,800.0,none,52.81482207788179,0.29655683145098677,1623.2976244203062,30.735645043479632,6.8140903584580675e-06,0.0002154023631290579,780.5742985487104,14.779455233185486,0.30151817095631944,True,True,,2,38667,204000,36281214.099516734,217.4146647453308,a046,,,2026-08-23T21:38:50,harminv_tarama_rd0.180_dx+0.040_dy+0.150_s3_na1.3300_res20_nk6_simoto.json
harminv_tarama_rd0.180_dx+0.040_dy-0.050_s1_na1.3300_res20_nk6_simoto.json,legacy-campaign,harminv,sweep,harminv_tarama_rd0.180_dx+0.040_dy-0.050_s1_na1.3300_res20_nk6_simoto,0.18,0.04,-0.05,1,1.33,0.0,20,6,25,481.4,0.3105806451612903,0.06,1.0,1.5,1.0,pml,,,800.0,none,59.405532832447705,0.31348137995027586,1535.6573971837154,25.85041028947608,1.758169840040409e-05,0.012729190952093085,780.5742985487104,13.13975755003001,0.5411340461869385,True,True,,3,38667,204000,35978595.6380231,219.2433545589447,a085,,,2026-08-23T21:33:38,harminv_tarama_rd0.180_dx+0.040_dy-0.050_s1_na1.3300_res20_nk6_simoto.json
harminv_tarama_rd0.180_dx+0.040_dy-0.050_s2_na1.3300_res20_nk6_simoto.json,legacy-campaign,harminv,sweep,harminv_tarama_rd0.180_dx+0.040_dy-0.050_s2_na1.3300_res20_nk6_simoto,0.18,0.04,-0.05,2,1.33,0.0,20,6,25,481.4,0.3105806451612903,0.06,1.0,1.5,1.0,pml,,,800.0,none,52.79180687978268,0.2965939930922245,1623.0942339088806,30.74519191216518,3.1502243656073765e-06,0.0016610808015842956,780.5742985487104,14.785898507437555,0.302044301339683,True,True,,2,38667,204000,36323769.04417609,217.15995359420776,a076,,,2026-08-23T21:34:50,harminv_tarama_rd0.180_dx+0.040_dy-0.050_s2_na1.3300_res20_nk6_simoto.json
harminv_tarama_rd0.180_dx+0.040_dy-0.050_s3_na1.3300_res20_nk6_simoto.json,legacy-campaign,harminv,sweep,harminv_tarama_rd0.180_dx+0.040_dy-0.050_s3_na1.3300_res20_nk6_simoto,0.18,0.04,-0.05,3,1.33,0.0,20,6,25,481.4,0.3105806451612903,0.06,1.0,1.5,1.0,pml,,,800.0,none,53.21627277339599,0.2965131673808129,1623.5366687164226,30.50827470818409,1.0860714235645556e-06,0.0002639551801411902,780.5742985487104,14.667962596188003,0.30089997990730677,True,True,,2,38667,204000,36276772.30896151,217.4412853717804,a046,,,2026-08-23T21:35:14,harminv_tarama_rd0.180_dx+0.040_dy-0.050_s3_na1.3300_res20_nk6_simoto.json
harminv_tarama_rd0.180_dx+0.040_dy-0.100_s1_na1.3300_res20_nk6_simoto.json,legacy-campaign,harminv,sweep,harminv_tarama_rd0.180_dx+0.040_dy-0.100_s1_na1.3300_res20_nk6_simoto,0.18,0.04,-0.1,1,1.33,0.0,20,6,25,481.4,0.3105806451612903,0.06,1.0,1.5,1.0,pml,,,800.0,none,52.74185602209398,0.29724810308013766,1619.5225302084273,30.70658964921516,2.1037325245407692e-06,0.011786411124486666,780.5742985487104,14.799901964423128,0.3113051177955834,True,True,,2,38667,204000,35913953.836973764,219.63797235488892,a083,,,2026-08-23T21:33:26,harminv_tarama_rd0.180_dx+0.040_dy-0.100_s1_na1.3300_res20_nk6_simoto.json
harminv_tarama_rd0.180_dx+0.040_dy-0.100_s2_na1.3300_res20_nk6_simoto.json,legacy-campaign,harminv,sweep,harminv_tarama_rd0.180_dx+0.040_dy-0.100_s2_na1.3300_res20_nk6_simoto,0.18,0.04,-0.1,2,1.33,0.0,20,6,25,481.4,0.3105806451612903,0.06,1.0,1.5,1.0,pml,,,800.0,none,52.85475520819326,0.29663961981454284,1622.8445825981307,30.703852022505746,3.007370364667197e-06,0.0018651582042864385,780.5742985487104,14.768288973698812,0.3026902793994624,True,True,,2,38667,204000,36427839.65460834,216.53954982757568,a085,,,2026-08-23T21:33:20,harminv_tarama_rd0.180_dx+0.040_dy-0.100_s2_na1.3300_res20_nk6_simoto.json
harminv_tarama_rd0.180_dx+0.040_dy-0.100_s3_na1.3300_res20_nk6_simoto.json,legacy-campaign,harminv,sweep,harminv_tarama_rd0.180_dx+0.040_dy-0.100_s3_na1.3300_res20_nk6_simoto,0.18,0.04,-0.1,3,1.33,0.0,20,6,25,481.4,0.3105806451612903,0.06,1.0,1.5,1.0,pml,,,800.0,none,53.25491640212153,0.29651847648468993,1623.507599617847,30.485590989551735,1.5499544319783393e-06,0.0002930825246008248,780.5742985487104,14.657319009848534,0.30097514560949595,True,True,,2,38667,204000,36351377.59307783,216.9950225353241,a076,,,2026-08-23T21:33:26,harminv_tarama_rd0.180_dx+0.040_dy-0.100_s3_na1.3300_res20_nk6_simoto.json
harminv_tarama_rd0.180_dx+0.040_dy-0.150_s1_na1.3300_res20_nk6_simoto.json,legacy-campaign,harminv,sweep,harminv_tarama_rd0.180_dx+0.040_dy-0.150_s1_na1.3300_res20_nk6_simoto,0.18,0.04,-0.15,1,1.33,0.0,20,6,25,481.4,0.3105806451612903,0.06,1.0,1.5,1.0,pml,,,800.0,none,52.720375039422144,0.2975786800881366,1617.7234197605128,30.684975563069216,2.3265624064179753e-06,0.013283583126222813,780.5742985487104,14.805932202967616,0.31598539030661144,True,True,,2,38667,204000,35882068.23575001,219.83314752578735,a046,,,2026-08-23T21:32:03,harminv_tarama_rd0.180_dx+0.040_dy-0.150_s1_na1.3300_res20_nk6_simoto.json
harminv_tarama_rd0.180_dx+0.040_dy-0.150_s2_na1.3300_res20_nk6_simoto.json,legacy-campaign,harminv,sweep,harminv_tarama_rd0.180_dx+0.040_dy-0.150_s2_na1.3300_res20_nk6_simoto,0.18,0.04,-0.15,2,1.33,0.0,20,6,25,481.4,0.3105806451612903,0.06,1.0,1.5,1.0,pml,,,800.0,none,52.68016423075961,0.2966971577148853,1622.5298675176628,30.799635711277414,4.617268180566042e-06,0.0021720941679691835,780.5742985487104,14.817233582064995,0.30350489459289404,True,True,,3,38667,204000,36436504.306039095,216.4880564212799,a083,,,2026-08-23T21:33:20,harminv_tarama_rd0.180_dx+0.040_dy-0.150_s2_na1.3300_res20_nk6_simoto.json
harminv_tarama_rd0.180_dx+0.040_dy-0.150_s3_na1.3300_res20_nk6_simoto.json,legacy-campaign,harminv,sweep,harminv_tarama_rd0.180_dx+0.040_dy-0.150_s3_na1.3300_res20_nk6_simoto,0.18,0.04,-0.15,3,1.33,0.0,20,6,25,481.4,0.3105806451612903,0.06,1.0,1.5,1.0,pml,,,800.0,none,53.07540415303865,0.2965175395790943,1623.512729410023,30.588796360904855,3.032920936234458e-06,0.0003362601274384663,780.5742985487104,14.706893164637755,0.3009618810042801,True,True,,2,38667,204000,36461036.10828305,216.34239840507507,a085,,,2026-08-23T21:33:00,harminv_tarama_rd0.180_dx+0.040_dy-0.150_s3_na1.3300_res20_nk6_simoto.json
harminv_tarama_rd0.180_dx+0.080_dy+0.000_s1_na1.3300_res20_nk6_simoto.json,legacy-campaign,harminv,sweep,harminv_tarama_rd0.180_dx+0.080_dy+0.000_s1_na1.3300_res20_nk6_simoto,0.18,0.08,0.0,1,1.33,0.0,20,6,25,481.4,0.3105806451612903,0.06,1.0,1.5,1.0,pml,,,800.0,none,53.12757275146741,0.2966979556888169,1622.5255036974454,30.540177532440165,3.058619224784755e-07,0.009703126234061225,780.5742985487104,14.692451736883662,0.3035161922190635,True,True,,2,38667,204000,36187510.68083673,217.97763514518738,a085,,,2026-08-23T21:34:58,harminv_tarama_rd0.180_dx+0.080_dy+0.000_s1_na1.3300_res20_nk6_simoto.json
harminv_tarama_rd0.180_dx+0.080_dy+0.000_s2_na1.3300_res20_nk6_simoto.json,legacy-campaign,harminv,sweep,harminv_tarama_rd0.180_dx+0.080_dy+0.000_s2_na1.3300_res20_nk6_simoto,0.18,0.08,0.0,2,1.33,0.0,20,6,25,481.4,0.3105806451612903,0.06,1.0,1.5,1.0,pml,,,800.0,none,52.44897414753537,0.29655299904211235,1623.3186025936573,30.950435713525557,5.802894042824683e-06,0.0015734529593905626,780.5742985487104,14.882546536620687,0.30146391213773277,True,True,,2,38667,204000,36022663.49447153,218.97514605522156,a076,,,2026-08-23T21:35:02,harminv_tarama_rd0.180_dx+0.080_dy+0.000_s2_na1.3300_res20_nk6_simoto.json
harminv_tarama_rd0.180_dx+0.080_dy+0.000_s3_na1.3300_res20_nk6_simoto.json,legacy-campaign,harminv,sweep,harminv_tarama_rd0.180_dx+0.080_dy+0.000_s3_na1.3300_res20_nk6_simoto,0.18,0.08,0.0,3,1.33,0.0,20,6,25,481.4,0.3105806451612903,0.06,1.0,1.5,1.0,pml,,,800.0,none,53.182445779879956,0.296520657862918,1623.4956561527395,30.526908500453775,6.612435722597513e-07,0.0002481108887492913,780.5742985487104,14.677292236229162,0.30100602931982623,True,True,,2,38667,204000,36048443.997474365,218.8185431957245,a046,,,2026-08-23T21:35:37,harminv_tarama_rd0.180_dx+0.080_dy+0.000_s3_na1.3300_res20_nk6_simoto.json
harminv_tarama_rd0.180_dx+0.080_dy+0.050_s1_na1.3300_res20_nk6_simoto.json,legacy-campaign,harminv,sweep,harminv_tarama_rd0.180_dx+0.080_dy+0.050_s1_na1.3300_res20_nk6_simoto,0.18,0.08,0.05,1,1.33,0.0,20,6,25,481.4,0.3105806451612903,0.06,1.0,1.5,1.0,pml,,,800.0,none,52.5597876128265,0.2964743054934126,1623.7494820970119,30.8933798221962,5.374175995181853e-06,0.009200487487993625,780.5742985487104,14.851169192286118,0.3003497776278821,True,True,,3,38667,204000,35949648.09802003,219.41989469528198,a076,,,2026-08-23T21:35:26,harminv_tarama_rd0.180_dx+0.080_dy+0.050_s1_na1.3300_res20_nk6_simoto.json
harminv_tarama_rd0.180_dx+0.080_dy+0.050_s2_na1.3300_res20_nk6_simoto.json,legacy-campaign,harminv,sweep,harminv_tarama_rd0.180_dx+0.080_dy+0.050_s2_na1.3300_res20_nk6_simoto,0.18,0.08,0.05,2,1.33,0.0,20,6,25,481.4,0.3105806451612903,0.06,1.0,1.5,1.0,pml,,,800.0,none,52.28842156596994,0.2965066780480299,1623.5722013722066,31.050319607062892,7.1373701143373e-06,0.00147164042874752,780.5742985487104,14.928243675588774,0.3008081046555367,True,True,,2,38667,204000,35757842.213040195,220.5968680381775,a046,,,2026-08-23T21:35:50,harminv_tarama_rd0.180_dx+0.080_dy+0.050_s2_na1.3300_res20_nk6_simoto.json
harminv_tarama_rd0.180_dx+0.080_dy+0.050_s3_na1.3300_res20_nk6_simoto.json,legacy-campaign,harminv,sweep,harminv_tarama_rd0.180_dx+0.080_dy+0.050_s3_na1.3300_res20_nk6_simoto,0.18,0.08,0.05,3,1.33,0.0,20,6,25,481.4,0.3105806451612903,0.06,1.0,1.5,1.0,pml,,,800.0,none,52.98762678648419,0.2965183089385208,1623.508516972596,30.639389144839228,2.4788489912144944e-07,0.0002354548231630162,780.5742985487104,14.731256066516556,0.30097277350946894,True,True,,2,38667,204000,36251389.912520185,217.59353280067444,a083,,,2026-08-23T21:37:03,harminv_tarama_rd0.180_dx+0.080_dy+0.050_s3_na1.3300_res20_nk6_simoto.json
harminv_tarama_rd0.180_dx+0.080_dy+0.100_s1_na1.3300_res20_nk6_simoto.json,legacy-campaign,harminv,sweep,harminv_tarama_rd0.180_dx+0.080_dy+0.100_s1_na1.3300_res20_nk6_simoto,0.18,0.08,0.1,1,1.33,0.0,20,6,25,481.4,0.3105806451612903,0.06,1.0,1.5,1.0,pml,,,800.0,none,52.60363298258943,0.29627664529050163,1624.8327623933483,30.888223308286136,6.035760427661844e-06,0.008655278945873715,780.5742985487104,14.838790674535012,0.29755132645970117,True,True,,3,38667,204000,36063696.827187955,218.72599577903748,a046,,,2026-08-23T21:37:13,harminv_tarama_rd0.180_dx+0.080_dy+0.100_s1_na1.3300_res20_nk6_simoto.json
harminv_tarama_rd0.180_dx+0.080_dy+0.100_s2_na1.3300_res20_nk6_simoto.json,legacy-campaign,harminv,sweep,harminv_tarama_rd0.180_dx+0.080_dy+0.100_s2_na1.3300_res20_nk6_simoto,0.18,0.08,0.1,2,1.33,0.0,20,6,25,481.4,0.3105806451612903,0.06,1.0,1.5,1.0,pml,,,800.0,none,52.40900929502889,0.29647006996949105,1623.7726798173576,30.982701288562158,5.998095308703491e-06,0.0013851199353059544,780.5742985487104,14.893895325412107,0.30028981155129447,True,True,,2,38667,204000,36139956.50800431,218.26445746421814,a083,,,2026-08-23T21:37:12,harminv_tarama_rd0.180_dx+0.080_dy+0.100_s2_na1.3300_res20_nk6_simoto.json
harminv_tarama_rd0.180_dx+0.080_dy+0.100_s3_na1.3300_res20_nk6_simoto.json,legacy-campaign,harminv,sweep,harminv_tarama_rd0.180_dx+0.080_dy+0.100_s3_na1.3300_res20_nk6_simoto,0.18,0.08,0.1,3,1.33,0.0,20,6,25,481.4,0.3105806451612903,0.06,1.0,1.5,1.0,pml,,,800.0,none,52.671954964111954,0.29650347647711156,1623.5897323017102,30.824558029181627,3.6580451705466333e-06,0.00022878652567954409,780.5742985487104,14.819542944258568,0.3007627771705678,True,True,,2,38667,204000,36406293.0519821,216.66770601272583,a085,,,2026-08-23T21:37:04,harminv_tarama_rd0.180_dx+0.080_dy+0.100_s3_na1.3300_res20_nk6_simoto.json
harminv_tarama_rd0.180_dx+0.080_dy+0.150_s1_na1.3300_res20_nk6_simoto.json,legacy-campaign,harminv,sweep,harminv_tarama_rd0.180_dx+0.080_dy+0.150_s1_na1.3300_res20_nk6_simoto,0.18,0.08,0.15,1,1.33,0.0,20,6,25,481.4,0.3105806451612903,0.06,1.0,1.5,1.0,pml,,,800.0,none,52.68293480613916,0.2960999098748204,1625.8025887394472,30.86013705808189,6.6695405788625005e-06,0.008292603133762951,780.5742985487104,14.81645434942151,0.2950491261017721,True,True,,3,38667,204000,35879487.34034142,219.84896063804626,a083,,,2026-08-23T21:37:39,harminv_tarama_rd0.180_dx+0.080_dy+0.150_s1_na1.3300_res20_nk6_simoto.json
harminv_tarama_rd0.180_dx+0.080_dy+0.150_s2_na1.3300_res20_nk6_simoto.json,legacy-campaign,harminv,sweep,harminv_tarama_rd0.180_dx+0.080_dy+0.150_s2_na1.3300_res20_nk6_simoto,0.18,0.08,0.15,2,1.33,0.0,20,6,25,481.4,0.3105806451612903,0.06,1.0,1.5,1.0,pml,,,800.0,none,52.65005254038141,0.2964705224657125,1623.770201490015,30.840808757875784,3.883965842382543e-06,0.0013282868052028674,780.5742985487104,14.825707874650789,0.30029621794246897,True,True,,2,38667,204000,35998712.55837435,219.12083625793457,a085,,,2026-08-23T21:37:24,harminv_tarama_rd0.180_dx+0.080_dy+0.150_s2_na1.3300_res20_nk6_simoto.json
harminv_tarama_rd0.180_dx+0.080_dy+0.150_s3_na1.3300_res20_nk6_simoto.json,legacy-campaign,harminv,sweep,harminv_tarama_rd0.180_dx+0.080_dy+0.150_s3_na1.3300_res20_nk6_simoto,0.18,0.08,0.15,3,1.33,0.0,20,6,25,481.4,0.3105806451612903,0.06,1.0,1.5,1.0,pml,,,800.0,none,52.85908649459206,0.2964924648523967,1623.6500318470355,30.716573810127212,3.241395028327983e-06,0.00022194623389064125,780.5742985487104,14.767078856509748,0.3006068758126162,True,True,,2,38667,204000,36463552.09340551,216.32747077941895,a076,,,2026-08-23T21:38:34,harminv_tarama_rd0.180_dx+0.080_dy+0.150_s3_na1.3300_res20_nk6_simoto.json
harminv_tarama_rd0.180_dx+0.080_dy-0.050_s1_na1.3300_res20_nk6_simoto.json,legacy-campaign,harminv,sweep,harminv_tarama_rd0.180_dx+0.080_dy-0.050_s1_na1.3300_res20_nk6_simoto,0.18,0.08,-0.05,1,1.33,0.0,20,6,25,481.4,0.3105806451612903,0.06,1.0,1.5,1.0,pml,,,800.0,none,53.04333917013083,0.29694970707774215,1621.1499406327696,30.56274295690746,7.803388832787127e-07,0.010687923363700755,780.5742985487104,14.715783560403352,0.30708046038257647,True,True,,2,38667,204000,35934700.10292023,219.51116824150085,a083,,,2026-08-23T21:34:54,harminv_tarama_rd0.180_dx+0.080_dy-0.050_s1_na1.3300_res20_nk6_simoto.json
harminv_tarama_rd0.180_dx+0.080_dy-0.050_s2_na1.3300_res20_nk6_simoto.json,legacy-campaign,harminv,sweep,harminv_tarama_rd0.180_dx+0.080_dy-0.050_s2_na1.3300_res20_nk6_simoto,0.18,0.08,-0.05,2,1.33,0.0,20,6,25,481.4,0.3105806451612903,0.06,1.0,1.5,1.0,pml,,,800.0,none,52.57485255542807,0.2965974461623801,1623.0753373933128,30.871704978766296,4.933962441009405e-06,0.001718379609167119,780.5742985487104,14.846913697490157,0.30209318952288033,True,True,,2,38667,204000,36398906.13099066,216.71167731285095,a085,,,2026-08-23T21:34:31,harminv_tarama_rd0.180_dx+0.080_dy-0.050_s2_na1.3300_res20_nk6_simoto.json
harminv_tarama_rd0.180_dx+0.080_dy-0.050_s3_na1.3300_res20_nk6_simoto.json,legacy-campaign,harminv,sweep,harminv_tarama_rd0.180_dx+0.080_dy-0.050_s3_na1.3300_res20_nk6_simoto,0.18,0.08,-0.05,3,1.33,0.0,20,6,25,481.4,0.3105806451612903,0.06,1.0,1.5,1.0,pml,,,800.0,none,53.37997837946337,0.29653510532643723,1623.4165579487,30.412461886145493,2.0692868229786014e-06,0.00026914068656464895,780.5742985487104,14.62297891917126,0.3012105749014217,True,True,,2,38667,204000,36417148.34653187,216.60312128067017,a076,,,2026-08-23T21:34:52,harminv_tarama_rd0.180_dx+0.080_dy-0.050_s3_na1.3300_res20_nk6_simoto.json
harminv_tarama_rd0.180_dx+0.080_dy-0.100_s1_na1.3300_res20_nk6_simoto.json,legacy-campaign,harminv,sweep,harminv_tarama_rd0.180_dx+0.080_dy-0.100_s1_na1.3300_res20_nk6_simoto,0.18,0.08,-0.1,1,1.33,0.0,20,6,25,481.4,0.3105806451612903,0.06,1.0,1.5,1.0,pml,,,800.0,none,67.90543255850771,0.31398744293367986,1533.1823320771489,22.578198449088003,1.9394937510118685e-05,0.013462358796959041,780.5742985487104,11.495019899566403,0.5482988296194337,True,True,,3,38667,204000,35656320.832226835,221.22495579719543,a046,,,2026-08-23T21:33:30,harminv_tarama_rd0.180_dx+0.080_dy-0.100_s1_na1.3300_res20_nk6_simoto.json
harminv_tarama_rd0.180_dx+0.080_dy-0.100_s2_na1.3300_res20_nk6_simoto.json,legacy-campaign,harminv,sweep,harminv_tarama_rd0.180_dx+0.080_dy-0.100_s2_na1.3300_res20_nk6_simoto,0.18,0.08,-0.1,2,1.33,0.0,20,6,25,481.4,0.3105806451612903,0.06,1.0,1.5,1.0,pml,,,800.0,none,52.78035660278773,0.29664701507229263,1622.8041259160595,30.746365321645953,3.362250822394074e-06,0.0019152951365124609,780.5742985487104,14.789106190076073,0.302794980636151,True,True,,2,38667,204000,35736312.10162147,220.72977137565613,a083,,,2026-08-23T21:33:31,harminv_tarama_rd0.180_dx+0.080_dy-0.100_s2_na1.3300_res20_nk6_simoto.json
harminv_tarama_rd0.180_dx+0.080_dy-0.100_s3_na1.3300_res20_nk6_simoto.json,legacy-campaign,harminv,sweep,harminv_tarama_rd0.180_dx+0.080_dy-0.100_s3_na1.3300_res20_nk6_simoto,0.18,0.08,-0.1,3,1.33,0.0,20,6,25,481.4,0.3105806451612903,0.06,1.0,1.5,1.0,pml,,,800.0,none,53.171734087627776,0.2965713689883777,1623.218052511554,30.52783740015828,4.0161360736198065e-06,0.0003012225013594491,780.5742985487104,14.680249044770909,0.30172399179377196,True,True,,2,38667,204000,36137374.38018011,218.2800531387329,a085,,,2026-08-23T21:33:25,harminv_tarama_rd0.180_dx+0.080_dy-0.100_s3_na1.3300_res20_nk6_simoto.json
harminv_tarama_rd0.180_dx+0.080_dy-0.150_s1_na1.3300_res20_nk6_simoto.json,legacy-campaign,harminv,sweep,harminv_tarama_rd0.180_dx+0.080_dy-0.150_s1_na1.3300_res20_nk6_simoto,0.18,0.08,-0.15,1,1.33,0.0,20,6,25,481.4,0.3105806451612903,0.06,1.0,1.5,1.0,pml,,,800.0,none,52.76099807652995,0.29757324735433527,1617.7529542055004,30.661909614729918,2.325101936391595e-06,0.013559411166309937,780.5742985487104,14.79453245779175,0.31590847426570473,True,True,,2,38667,204000,35899569.200323634,219.72597932815552,a076,,,2026-08-23T21:31:51,harminv_tarama_rd0.180_dx+0.080_dy-0.150_s1_na1.3300_res20_nk6_simoto.json
harminv_tarama_rd0.180_dx+0.080_dy-0.150_s2_na1.3300_res20_nk6_simoto.json,legacy-campaign,harminv,sweep,harminv_tarama_rd0.180_dx+0.080_dy-0.150_s2_na1.3300_res20_nk6_simoto,0.18,0.08,-0.15,2,1.33,0.0,20,6,25,481.4,0.3105806451612903,0.06,1.0,1.5,1.0,pml,,,800.0,none,52.81043634193328,0.2967042886104333,1622.4908721561096,30.722921159956346,3.285694616286633e-06,0.002207696570814842,780.5742985487104,14.780682619145638,0.3036058530189331,True,True,,2,38667,204000,36044037.37865324,218.84529519081116,a046,,,2026-08-23T21:33:04,harminv_tarama_rd0.180_dx+0.080_dy-0.150_s2_na1.3300_res20_nk6_simoto.json
harminv_tarama_rd0.180_dx+0.080_dy-0.150_s3_na1.3300_res20_nk6_simoto.json,legacy-campaign,harminv,sweep,harminv_tarama_rd0.180_dx+0.080_dy-0.150_s3_na1.3300_res20_nk6_simoto,0.18,0.08,-0.15,3,1.33,0.0,20,6,25,481.4,0.3105806451612903,0.06,1.0,1.5,1.0,pml,,,800.0,none,53.3724124442668,0.29655116268467263,1623.328654799037,30.41512610085162,1.3285193053341574e-06,0.0003420493403754497,780.5742985487104,14.625051834855908,0.3014379131933489,True,True,,2,38667,204000,36090159.465185106,218.5656177997589,a083,,,2026-08-23T21:33:20,harminv_tarama_rd0.180_dx+0.080_dy-0.150_s3_na1.3300_res20_nk6_simoto.json
harminv_tarama_rd0.190_dx+0.000_dy+0.000_s1_na1.3300_res20_nk6_simoto.json,legacy-campaign,harminv,sweep,harminv_tarama_rd0.190_dx+0.000_dy+0.000_s1_na1.3300_res20_nk6_simoto,0.19,0.0,0.0,1,1.33,0.0,20,6,25,481.4,0.3105806451612903,0.06,1.0,1.5,1.0,pml,,,800.0,even,53.112011720156445,0.2966030519780169,1623.0446611711857,30.558900117037496,1.076865510021554e-06,0.015815389501160293,780.5742985487104,14.696756407222965,0.3021725560371628,True,True,,2,38667,204000,35472583.16704691,111.18541836738586,a076,,,2026-08-23T21:40:47,harminv_tarama_rd0.190_dx+0.000_dy+0.000_s1_na1.3300_res20_nk6_simoto.json
harminv_tarama_rd0.190_dx+0.000_dy+0.000_s2_na1.3300_res20_nk6_simoto.json,legacy-campaign,harminv,sweep,harminv_tarama_rd0.190_dx+0.000_dy+0.000_s2_na1.3300_res20_nk6_simoto,0.19,0.0,0.0,2,1.33,0.0,20,6,25,481.4,0.3105806451612903,0.06,1.0,1.5,1.0,pml,,,800.0,even,53.10451343561348,0.29652706205093327,1623.460593007568,30.571047317398573,2.120622414392731e-07,0.0024715551544140096,780.5742985487104,14.698831569092844,0.3010966991014448,True,True,,2,38667,204000,35144883.15235427,112.22214007377625,a046,,,2026-08-23T21:40:58,harminv_tarama_rd0.190_dx+0.000_dy+0.000_s2_na1.3300_res20_nk6_simoto.json
harminv_tarama_rd0.190_dx+0.000_dy+0.000_s3_na1.3300_res20_nk6_simoto.json,legacy-campaign,harminv,sweep,harminv_tarama_rd0.190_dx+0.000_dy+0.000_s3_na1.3300_res20_nk6_simoto,0.19,0.0,0.0,3,1.33,0.0,20,6,25,481.4,0.3105806451612903,0.06,1.0,1.5,1.0,pml,,,800.0,even,52.568679799850756,0.29646318455337206,1623.8103922591233,30.88931277029585,9.675732377594188e-06,0.0004126892783495184,780.5742985487104,14.848657061974125,0.300192328595708,True,True,,3,38667,204000,35232297.08282894,111.94370865821838,a083,,,2026-08-23T21:40:57,harminv_tarama_rd0.190_dx+0.000_dy+0.000_s3_na1.3300_res20_nk6_simoto.json
harminv_tarama_rd0.190_dx+0.000_dy+0.050_s1_na1.3300_res20_nk6_simoto.json,legacy-campaign,harminv,sweep,harminv_tarama_rd0.190_dx+0.000_dy+0.050_s1_na1.3300_res20_nk6_simoto,0.19,0.0,0.05,1,1.33,0.0,20,6,25,481.4,0.3105806451612903,0.06,1.0,1.5,1.0,pml,,,800.0,even,52.809489466049115,0.296374122892049,1624.2983540615812,30.757698483448365,3.6822853447906473e-06,0.014769615585323135,780.5742985487104,14.780947637271455,0.2989314035005238,True,True,,2,38667,204000,35270049.19913832,111.82388710975647,a046,,,2026-08-23T21:42:34,harminv_tarama_rd0.190_dx+0.000_dy+0.050_s1_na1.3300_res20_nk6_simoto.json
harminv_tarama_rd0.190_dx+0.000_dy+0.050_s2_na1.3300_res20_nk6_simoto.json,legacy-campaign,harminv,sweep,harminv_tarama_rd0.190_dx+0.000_dy+0.050_s2_na1.3300_res20_nk6_simoto,0.19,0.0,0.05,2,1.33,0.0,20,6,25,481.4,0.3105806451612903,0.06,1.0,1.5,1.0,pml,,,800.0,even,53.101184409497534,0.2964939970470404,1623.641641296445,30.576373377578463,5.523284795301127e-08,0.0022931116528047543,780.5742985487104,14.69975307008593,0.30062856845396374,True,True,,2,38667,204000,35339575.25538408,111.60388803482056,a083,,,2026-08-23T21:41:25,harminv_tarama_rd0.190_dx+0.000_dy+0.050_s2_na1.3300_res20_nk6_simoto.json
harminv_tarama_rd0.190_dx+0.000_dy+0.050_s3_na1.3300_res20_nk6_simoto.json,legacy-campaign,harminv,sweep,harminv_tarama_rd0.190_dx+0.000_dy+0.050_s3_na1.3300_res20_nk6_simoto,0.19,0.0,0.05,3,1.33,0.0,20,6,25,481.4,0.3105806451612903,0.06,1.0,1.5,1.0,pml,,,800.0,even,53.46231453216192,0.29653137835540283,1623.436961949524,30.36600596431146,4.325593381362089e-06,0.00037382455069341657,780.5742985487104,14.600458386049329,0.30115780886004667,True,True,,2,38667,204000,35384735.74748559,111.46145129203796,a085,,,2026-08-23T21:41:10,harminv_tarama_rd0.190_dx+0.000_dy+0.050_s3_na1.3300_res20_nk6_simoto.json
harminv_tarama_rd0.190_dx+0.000_dy+0.100_s1_na1.3300_res20_nk6_simoto.json,legacy-campaign,harminv,sweep,harminv_tarama_rd0.190_dx+0.000_dy+0.100_s1_na1.3300_res20_nk6_simoto,0.19,0.0,0.1,1,1.33,0.0,20,6,25,481.4,0.3105806451612903,0.06,1.0,1.5,1.0,pml,,,800.0,even,52.968897435547554,0.29619083951029457,1625.30347257167,30.684109944884845,3.0787557259705374e-06,0.013756576317343101,780.5742985487104,14.73646491317875,0.29633649776722387,True,True,,2,38667,204000,35252735.0311575,111.87880873680115,a083,,,2026-08-23T21:43:00,harminv_tarama_rd0.190_dx+0.000_dy+0.100_s1_na1.3300_res20_nk6_simoto.json
harminv_tarama_rd0.190_dx+0.000_dy+0.100_s2_na1.3300_res20_nk6_simoto.json,legacy-campaign,harminv,sweep,harminv_tarama_rd0.190_dx+0.000_dy+0.100_s2_na1.3300_res20_nk6_simoto,0.19,0.0,0.1,2,1.33,0.0,20,6,25,481.4,0.3105806451612903,0.06,1.0,1.5,1.0,pml,,,800.0,even,53.03458430745429,0.2964609533456214,1623.8226132895556,30.61818310625127,2.4956926628965257e-07,0.0021697766606434943,780.5742985487104,14.718212817951636,0.30016073940453875,True,True,,2,38667,204000,35409003.43480535,111.38506078720093,a085,,,2026-08-23T21:42:26,harminv_tarama_rd0.190_dx+0.000_dy+0.100_s2_na1.3300_res20_nk6_simoto.json
harminv_tarama_rd0.190_dx+0.000_dy+0.100_s3_na1.3300_res20_nk6_simoto.json,legacy-campaign,harminv,sweep,harminv_tarama_rd0.190_dx+0.000_dy+0.100_s3_na1.3300_res20_nk6_simoto,0.19,0.0,0.1,3,1.33,0.0,20,6,25,481.4,0.3105806451612903,0.06,1.0,1.5,1.0,pml,,,800.0,even,52.05880521566071,0.29650171828056077,1623.5993598677283,31.187795285384407,9.512122207298754e-06,0.00037492187528297393,780.5742985487104,14.994087845755868,0.300737884819356,True,True,,2,38667,204000,35433836.17176792,111.3069999217987,a076,,,2026-08-23T21:42:26,harminv_tarama_rd0.190_dx+0.000_dy+0.100_s3_na1.3300_res20_nk6_simoto.json
harminv_tarama_rd0.190_dx+0.000_dy+0.150_s1_na1.3300_res20_nk6_simoto.json,legacy-campaign,harminv,sweep,harminv_tarama_rd0.190_dx+0.000_dy+0.150_s1_na1.3300_res20_nk6_simoto,0.19,0.0,0.15,1,1.33,0.0,20,6,25,481.4,0.3105806451612903,0.06,1.0,1.5,1.0,pml,,,800.0,even,53.319127070261146,0.29600613482477545,1626.3176446831778,30.501580465488527,3.472286878496208e-06,0.012965937171473329,780.5742985487104,14.639667628468684,0.2937214693733072,True,True,,2,38667,204000,35400726.77065308,111.41110253334045,a085,,,2026-08-23T21:43:55,harminv_tarama_rd0.190_dx+0.000_dy+0.150_s1_na1.3300_res20_nk6_simoto.json
harminv_tarama_rd0.190_dx+0.000_dy+0.150_s2_na1.3300_res20_nk6_simoto.json,legacy-campaign,harminv,sweep,harminv_tarama_rd0.190_dx+0.000_dy+0.150_s2_na1.3300_res20_nk6_simoto,0.19,0.0,0.15,2,1.33,0.0,20,6,25,481.4,0.3105806451612903,0.06,1.0,1.5,1.0,pml,,,800.0,even,53.10146813662939,0.2964295574349782,1623.9945981284106,30.582856842110157,6.727469613831444e-07,0.002081186167774771,780.5742985487104,14.699674527647764,0.2997162395936426,True,True,,2,38667,204000,35321427.038694195,111.66123032569885,a076,,,2026-08-23T21:42:55,harminv_tarama_rd0.190_dx+0.000_dy+0.150_s2_na1.3300_res20_nk6_simoto.json
harminv_tarama_rd0.190_dx+0.000_dy+0.150_s3_na1.3300_res20_nk6_simoto.json,legacy-campaign,harminv,sweep,harminv_tarama_rd0.190_dx+0.000_dy+0.150_s3_na1.3300_res20_nk6_simoto,0.19,0.0,0.15,3,1.33,0.0,20,6,25,481.4,0.3105806451612903,0.06,1.0,1.5,1.0,pml,,,800.0,even,53.238235239207995,0.29647006800183373,1623.7726905942573,30.50012238945157,1.2742482870132062e-06,0.00034621393320557824,780.5742985487104,14.661911594955466,0.3002897836934211,True,True,,2,38667,204000,35191578.366874285,112.07323408126831,a046,,,2026-08-23T21:43:19,harminv_tarama_rd0.190_dx+0.000_dy+0.150_s3_na1.3300_res20_nk6_simoto.json
harminv_tarama_rd0.190_dx+0.000_dy-0.050_s1_na1.3300_res20_nk6_simoto.json,legacy-campaign,harminv,sweep,harminv_tarama_rd0.190_dx+0.000_dy-0.050_s1_na1.3300_res20_nk6_simoto,0.19,0.0,-0.05,1,1.33,0.0,20,6,25,481.4,0.3105806451612903,0.06,1.0,1.5,1.0,pml,,,800.0,even,52.664595807423765,0.29683070912940224,1621.7998515447923,30.79487892540093,2.9704227448260146e-06,0.01776032815161714,780.5742985487104,14.821613772618726,0.30539570066545224,True,True,,2,38667,204000,35409033.29711822,111.38496685028076,a085,,,2026-08-23T21:40:16,harminv_tarama_rd0.190_dx+0.000_dy-0.050_s1_na1.3300_res20_nk6_simoto.json
harminv_tarama_rd0.190_dx+0.000_dy-0.050_s2_na1.3300_res20_nk6_simoto.json,legacy-campaign,harminv,sweep,harminv_tarama_rd0.190_dx+0.000_dy-0.050_s2_na1.3300_res20_nk6_simoto,0.19,0.0,-0.05,2,1.33,0.0,20,6,25,481.4,0.3105806451612903,0.06,1.0,1.5,1.0,pml,,,800.0,even,53.03923617236146,0.29655658170057564,1623.2989915093344,30.605625356935835,9.547104849270425e-07,0.0027260304445722045,780.5742985487104,14.71692194080775,0.30151463501777703,True,True,,2,38667,204000,35348447.922788195,111.57587480545044,a076,,,2026-08-23T21:39:12,harminv_tarama_rd0.190_dx+0.000_dy-0.050_s2_na1.3300_res20_nk6_simoto.json
harminv_tarama_rd0.190_dx+0.000_dy-0.050_s3_na1.3300_res20_nk6_simoto.json,legacy-campaign,harminv,sweep,harminv_tarama_rd0.190_dx+0.000_dy-0.050_s3_na1.3300_res20_nk6_simoto,0.19,0.0,-0.05,3,1.33,0.0,20,6,25,481.4,0.3105806451612903,0.06,1.0,1.5,1.0,pml,,,800.0,even,53.13508880263342,0.29652683427901744,1623.4618400405066,30.553479379148914,3.2247312159756496e-07,0.0004394755902381716,780.5742985487104,14.690373463910058,0.30109347433199435,True,True,,2,38667,204000,35248482.71208682,111.89230561256409,a046,,,2026-08-23T21:39:37,harminv_tarama_rd0.190_dx+0.000_dy-0.050_s3_na1.3300_res20_nk6_simoto.json
harminv_tarama_rd0.190_dx+0.000_dy-0.100_s1_na1.3300_res20_nk6_simoto.json,legacy-campaign,harminv,sweep,harminv_tarama_rd0.190_dx+0.000_dy-0.100_s1_na1.3300_res20_nk6_simoto,0.19,0.0,-0.1,1,1.33,0.0,20,6,25,481.4,0.3105806451612903,0.06,1.0,1.5,1.0,pml,,,800.0,even,52.27045790692331,0.2971276588482512,1620.17902293593,30.996074796607715,4.5184141030306565e-06,0.02015334384414822,780.5742985487104,14.933374028187384,0.3095998817568693,True,True,,2,38667,204000,35228191.18079156,111.95675587654114,a083,,,2026-08-23T21:39:18,harminv_tarama_rd0.190_dx+0.000_dy-0.100_s1_na1.3300_res20_nk6_simoto.json
harminv_tarama_rd0.190_dx+0.000_dy-0.100_s2_na1.3300_res20_nk6_simoto.json,legacy-campaign,harminv,sweep,harminv_tarama_rd0.190_dx+0.000_dy-0.100_s2_na1.3300_res20_nk6_simoto,0.19,0.0,-0.1,2,1.33,0.0,20,6,25,481.4,0.3105806451612903,0.06,1.0,1.5,1.0,pml,,,800.0,even,53.12470111675938,0.2966021087298558,1623.0498227457224,30.551697960211108,6.500789151058058e-07,0.003055580992772926,780.5742985487104,14.693245931551429,0.30215920163461046,True,True,,2,38667,204000,35514732.373250686,111.05346250534058,a085,,,2026-08-23T21:38:43,harminv_tarama_rd0.190_dx+0.000_dy-0.100_s2_na1.3300_res20_nk6_simoto.json
harminv_tarama_rd0.190_dx+0.000_dy-0.100_s3_na1.3300_res20_nk6_simoto.json,legacy-campaign,harminv,sweep,harminv_tarama_rd0.190_dx+0.000_dy-0.100_s3_na1.3300_res20_nk6_simoto,0.19,0.0,-0.1,3,1.33,0.0,20,6,25,481.4,0.3105806451612903,0.06,1.0,1.5,1.0,pml,,,800.0,even,53.15168089889392,0.29651564797644553,1623.5230865058468,30.545093947153646,1.2218531442164885e-06,0.0004883919195215991,780.5742985487104,14.68578764298222,0.3009350999043708,True,True,,2,38667,204000,35494519.88510192,111.11670231819153,a076,,,2026-08-23T21:38:47,harminv_tarama_rd0.190_dx+0.000_dy-0.100_s3_na1.3300_res20_nk6_simoto.json
harminv_tarama_rd0.190_dx+0.000_dy-0.150_s1_na1.3300_res20_nk6_simoto.json,legacy-campaign,harminv,sweep,harminv_tarama_rd0.190_dx+0.000_dy-0.150_s1_na1.3300_res20_nk6_simoto,0.19,0.0,-0.15,1,1.33,0.0,20,6,25,481.4,0.3105806451612903,0.06,1.0,1.5,1.0,pml,,,800.0,even,52.62134121325557,0.29744235082452397,1618.4648845920458,30.756815529140233,2.738731884532716e-06,0.022440417714571895,780.5742985487104,14.833797097366269,0.31405525575552096,True,True,,2,38667,204000,35242680.526518375,111.91072702407837,a046,,,2026-08-23T21:38:58,harminv_tarama_rd0.190_dx+0.000_dy-0.150_s1_na1.3300_res20_nk6_simoto.json
harminv_tarama_rd0.190_dx+0.000_dy-0.150_s2_na1.3300_res20_nk6_simoto.json,legacy-campaign,harminv,sweep,harminv_tarama_rd0.190_dx+0.000_dy-0.150_s2_na1.3300_res20_nk6_simoto,0.19,0.0,-0.15,2,1.33,0.0,20,6,25,481.4,0.3105806451612903,0.06,1.0,1.5,1.0,pml,,,800.0,even,53.16025308868206,0.29666159929481745,1622.7243470146352,30.525143368064906,1.130217633385199e-06,0.0035141042605239185,780.5742985487104,14.68341953238173,0.3030014624365363,True,True,,2,38667,204000,35263062.348280296,111.84604334831238,a083,,,2026-08-23T21:38:40,harminv_tarama_rd0.190_dx+0.000_dy-0.150_s2_na1.3300_res20_nk6_simoto.json
harminv_tarama_rd0.190_dx+0.000_dy-0.150_s3_na1.3300_res20_nk6_simoto.json,legacy-campaign,harminv,sweep,harminv_tarama_rd0.190_dx+0.000_dy-0.150_s3_na1.3300_res20_nk6_simoto,0.19,0.0,-0.15,3,1.33,0.0,20,6,25,481.4,0.3105806451612903,0.06,1.0,1.5,1.0,pml,,,800.0,even,57.888218938486304,0.28940206676846875,1663.4297238282543,28.73520302284413,0.00010461500980957778,0.0011915733019019954,780.5742985487104,13.48416504881885,0.20022180836545383,True,True,,3,38667,204000,35390595.102859214,111.44299745559692,a085,,,2026-08-23T21:38:15,harminv_tarama_rd0.190_dx+0.000_dy-0.150_s3_na1.3300_res20_nk6_simoto.json
harminv_tarama_rd0.190_dx+0.040_dy+0.000_s1_na1.3300_res20_nk6_simoto.json,legacy-campaign,harminv,sweep,harminv_tarama_rd0.190_dx+0.040_dy+0.000_s1_na1.3300_res20_nk6_simoto,0.19,0.04,0.0,1,1.33,0.0,20,6,25,481.4,0.3105806451612903,0.06,1.0,1.5,1.0,pml,,,800.0,none,53.03180303117004,0.2966014600253454,1623.0533725587968,30.6052836183003,1.4807098441591998e-06,0.008074337333845575,780.5742985487104,14.718984721110068,0.3021500173483034,True,True,,3,38667,204000,36553225.01776864,215.79677295684814,a085,,,2026-08-23T21:40:47,harminv_tarama_rd0.190_dx+0.040_dy+0.000_s1_na1.3300_res20_nk6_simoto.json
harminv_tarama_rd0.190_dx+0.040_dy+0.000_s2_na1.3300_res20_nk6_simoto.json,legacy-campaign,harminv,sweep,harminv_tarama_rd0.190_dx+0.040_dy+0.000_s2_na1.3300_res20_nk6_simoto,0.19,0.04,0.0,2,1.33,0.0,20,6,25,481.4,0.3105806451612903,0.06,1.0,1.5,1.0,pml,,,800.0,none,52.81347411392778,0.2965227201001764,1623.4843651689328,30.739965366921265,3.1044588516952307e-06,0.0012796485412881321,780.5742985487104,14.779832450803688,0.3010352262455597,True,True,,2,38667,204000,36474531.07615848,216.2623553276062,a076,,,2026-08-23T21:41:10,harminv_tarama_rd0.190_dx+0.040_dy+0.000_s2_na1.3300_res20_nk6_simoto.json
harminv_tarama_rd0.190_dx+0.040_dy+0.000_s3_na1.3300_res20_nk6_simoto.json,legacy-campaign,harminv,sweep,harminv_tarama_rd0.190_dx+0.040_dy+0.000_s3_na1.3300_res20_nk6_simoto,0.19,0.04,0.0,3,1.33,0.0,20,6,25,481.4,0.3105806451612903,0.06,1.0,1.5,1.0,pml,,,800.0,none,53.04458226866321,0.2965179490531984,1623.5104874330284,30.60652790534159,9.61617213379341e-08,0.00020751721967545648,780.5742985487104,14.715438696363247,0.300967678293102,True,True,,2,38667,204000,35940251.168969795,219.4772641658783,a046,,,2026-08-23T21:41:36,harminv_tarama_rd0.190_dx+0.040_dy+0.000_s3_na1.3300_res20_nk6_simoto.json
harminv_tarama_rd0.190_dx+0.040_dy+0.050_s1_na1.3300_res20_nk6_simoto.json,legacy-campaign,harminv,sweep,harminv_tarama_rd0.190_dx+0.040_dy+0.050_s1_na1.3300_res20_nk6_simoto,0.19,0.04,0.05,1,1.33,0.0,20,6,25,481.4,0.3105806451612903,0.06,1.0,1.5,1.0,pml,,,800.0,none,52.66432755725382,0.2963673751321299,1624.3353364565742,30.843180038531475,4.668019555358897e-06,0.007572043247652225,780.5742985487104,14.821689267751726,0.2988358694661045,True,True,,2,38667,204000,36315728.93470277,217.2080316543579,a076,,,2026-08-23T21:42:17,harminv_tarama_rd0.190_dx+0.040_dy+0.050_s1_na1.3300_res20_nk6_simoto.json
harminv_tarama_rd0.190_dx+0.040_dy+0.050_s2_na1.3300_res20_nk6_simoto.json,legacy-campaign,harminv,sweep,harminv_tarama_rd0.190_dx+0.040_dy+0.050_s2_na1.3300_res20_nk6_simoto,0.19,0.04,0.05,2,1.33,0.0,20,6,25,481.4,0.3105806451612903,0.06,1.0,1.5,1.0,pml,,,800.0,none,52.84312135475524,0.29649063324925606,1623.660062121736,30.726043816025,2.5354872616498445e-06,0.0011882540775388832,780.5742985487104,14.771540335560973,0.3005809441790697,True,True,,2,38667,204000,36161187.33510849,218.13631081581116,a046,,,2026-08-23T21:42:58,harminv_tarama_rd0.190_dx+0.040_dy+0.050_s2_na1.3300_res20_nk6_simoto.json
harminv_tarama_rd0.190_dx+0.040_dy+0.050_s3_na1.3300_res20_nk6_simoto.json,legacy-campaign,harminv,sweep,harminv_tarama_rd0.190_dx+0.040_dy+0.050_s3_na1.3300_res20_nk6_simoto,0.19,0.04,0.05,3,1.33,0.0,20,6,25,481.4,0.3105806451612903,0.06,1.0,1.5,1.0,pml,,,800.0,none,52.266178408445256,0.29642746888645133,1624.006040359248,31.07183440250987,3.334256659014161e-05,0.0002017658730207895,780.5742985487104,14.93459675679261,0.299686670155897,True,True,,4,38667,204000,36308267.02803624,217.25267124176025,a083,,,2026-08-23T21:42:56,harminv_tarama_rd0.190_dx+0.040_dy+0.050_s3_na1.3300_res20_nk6_simoto.json
harminv_tarama_rd0.190_dx+0.040_dy+0.100_s1_na1.3300_res20_nk6_simoto.json,legacy-campaign,harminv,sweep,harminv_tarama_rd0.190_dx+0.040_dy+0.100_s1_na1.3300_res20_nk6_simoto,0.19,0.04,0.1,1,1.33,0.0,20,6,25,481.4,0.3105806451612903,0.06,1.0,1.5,1.0,pml,,,800.0,none,52.73565983697712,0.2961731799086325,1625.4003828047792,30.82165631053853,5.543736842350876e-06,0.007094299309966031,780.5742985487104,14.801640881364081,0.2960864750910706,True,True,,2,38667,204000,35969363.22015701,219.29962873458862,a046,,,2026-08-23T21:43:04,harminv_tarama_rd0.190_dx+0.040_dy+0.100_s1_na1.3300_res20_nk6_simoto.json
harminv_tarama_rd0.190_dx+0.040_dy+0.100_s2_na1.3300_res20_nk6_simoto.json,legacy-campaign,harminv,sweep,harminv_tarama_rd0.190_dx+0.040_dy+0.100_s2_na1.3300_res20_nk6_simoto,0.19,0.04,0.1,2,1.33,0.0,20,6,25,481.4,0.3105806451612903,0.06,1.0,1.5,1.0,pml,,,800.0,none,52.54137213097534,0.2964712819779889,1623.766041648988,30.904522965278822,4.835643457720579e-06,0.001141582772375276,780.5742985487104,14.856374451030547,0.3003069710328021,True,True,,2,38667,204000,36008843.94586872,219.0591847896576,a083,,,2026-08-23T21:43:24,harminv_tarama_rd0.190_dx+0.040_dy+0.100_s2_na1.3300_res20_nk6_simoto.json
harminv_tarama_rd0.190_dx+0.040_dy+0.100_s3_na1.3300_res20_nk6_simoto.json,legacy-campaign,harminv,sweep,harminv_tarama_rd0.190_dx+0.040_dy+0.100_s3_na1.3300_res20_nk6_simoto,0.19,0.04,0.1,3,1.33,0.0,20,6,25,481.4,0.3105806451612903,0.06,1.0,1.5,1.0,pml,,,800.0,none,52.610014374372916,0.29649481287850693,1623.6371737041507,30.861751189618516,2.288988645803215e-06,0.00018933301137839519,780.5742985487104,14.83699078647162,0.3006401189051268,True,True,,2,38667,204000,36133782.365299344,218.3017520904541,a085,,,2026-08-23T21:43:08,harminv_tarama_rd0.190_dx+0.040_dy+0.100_s3_na1.3300_res20_nk6_simoto.json
harminv_tarama_rd0.190_dx+0.040_dy+0.150_s1_na1.3300_res20_nk6_simoto.json,legacy-campaign,harminv,sweep,harminv_tarama_rd0.190_dx+0.040_dy+0.150_s1_na1.3300_res20_nk6_simoto,0.19,0.04,0.15,1,1.33,0.0,20,6,25,481.4,0.3105806451612903,0.06,1.0,1.5,1.0,pml,,,800.0,none,52.84573756254227,0.29600123516167676,1626.3445648700008,30.775321527970775,6.0972051784271915e-06,0.006763097313458627,780.5742985487104,14.770809048220976,0.2936521004881179,True,True,,3,38667,204000,36403579.9991161,216.68385362625122,a083,,,2026-08-23T21:44:27,harminv_tarama_rd0.190_dx+0.040_dy+0.150_s1_na1.3300_res20_nk6_simoto.json
harminv_tarama_rd0.190_dx+0.040_dy+0.150_s2_na1.3300_res20_nk6_simoto.json,legacy-campaign,harminv,sweep,harminv_tarama_rd0.190_dx+0.040_dy+0.150_s2_na1.3300_res20_nk6_simoto,0.19,0.04,0.15,2,1.33,0.0,20,6,25,481.4,0.3105806451612903,0.06,1.0,1.5,1.0,pml,,,800.0,none,52.55636259981375,0.29643290874121814,1623.9762381451906,30.899707624571143,4.682108711781114e-06,0.00109769018368439,780.5742985487104,14.852137018924452,0.299763687014641,True,True,,2,38667,204000,36661161.055914454,215.16143441200256,a085,,,2026-08-23T21:44:24,harminv_tarama_rd0.190_dx+0.040_dy+0.150_s2_na1.3300_res20_nk6_simoto.json
harminv_tarama_rd0.190_dx+0.040_dy+0.150_s3_na1.3300_res20_nk6_simoto.json,legacy-campaign,harminv,sweep,harminv_tarama_rd0.190_dx+0.040_dy+0.150_s3_na1.3300_res20_nk6_simoto,0.19,0.04,0.15,3,1.33,0.0,20,6,25,481.4,0.3105806451612903,0.06,1.0,1.5,1.0,pml,,,800.0,none,53.250556434083016,0.2965143445716921,1623.5302231174373,30.488511892399625,1.6448105656668515e-06,0.00017981720284517843,780.5742985487104,14.658519099513182,0.30091664644484245,True,True,,2,38667,204000,36531063.14119549,215.92768788337708,a076,,,2026-08-23T21:44:24,harminv_tarama_rd0.190_dx+0.040_dy+0.150_s3_na1.3300_res20_nk6_simoto.json
harminv_tarama_rd0.190_dx+0.040_dy-0.050_s1_na1.3300_res20_nk6_simoto.json,legacy-campaign,harminv,sweep,harminv_tarama_rd0.190_dx+0.040_dy-0.050_s1_na1.3300_res20_nk6_simoto,0.19,0.04,-0.05,1,1.33,0.0,20,6,25,481.4,0.3105806451612903,0.06,1.0,1.5,1.0,pml,,,800.0,none,53.12013431178727,0.29682237752774204,1621.8453743603166,30.53165048192342,2.0852028033951693e-06,0.008865368682118463,780.5742985487104,14.694509128443643,0.3052777427758244,True,True,,2,38667,204000,36092498.450199,218.55145359039307,a083,,,2026-08-23T21:40:47,harminv_tarama_rd0.190_dx+0.040_dy-0.050_s1_na1.3300_res20_nk6_simoto.json
harminv_tarama_rd0.190_dx+0.040_dy-0.050_s2_na1.3300_res20_nk6_simoto.json,legacy-campaign,harminv,sweep,harminv_tarama_rd0.190_dx+0.040_dy-0.050_s2_na1.3300_res20_nk6_simoto,0.19,0.04,-0.05,2,1.33,0.0,20,6,25,481.4,0.3105806451612903,0.06,1.0,1.5,1.0,pml,,,800.0,none,52.703580910098616,0.29655872725476634,1623.2872472049728,30.800321708195963,4.518579616888578e-06,0.0014113212811817104,780.5742985487104,14.810650150702443,0.30154501153537105,True,True,,2,38667,204000,36495202.18064076,216.1398630142212,a085,,,2026-08-23T21:40:41,harminv_tarama_rd0.190_dx+0.040_dy-0.050_s2_na1.3300_res20_nk6_simoto.json
harminv_tarama_rd0.190_dx+0.040_dy-0.050_s3_na1.3300_res20_nk6_simoto.json,legacy-campaign,harminv,sweep,harminv_tarama_rd0.190_dx+0.040_dy-0.050_s3_na1.3300_res20_nk6_simoto,0.19,0.04,-0.05,3,1.33,0.0,20,6,25,481.4,0.3105806451612903,0.06,1.0,1.5,1.0,pml,,,800.0,none,53.25810010117404,0.2965278215299282,1623.4564349349353,30.482807908109123,7.095615190284383e-07,0.00022351569438486642,780.5742985487104,14.656442814630243,0.3011074517205823,True,True,,2,38667,204000,36473313.15460157,216.2695767879486,a076,,,2026-08-23T21:40:45,harminv_tarama_rd0.190_dx+0.040_dy-0.050_s3_na1.3300_res20_nk6_simoto.json
harminv_tarama_rd0.190_dx+0.040_dy-0.100_s1_na1.3300_res20_nk6_simoto.json,legacy-campaign,harminv,sweep,harminv_tarama_rd0.190_dx+0.040_dy-0.100_s1_na1.3300_res20_nk6_simoto,0.19,0.04,-0.1,1,1.33,0.0,20,6,25,481.4,0.3105806451612903,0.06,1.0,1.5,1.0,pml,,,800.0,none,52.68898291988459,0.29714428661003106,1620.0883600760062,30.748142596326186,4.176406491693568e-06,0.010077659008531808,780.5742985487104,14.814753583981693,0.3098352957587361,True,True,,2,38667,204000,35399526.24945301,222.82976174354553,a046,,,2026-08-23T21:39:23,harminv_tarama_rd0.190_dx+0.040_dy-0.100_s1_na1.3300_res20_nk6_simoto.json
harminv_tarama_rd0.190_dx+0.040_dy-0.100_s2_na1.3300_res20_nk6_simoto.json,legacy-campaign,harminv,sweep,harminv_tarama_rd0.190_dx+0.040_dy-0.100_s2_na1.3300_res20_nk6_simoto,0.19,0.04,-0.1,2,1.33,0.0,20,6,25,481.4,0.3105806451612903,0.06,1.0,1.5,1.0,pml,,,800.0,none,52.70090133870911,0.2966099014779227,1623.0071808166915,30.796573485254296,4.662633597255095e-06,0.0015858117292184184,780.5742985487104,14.811403196540288,0.302269530494998,True,True,,3,38667,204000,36423249.53593926,216.5668385028839,a083,,,2026-08-23T21:40:39,harminv_tarama_rd0.190_dx+0.040_dy-0.100_s2_na1.3300_res20_nk6_simoto.json
harminv_tarama_rd0.190_dx+0.040_dy-0.100_s3_na1.3300_res20_nk6_simoto.json,legacy-campaign,harminv,sweep,harminv_tarama_rd0.190_dx+0.040_dy-0.100_s3_na1.3300_res20_nk6_simoto,0.19,0.04,-0.1,3,1.33,0.0,20,6,25,481.4,0.3105806451612903,0.06,1.0,1.5,1.0,pml,,,800.0,none,53.15143391738179,0.2965241082184283,1623.47676515188,30.544364384889423,4.1312673455385674e-07,0.00024870777665339115,780.5742985487104,14.685855884189872,0.3010548790693775,True,True,,2,38667,204000,36553421.33065247,215.79561400413513,a085,,,2026-08-23T21:40:13,harminv_tarama_rd0.190_dx+0.040_dy-0.100_s3_na1.3300_res20_nk6_simoto.json
harminv_tarama_rd0.190_dx+0.040_dy-0.150_s1_na1.3300_res20_nk6_simoto.json,legacy-campaign,harminv,sweep,harminv_tarama_rd0.190_dx+0.040_dy-0.150_s1_na1.3300_res20_nk6_simoto,0.19,0.04,-0.15,1,1.33,0.0,20,6,25,481.4,0.3105806451612903,0.06,1.0,1.5,1.0,pml,,,800.0,none,52.41289315525426,0.2974502992290238,1618.4216363129053,30.878311401717816,3.884769224755501e-06,0.011509272570553949,780.5742985487104,14.892791669342524,0.31416778838237286,True,True,,3,38667,204000,36248876.27199709,217.60862159729004,a076,,,2026-08-23T21:38:35,harminv_tarama_rd0.190_dx+0.040_dy-0.150_s1_na1.3300_res20_nk6_simoto.json
harminv_tarama_rd0.190_dx+0.040_dy-0.150_s2_na1.3300_res20_nk6_simoto.json,legacy-campaign,harminv,sweep,harminv_tarama_rd0.190_dx+0.040_dy-0.150_s2_na1.3300_res20_nk6_simoto,0.19,0.04,-0.15,2,1.33,0.0,20,6,25,481.4,0.3105806451612903,0.06,1.0,1.5,1.0,pml,,,800.0,none,53.00631842308842,0.29666508554261856,1622.7052776348453,30.613431113676995,3.1206005678864054e-06,0.0018040157737180614,780.5742985487104,14.726061378537636,0.3030508203451487,True,True,,3,38667,204000,35901704.88217111,219.71290850639343,a046,,,2026-08-23T21:39:17,harminv_tarama_rd0.190_dx+0.040_dy-0.150_s2_na1.3300_res20_nk6_simoto.json
harminv_tarama_rd0.190_dx+0.040_dy-0.150_s3_na1.3300_res20_nk6_simoto.json,legacy-campaign,harminv,sweep,harminv_tarama_rd0.190_dx+0.040_dy-0.150_s3_na1.3300_res20_nk6_simoto,0.19,0.04,-0.15,3,1.33,0.0,20,6,25,481.4,0.3105806451612903,0.06,1.0,1.5,1.0,pml,,,800.0,none,53.564839932901776,0.29652416093363365,1623.4764765348891,30.308621822982087,3.996120877008721e-06,0.00027936814207290335,780.5742985487104,14.57251248256319,0.3010556254053919,True,True,,2,38667,204000,36410986.16838471,216.63977909088135,a083,,,2026-08-23T21:39:17,harminv_tarama_rd0.190_dx+0.040_dy-0.150_s3_na1.3300_res20_nk6_simoto.json
harminv_tarama_rd0.190_dx+0.080_dy+0.000_s1_na1.3300_res20_nk6_simoto.json,legacy-campaign,harminv,sweep,harminv_tarama_rd0.190_dx+0.080_dy+0.000_s1_na1.3300_res20_nk6_simoto,0.19,0.08,0.0,1,1.33,0.0,20,6,25,481.4,0.3105806451612903,0.06,1.0,1.5,1.0,pml,,,800.0,none,53.27166200690586,0.29658948760678483,1623.118890303472,30.468711302700846,8.581815843516624e-07,0.0081958803352111,780.5742985487104,14.652711575762753,0.3019805131779479,True,True,,2,38667,204000,36274683.167839386,217.4538083076477,a083,,,2026-08-23T21:41:17,harminv_tarama_rd0.190_dx+0.080_dy+0.000_s1_na1.3300_res20_nk6_simoto.json
harminv_tarama_rd0.190_dx+0.080_dy+0.000_s2_na1.3300_res20_nk6_simoto.json,legacy-campaign,harminv,sweep,harminv_tarama_rd0.190_dx+0.080_dy+0.000_s2_na1.3300_res20_nk6_simoto,0.19,0.08,0.0,2,1.33,0.0,20,6,25,481.4,0.3105806451612903,0.06,1.0,1.5,1.0,pml,,,800.0,none,52.82519528013234,0.29652395279925103,1623.4776160761335,30.733016839158314,2.9769681606398654e-06,0.0013153525351763747,780.5742985487104,14.776553014320534,0.3010526786619524,True,True,,2,38667,204000,35849620.61912519,220.0321192741394,a085,,,2026-08-23T21:40:56,harminv_tarama_rd0.190_dx+0.080_dy+0.000_s2_na1.3300_res20_nk6_simoto.json
harminv_tarama_rd0.190_dx+0.080_dy+0.000_s3_na1.3300_res20_nk6_simoto.json,legacy-campaign,harminv,sweep,harminv_tarama_rd0.190_dx+0.080_dy+0.000_s3_na1.3300_res20_nk6_simoto,0.19,0.08,0.0,3,1.33,0.0,20,6,25,481.4,0.3105806451612903,0.06,1.0,1.5,1.0,pml,,,800.0,none,52.46383737533188,0.29647490600379456,1623.7461931899172,30.949817520465842,8.950062072341113e-06,0.0002176389829735848,780.5742985487104,14.878330248022058,0.3003582795870787,True,True,,3,38667,204000,36197663.95996394,217.91649341583252,a076,,,2026-08-23T21:41:21,harminv_tarama_rd0.190_dx+0.080_dy+0.000_s3_na1.3300_res20_nk6_simoto.json
harminv_tarama_rd0.190_dx+0.080_dy+0.050_s1_na1.3300_res20_nk6_simoto.json,legacy-campaign,harminv,sweep,harminv_tarama_rd0.190_dx+0.080_dy+0.050_s1_na1.3300_res20_nk6_simoto,0.19,0.08,0.05,1,1.33,0.0,20,6,25,481.4,0.3105806451612903,0.06,1.0,1.5,1.0,pml,,,800.0,none,52.87687113777592,0.2963677969740204,1624.3330244216768,30.7191592367354,3.223625522702557e-06,0.007699619699839364,780.5742985487104,14.762112087056869,0.29884184185667073,True,True,,2,38667,204000,36233130.8095945,217.7031855583191,a085,,,2026-08-23T21:42:14,harminv_tarama_rd0.190_dx+0.080_dy+0.050_s1_na1.3300_res20_nk6_simoto.json
harminv_tarama_rd0.190_dx+0.080_dy+0.050_s2_na1.3300_res20_nk6_simoto.json,legacy-campaign,harminv,sweep,harminv_tarama_rd0.190_dx+0.080_dy+0.050_s2_na1.3300_res20_nk6_simoto,0.19,0.08,0.05,2,1.33,0.0,20,6,25,481.4,0.3105806451612903,0.06,1.0,1.5,1.0,pml,,,800.0,none,52.84118481012188,0.29649180422965654,1623.6536495528803,30.727048520718725,2.557962217894118e-06,0.0012248177397531908,780.5742985487104,14.772081688811587,0.3005975227893381,True,True,,2,38667,204000,36307835.62473143,217.2552525997162,a076,,,2026-08-23T21:42:19,harminv_tarama_rd0.190_dx+0.080_dy+0.050_s2_na1.3300_res20_nk6_simoto.json
harminv_tarama_rd0.190_dx+0.080_dy+0.050_s3_na1.3300_res20_nk6_simoto.json,legacy-campaign,harminv,sweep,harminv_tarama_rd0.190_dx+0.080_dy+0.050_s3_na1.3300_res20_nk6_simoto,0.19,0.08,0.05,3,1.33,0.0,20,6,25,481.4,0.3105806451612903,0.06,1.0,1.5,1.0,pml,,,800.0,none,52.46879603219312,0.29645746860767525,1623.8417006692898,30.948712824913198,1.538999631638754e-05,0.00020535183864565934,780.5742985487104,14.876924144967532,0.300111402872285,True,True,,3,38667,204000,36015006.12049325,219.02170372009277,a046,,,2026-08-23T21:43:02,harminv_tarama_rd0.190_dx+0.080_dy+0.050_s3_na1.3300_res20_nk6_simoto.json
harminv_tarama_rd0.190_dx+0.080_dy+0.100_s1_na1.3300_res20_nk6_simoto.json,legacy-campaign,harminv,sweep,harminv_tarama_rd0.190_dx+0.080_dy+0.100_s1_na1.3300_res20_nk6_simoto,0.19,0.08,0.1,1,1.33,0.0,20,6,25,481.4,0.3105806451612903,0.06,1.0,1.5,1.0,pml,,,800.0,none,52.973341254237916,0.2961768537786111,1625.38022083198,30.682984730587446,3.5060191178727694e-06,0.0072142876642524835,780.5742985487104,14.73522870310288,0.2961384893336033,True,True,,2,38667,204000,36184845.53152688,217.9936900138855,a076,,,2026-08-23T21:42:45,harminv_tarama_rd0.190_dx+0.080_dy+0.100_s1_na1.3300_res20_nk6_simoto.json
harminv_tarama_rd0.190_dx+0.080_dy+0.100_s2_na1.3300_res20_nk6_simoto.json,legacy-campaign,harminv,sweep,harminv_tarama_rd0.190_dx+0.080_dy+0.100_s2_na1.3300_res20_nk6_simoto,0.19,0.08,0.1,2,1.33,0.0,20,6,25,481.4,0.3105806451612903,0.06,1.0,1.5,1.0,pml,,,800.0,none,52.57785916235026,0.2964732280201583,1623.75538329305,30.882873687937874,4.624679117027824e-06,0.0011776575807442976,780.5742985487104,14.846064693095396,0.30033452288138923,True,True,,2,38667,204000,35590837.79025712,221.6319842338562,a046,,,2026-08-23T21:43:13,harminv_tarama_rd0.190_dx+0.080_dy+0.100_s2_na1.3300_res20_nk6_simoto.json
harminv_tarama_rd0.190_dx+0.080_dy+0.100_s3_na1.3300_res20_nk6_simoto.json,legacy-campaign,harminv,sweep,harminv_tarama_rd0.190_dx+0.080_dy+0.100_s3_na1.3300_res20_nk6_simoto,0.19,0.08,0.1,3,1.33,0.0,20,6,25,481.4,0.3105806451612903,0.06,1.0,1.5,1.0,pml,,,800.0,none,51.907759343773826,0.2965314667878998,1623.4364778033191,31.275410426631048,3.630509236592384e-05,0.0002012557699289058,780.5742985487104,15.037718992629527,0.30115906087750327,True,True,,2,38667,204000,36213525.54307712,217.82104563713074,a083,,,2026-08-23T21:44:22,harminv_tarama_rd0.190_dx+0.080_dy+0.100_s3_na1.3300_res20_nk6_simoto.json
harminv_tarama_rd0.190_dx+0.080_dy+0.150_s1_na1.3300_res20_nk6_simoto.json,legacy-campaign,harminv,sweep,harminv_tarama_rd0.190_dx+0.080_dy+0.150_s1_na1.3300_res20_nk6_simoto,0.19,0.08,0.15,1,1.33,0.0,20,6,25,481.4,0.3105806451612903,0.06,1.0,1.5,1.0,pml,,,800.0,none,53.10031969392765,0.2960069663578777,1626.3130760847662,30.627180503976234,3.572617623304671e-06,0.006881540150835995,780.5742985487104,14.699992449159847,0.2937332421264823,True,True,,2,38667,204000,35691124.925696746,221.00922894477844,a046,,,2026-08-23T21:44:33,harminv_tarama_rd0.190_dx+0.080_dy+0.150_s1_na1.3300_res20_nk6_simoto.json
harminv_tarama_rd0.190_dx+0.080_dy+0.150_s2_na1.3300_res20_nk6_simoto.json,legacy-campaign,harminv,sweep,harminv_tarama_rd0.190_dx+0.080_dy+0.150_s2_na1.3300_res20_nk6_simoto,0.19,0.08,0.15,2,1.33,0.0,20,6,25,481.4,0.3105806451612903,0.06,1.0,1.5,1.0,pml,,,800.0,none,52.42477980855905,0.29643187716740527,1623.981889532538,30.977371683064295,5.948868491230446e-06,0.0011423731847425252,780.5742985487104,14.889414917891008,0.29974908210733453,True,True,,2,38667,204000,36135239.774015,218.29294753074646,a083,,,2026-08-23T21:44:33,harminv_tarama_rd0.190_dx+0.080_dy+0.150_s2_na1.3300_res20_nk6_simoto.json
harminv_tarama_rd0.190_dx+0.080_dy+0.150_s3_na1.3300_res20_nk6_simoto.json,legacy-campaign,harminv,sweep,harminv_tarama_rd0.190_dx+0.080_dy+0.150_s3_na1.3300_res20_nk6_simoto,0.19,0.08,0.15,3,1.33,0.0,20,6,25,481.4,0.3105806451612903,0.06,1.0,1.5,1.0,pml,,,800.0,none,53.12117064304796,0.2965085603512025,1623.5618945699275,30.56336814336386,2.9540567213359525e-07,0.00018726825814994376,780.5742985487104,14.694222455936506,0.30083475409449645,True,True,,2,38667,204000,36278588.99336514,217.43039679527283,a085,,,2026-08-23T21:44:24,harminv_tarama_rd0.190_dx+0.080_dy+0.150_s3_na1.3300_res20_nk6_simoto.json
harminv_tarama_rd0.190_dx+0.080_dy-0.050_s1_na1.3300_res20_nk6_simoto.json,legacy-campaign,harminv,sweep,harminv_tarama_rd0.190_dx+0.080_dy-0.050_s1_na1.3300_res20_nk6_simoto,0.19,0.08,-0.05,1,1.33,0.0,20,6,25,481.4,0.3105806451612903,0.06,1.0,1.5,1.0,pml,,,800.0,none,52.94864918112211,0.29682637281536073,1621.8235442962216,30.630121247256554,9.330882611368746e-07,0.009134729731052357,780.5742985487104,14.74210032967206,0.3053343076135564,True,True,,2,38667,204000,36026611.18979022,218.9511513710022,a046,,,2026-08-23T21:40:57,harminv_tarama_rd0.190_dx+0.080_dy-0.050_s1_na1.3300_res20_nk6_simoto.json
harminv_tarama_rd0.190_dx+0.080_dy-0.050_s2_na1.3300_res20_nk6_simoto.json,legacy-campaign,harminv,sweep,harminv_tarama_rd0.190_dx+0.080_dy-0.050_s2_na1.3300_res20_nk6_simoto,0.19,0.08,-0.05,2,1.33,0.0,20,6,25,481.4,0.3105806451612903,0.06,1.0,1.5,1.0,pml,,,800.0,none,52.75988824899153,0.296561066535945,1623.2744426741917,30.767207750960683,3.9268092814169955e-06,0.0014450661366205765,780.5742985487104,14.794843667312556,0.30157813081811335,True,True,,2,38667,204000,35578848.19593079,221.70667123794556,a083,,,2026-08-23T21:40:50,harminv_tarama_rd0.190_dx+0.080_dy-0.050_s2_na1.3300_res20_nk6_simoto.json
harminv_tarama_rd0.190_dx+0.080_dy-0.050_s3_na1.3300_res20_nk6_simoto.json,legacy-campaign,harminv,sweep,harminv_tarama_rd0.190_dx+0.080_dy-0.050_s3_na1.3300_res20_nk6_simoto,0.19,0.08,-0.05,3,1.33,0.0,20,6,25,481.4,0.3105806451612903,0.06,1.0,1.5,1.0,pml,,,800.0,none,53.088386686652925,0.29651540628327844,1623.524409858456,30.58153602295528,1.207069610590901e-07,0.00023057160361294023,780.5742985487104,14.703296658004422,0.30093167803939325,True,True,,3,38667,204000,36704194.09955867,214.90917301177979,a085,,,2026-08-23T21:40:47,harminv_tarama_rd0.190_dx+0.080_dy-0.050_s3_na1.3300_res20_nk6_simoto.json
harminv_tarama_rd0.190_dx+0.080_dy-0.100_s1_na1.3300_res20_nk6_simoto.json,legacy-campaign,harminv,sweep,harminv_tarama_rd0.190_dx+0.080_dy-0.100_s1_na1.3300_res20_nk6_simoto,0.19,0.08,-0.1,1,1.33,0.0,20,6,25,481.4,0.3105806451612903,0.06,1.0,1.5,1.0,pml,,,800.0,none,52.63783299602912,0.29710199308353036,1620.3189854221346,30.782402944748274,2.0433038113546416e-06,0.010326396062741454,780.5742985487104,14.829149570188333,0.30923650871461017,True,True,,2,38667,204000,35984674.782943025,219.20631623268127,a076,,,2026-08-23T21:39:09,harminv_tarama_rd0.190_dx+0.080_dy-0.100_s1_na1.3300_res20_nk6_simoto.json
harminv_tarama_rd0.190_dx+0.080_dy-0.100_s2_na1.3300_res20_nk6_simoto.json,legacy-campaign,harminv,sweep,harminv_tarama_rd0.190_dx+0.080_dy-0.100_s2_na1.3300_res20_nk6_simoto,0.19,0.08,-0.1,2,1.33,0.0,20,6,25,481.4,0.3105806451612903,0.06,1.0,1.5,1.0,pml,,,800.0,none,52.62657020081536,0.2966065216169679,1623.0256751457102,30.840422793134337,5.449550513797499e-06,0.001629345833055321,780.5742985487104,14.8323232080326,0.3022216787995224,True,True,,3,38667,204000,35854186.57319179,220.00409865379333,a046,,,2026-08-23T21:39:32,harminv_tarama_rd0.190_dx+0.080_dy-0.100_s2_na1.3300_res20_nk6_simoto.json
harminv_tarama_rd0.190_dx+0.080_dy-0.100_s3_na1.3300_res20_nk6_simoto.json,legacy-campaign,harminv,sweep,harminv_tarama_rd0.190_dx+0.080_dy-0.100_s3_na1.3300_res20_nk6_simoto,0.19,0.08,-0.1,3,1.33,0.0,20,6,25,481.4,0.3105806451612903,0.06,1.0,1.5,1.0,pml,,,800.0,none,53.05059010827936,0.2965193379077685,1623.502883139912,30.60291845625558,5.997958004160124e-07,0.0002549184469315188,780.5742985487104,14.713772211685349,0.30098734154163137,True,True,,2,38667,204000,36261120.56250593,217.53514170646667,a083,,,2026-08-23T21:40:42,harminv_tarama_rd0.190_dx+0.080_dy-0.100_s3_na1.3300_res20_nk6_simoto.json
harminv_tarama_rd0.190_dx+0.080_dy-0.150_s1_na1.3300_res20_nk6_simoto.json,legacy-campaign,harminv,sweep,harminv_tarama_rd0.190_dx+0.080_dy-0.150_s1_na1.3300_res20_nk6_simoto,0.19,0.08,-0.15,1,1.33,0.0,20,6,25,481.4,0.3105806451612903,0.06,1.0,1.5,1.0,pml,,,800.0,none,52.80451133252383,0.29745851657739114,1618.3769271059077,30.648459502154363,4.45825216705345e-06,0.011585757019365667,780.5742985487104,14.782341107812355,0.3142841286865886,True,True,,2,38667,204000,36091207.04762775,218.5592737197876,a085,,,2026-08-23T21:38:41,harminv_tarama_rd0.190_dx+0.080_dy-0.150_s1_na1.3300_res20_nk6_simoto.json
harminv_tarama_rd0.190_dx+0.080_dy-0.150_s2_na1.3300_res20_nk6_simoto.json,legacy-campaign,harminv,sweep,harminv_tarama_rd0.190_dx+0.080_dy-0.150_s2_na1.3300_res20_nk6_simoto,0.19,0.08,-0.15,2,1.33,0.0,20,6,25,481.4,0.3105806451612903,0.06,1.0,1.5,1.0,pml,,,800.0,none,53.0666679136076,0.2966719705192617,1622.6676189105794,30.57790667302266,2.1267545934486814e-06,0.0018419378822219546,780.5742985487104,14.709314325510006,0.30314829707868507,True,True,,2,38667,204000,36318381.943968505,217.1921648979187,a076,,,2026-08-23T21:38:42,harminv_tarama_rd0.190_dx+0.080_dy-0.150_s2_na1.3300_res20_nk6_simoto.json
harminv_tarama_rd0.190_dx+0.080_dy-0.150_s3_na1.3300_res20_nk6_simoto.json,legacy-campaign,harminv,sweep,harminv_tarama_rd0.190_dx+0.080_dy-0.150_s3_na1.3300_res20_nk6_simoto,0.19,0.08,-0.15,3,1.33,0.0,20,6,25,481.4,0.3105806451612903,0.06,1.0,1.5,1.0,pml,,,800.0,none,53.176772645593296,0.29653677372526327,1623.4074241530989,30.52850602597879,1.870764916142955e-07,0.0002879217138844921,780.5742985487104,14.678858074953066,0.30123419590643413,True,True,,2,38667,204000,36183594.5637707,218.00122666358948,a046,,,2026-08-23T21:39:17,harminv_tarama_rd0.190_dx+0.080_dy-0.150_s3_na1.3300_res20_nk6_simoto.json
harminv_tarama_rd0.200_dx+0.000_dy+0.000_s1_na1.3300_res20_nk6_simoto.json,legacy-campaign,harminv,sweep,harminv_tarama_rd0.200_dx+0.000_dy+0.000_s1_na1.3300_res20_nk6_simoto,0.2,0.0,0.0,1,1.33,0.0,20,6,25,481.4,0.3105806451612903,0.06,1.0,1.5,1.0,pml,,,800.0,even,52.95713656068931,0.2965051916378434,1623.5803405020656,30.658386120281058,1.5188504997685514e-06,0.013788435012531937,780.5742985487104,14.739737630152378,0.3007870602254414,True,True,,2,38667,204000,35613124.68971088,110.74664282798767,a085,,,2026-08-23T21:46:53,harminv_tarama_rd0.200_dx+0.000_dy+0.000_s1_na1.3300_res20_nk6_simoto.json
harminv_tarama_rd0.200_dx+0.000_dy+0.000_s2_na1.3300_res20_nk6_simoto.json,legacy-campaign,harminv,sweep,harminv_tarama_rd0.200_dx+0.000_dy+0.000_s2_na1.3300_res20_nk6_simoto,0.2,0.0,0.0,2,1.33,0.0,20,6,25,481.4,0.3105806451612903,0.06,1.0,1.5,1.0,pml,,,800.0,even,53.12968336113834,0.2965140741245313,1623.5317039211416,30.55790287484891,8.229554547166688e-08,0.0021442893041299454,780.5742985487104,14.691868070112776,0.30091281748401966,True,True,,2,38667,204000,35420468.73163179,111.34900641441345,a076,,,2026-08-23T21:46:30,harminv_tarama_rd0.200_dx+0.000_dy+0.000_s2_na1.3300_res20_nk6_simoto.json
harminv_tarama_rd0.200_dx+0.000_dy+0.000_s3_na1.3300_res20_nk6_simoto.json,legacy-campaign,harminv,sweep,harminv_tarama_rd0.200_dx+0.000_dy+0.000_s3_na1.3300_res20_nk6_simoto,0.2,0.0,0.0,3,1.33,0.0,20,6,25,481.4,0.3105806451612903,0.06,1.0,1.5,1.0,pml,,,800.0,even,53.30215679824515,0.2965194517676759,1623.502259734308,30.458472175515382,1.775228604724971e-06,0.0003504513841129795,780.5742985487104,14.64432858698898,0.30098895355753624,True,True,,3,38667,204000,35174890.26415767,112.12640523910522,a046,,,2026-08-23T21:47:02,harminv_tarama_rd0.200_dx+0.000_dy+0.000_s3_na1.3300_res20_nk6_simoto.json
harminv_tarama_rd0.200_dx+0.000_dy+0.050_s1_na1.3300_res20_nk6_simoto.json,legacy-campaign,harminv,sweep,harminv_tarama_rd0.200_dx+0.000_dy+0.050_s1_na1.3300_res20_nk6_simoto,0.2,0.0,0.05,1,1.33,0.0,20,6,25,481.4,0.3105806451612903,0.06,1.0,1.5,1.0,pml,,,800.0,even,52.917832565306334,0.2962944342281759,1624.7352106157841,30.70298105295006,2.798455293590999e-06,0.012717127698200555,780.5742985487104,14.750685368403879,0.2978031802607303,True,True,,2,38667,204000,35391876.832875416,111.43896150588989,a076,,,2026-08-23T21:48:07,harminv_tarama_rd0.200_dx+0.000_dy+0.050_s1_na1.3300_res20_nk6_simoto.json
harminv_tarama_rd0.200_dx+0.000_dy+0.050_s2_na1.3300_res20_nk6_simoto.json,legacy-campaign,harminv,sweep,harminv_tarama_rd0.200_dx+0.000_dy+0.050_s2_na1.3300_res20_nk6_simoto,0.2,0.0,0.05,2,1.33,0.0,20,6,25,481.4,0.3105806451612903,0.06,1.0,1.5,1.0,pml,,,800.0,even,53.08231644114203,0.29648304366694667,1623.7016257185326,30.588371694722518,1.0325837392494181e-07,0.0019929076969769804,780.5742985487104,14.704978058261938,0.3004734917168798,True,True,,2,38667,204000,35215465.9203003,111.99721193313599,a046,,,2026-08-23T21:48:21,harminv_tarama_rd0.200_dx+0.000_dy+0.050_s2_na1.3300_res20_nk6_simoto.json
harminv_tarama_rd0.200_dx+0.000_dy+0.050_s3_na1.3300_res20_nk6_simoto.json,legacy-campaign,harminv,sweep,harminv_tarama_rd0.200_dx+0.000_dy+0.050_s3_na1.3300_res20_nk6_simoto,0.2,0.0,0.05,3,1.33,0.0,20,6,25,481.4,0.3105806451612903,0.06,1.0,1.5,1.0,pml,,,800.0,even,52.97556787506141,0.2964883682848794,1623.6724657523466,30.649458436795747,1.9787498258355074e-06,0.0003317968852278146,780.5742985487104,14.734609365389566,0.3005488770653441,True,True,,2,38667,204000,35397313.178277396,111.42184662818909,a083,,,2026-08-23T21:48:18,harminv_tarama_rd0.200_dx+0.000_dy+0.050_s3_na1.3300_res20_nk6_simoto.json
harminv_tarama_rd0.200_dx+0.000_dy+0.100_s1_na1.3300_res20_nk6_simoto.json,legacy-campaign,harminv,sweep,harminv_tarama_rd0.200_dx+0.000_dy+0.100_s1_na1.3300_res20_nk6_simoto,0.2,0.0,0.1,1,1.33,0.0,20,6,25,481.4,0.3105806451612903,0.06,1.0,1.5,1.0,pml,,,800.0,even,52.9775055830679,0.2960788923272286,1625.9179984635753,30.690723932144394,5.532404603170323e-06,0.011886278836070697,780.5742985487104,14.734070431549144,0.29475156200063146,True,True,,2,38667,204000,36129612.810664035,109.1634726524353,a046,,,2026-08-23T21:49:04,harminv_tarama_rd0.200_dx+0.000_dy+0.100_s1_na1.3300_res20_nk6_simoto.json
harminv_tarama_rd0.200_dx+0.000_dy+0.100_s2_na1.3300_res20_nk6_simoto.json,legacy-campaign,harminv,sweep,harminv_tarama_rd0.200_dx+0.000_dy+0.100_s2_na1.3300_res20_nk6_simoto,0.2,0.0,0.1,2,1.33,0.0,20,6,25,481.4,0.3105806451612903,0.06,1.0,1.5,1.0,pml,,,800.0,even,53.06607194577209,0.29644616833930276,1623.9036000931035,30.60154144728408,3.312359750244221e-08,0.001880814291164265,780.5742985487104,14.709479521046418,0.29995141492953264,True,True,,2,38667,204000,35552207.54854348,110.93640232086182,a083,,,2026-08-23T21:48:46,harminv_tarama_rd0.200_dx+0.000_dy+0.100_s2_na1.3300_res20_nk6_simoto.json
harminv_tarama_rd0.200_dx+0.000_dy+0.100_s3_na1.3300_res20_nk6_simoto.json,legacy-campaign,harminv,sweep,harminv_tarama_rd0.200_dx+0.000_dy+0.100_s3_na1.3300_res20_nk6_simoto,0.2,0.0,0.1,3,1.33,0.0,20,6,25,481.4,0.3105806451612903,0.06,1.0,1.5,1.0,pml,,,800.0,even,52.90366210270421,0.29646823281049556,1623.7827420373703,30.693201141445545,6.094276773129741e-06,0.0003173385335464625,780.5742985487104,14.75463639990266,0.3002638012585732,True,True,,2,38667,204000,35595294.74588143,110.80211663246155,a085,,,2026-08-23T21:48:14,harminv_tarama_rd0.200_dx+0.000_dy+0.100_s3_na1.3300_res20_nk6_simoto.json
harminv_tarama_rd0.200_dx+0.000_dy+0.150_s1_na1.3300_res20_nk6_simoto.json,legacy-campaign,harminv,sweep,harminv_tarama_rd0.200_dx+0.000_dy+0.150_s1_na1.3300_res20_nk6_simoto,0.2,0.0,0.15,1,1.33,0.0,20,6,25,481.4,0.3105806451612903,0.06,1.0,1.5,1.0,pml,,,800.0,even,53.424077535144676,0.2959425471398361,1626.6670833664657,30.44820160528506,1.1784931892549603e-06,0.011116761529732554,780.5742985487104,14.610908312552796,0.2928212020024362,True,True,,2,38667,204000,41176863.772885434,95.78276824951172,a083,,,2026-08-23T21:50:19,harminv_tarama_rd0.200_dx+0.000_dy+0.150_s1_na1.3300_res20_nk6_simoto.json
harminv_tarama_rd0.200_dx+0.000_dy+0.150_s2_na1.3300_res20_nk6_simoto.json,legacy-campaign,harminv,sweep,harminv_tarama_rd0.200_dx+0.000_dy+0.150_s2_na1.3300_res20_nk6_simoto,0.2,0.0,0.15,2,1.33,0.0,20,6,25,481.4,0.3105806451612903,0.06,1.0,1.5,1.0,pml,,,800.0,even,53.410961196628485,0.29640508882508254,1624.128660908681,30.40815264360385,1.6043893152654092e-07,0.0017908750140284322,780.5742985487104,14.614496370418877,0.299369815736246,True,True,,2,38667,204000,38486572.743813425,102.47818183898926,a085,,,2026-08-23T21:49:38,harminv_tarama_rd0.200_dx+0.000_dy+0.150_s2_na1.3300_res20_nk6_simoto.json
harminv_tarama_rd0.200_dx+0.000_dy+0.150_s3_na1.3300_res20_nk6_simoto.json,legacy-campaign,harminv,sweep,harminv_tarama_rd0.200_dx+0.000_dy+0.150_s3_na1.3300_res20_nk6_simoto,0.2,0.0,0.15,3,1.33,0.0,20,6,25,481.4,0.3105806451612903,0.06,1.0,1.5,1.0,pml,,,800.0,even,54.35541832991724,0.29658378040553157,1623.1501241968167,29.861790674572628,2.701139458619019e-05,0.000290888849806464,780.5742985487104,14.360560962127341,0.3018997112573842,True,True,,2,38667,204000,39184897.92714298,100.65188908576965,a076,,,2026-08-23T21:49:45,harminv_tarama_rd0.200_dx+0.000_dy+0.150_s3_na1.3300_res20_nk6_simoto.json
harminv_tarama_rd0.200_dx+0.000_dy-0.050_s1_na1.3300_res20_nk6_simoto.json,legacy-campaign,harminv,sweep,harminv_tarama_rd0.200_dx+0.000_dy-0.050_s1_na1.3300_res20_nk6_simoto,0.2,0.0,-0.05,1,1.33,0.0,20,6,25,481.4,0.3105806451612903,0.06,1.0,1.5,1.0,pml,,,800.0,even,52.27704586645284,0.29672853062180005,1622.358318531816,31.03385609577671,5.428519865927417e-06,0.01566190651234622,780.5742985487104,14.931492122618574,0.303949068719561,True,True,,2,38667,204000,35526762.79034293,111.01585650444031,a083,,,2026-08-23T21:46:40,harminv_tarama_rd0.200_dx+0.000_dy-0.050_s1_na1.3300_res20_nk6_simoto.json
harminv_tarama_rd0.200_dx+0.000_dy-0.050_s2_na1.3300_res20_nk6_simoto.json,legacy-campaign,harminv,sweep,harminv_tarama_rd0.200_dx+0.000_dy-0.050_s2_na1.3300_res20_nk6_simoto,0.2,0.0,-0.05,2,1.33,0.0,20,6,25,481.4,0.3105806451612903,0.06,1.0,1.5,1.0,pml,,,800.0,even,53.06168917089332,0.29655151606708535,1623.32672037697,30.593197196357565,6.985498261767261e-07,0.0023606330969967756,780.5742985487104,14.710694490609809,0.30144291634224346,True,True,,2,38667,204000,35404819.26780196,111.39822435379028,a085,,,2026-08-23T21:45:59,harminv_tarama_rd0.200_dx+0.000_dy-0.050_s2_na1.3300_res20_nk6_simoto.json
harminv_tarama_rd0.200_dx+0.000_dy-0.050_s3_na1.3300_res20_nk6_simoto.json,legacy-campaign,harminv,sweep,harminv_tarama_rd0.200_dx+0.000_dy-0.050_s3_na1.3300_res20_nk6_simoto,0.2,0.0,-0.05,3,1.33,0.0,20,6,25,481.4,0.3105806451612903,0.06,1.0,1.5,1.0,pml,,,800.0,even,53.114913140929204,0.2965170961679311,1623.515157208208,30.566088904269755,2.5823999593196674e-08,0.00038170756510997076,780.5742985487104,14.695953591745907,0.3009556032383492,True,True,,2,38667,204000,35451067.537907965,111.25289797782898,a076,,,2026-08-23T21:46:03,harminv_tarama_rd0.200_dx+0.000_dy-0.050_s3_na1.3300_res20_nk6_simoto.json
harminv_tarama_rd0.200_dx+0.000_dy-0.100_s1_na1.3300_res20_nk6_simoto.json,legacy-campaign,harminv,sweep,harminv_tarama_rd0.200_dx+0.000_dy-0.100_s1_na1.3300_res20_nk6_simoto,0.2,0.0,-0.1,1,1.33,0.0,20,6,25,481.4,0.3105806451612903,0.06,1.0,1.5,1.0,pml,,,800.0,even,52.61175484053707,0.2970201560463534,1620.7654268583442,30.8061464927521,2.7813741755065263e-06,0.017256184013923825,780.5742985487104,14.83649995926922,0.30807786904453205,True,True,,2,38667,204000,35071687.26690229,112.45635175704956,a046,,,2026-08-23T21:45:23,harminv_tarama_rd0.200_dx+0.000_dy-0.100_s1_na1.3300_res20_nk6_simoto.json
harminv_tarama_rd0.200_dx+0.000_dy-0.100_s2_na1.3300_res20_nk6_simoto.json,legacy-campaign,harminv,sweep,harminv_tarama_rd0.200_dx+0.000_dy-0.100_s2_na1.3300_res20_nk6_simoto,0.2,0.0,-0.1,2,1.33,0.0,20,6,25,481.4,0.3105806451612903,0.06,1.0,1.5,1.0,pml,,,800.0,even,53.09019983171242,0.296584659664869,1623.1453121815748,30.573350963580662,8.65936283879601e-07,0.002642121443362272,780.5742985487104,14.7027945086477,0.3019121597132887,True,True,,2,38667,204000,35372336.14533648,111.5005235671997,a083,,,2026-08-23T21:45:01,harminv_tarama_rd0.200_dx+0.000_dy-0.100_s2_na1.3300_res20_nk6_simoto.json
harminv_tarama_rd0.200_dx+0.000_dy-0.100_s3_na1.3300_res20_nk6_simoto.json,legacy-campaign,harminv,sweep,harminv_tarama_rd0.200_dx+0.000_dy-0.100_s3_na1.3300_res20_nk6_simoto,0.2,0.0,-0.1,3,1.33,0.0,20,6,25,481.4,0.3105806451612903,0.06,1.0,1.5,1.0,pml,,,800.0,even,53.02662056146902,0.29652269784051766,1623.4844870422603,30.616404927413768,4.3484103790987427e-07,0.0004242177381790766,780.5742985487104,14.720423256916034,0.3010349110957872,True,True,,2,38667,204000,35507352.616981074,111.07654356956482,a085,,,2026-08-23T21:44:42,harminv_tarama_rd0.200_dx+0.000_dy-0.100_s3_na1.3300_res20_nk6_simoto.json
harminv_tarama_rd0.200_dx+0.000_dy-0.150_s1_na1.3300_res20_nk6_simoto.json,legacy-campaign,harminv,sweep,harminv_tarama_rd0.200_dx+0.000_dy-0.150_s1_na1.3300_res20_nk6_simoto,0.2,0.0,-0.15,1,1.33,0.0,20,6,25,481.4,0.3105806451612903,0.06,1.0,1.5,1.0,pml,,,800.0,even,52.61542788901001,0.2973231693955795,1619.113643173606,30.772602412149094,2.2837970129749085e-06,0.019534155749584777,780.5742985487104,14.835464232948908,0.3123678983404052,True,True,,2,38667,204000,35500043.34870941,111.09941363334656,a076,,,2026-08-23T21:44:28,harminv_tarama_rd0.200_dx+0.000_dy-0.150_s1_na1.3300_res20_nk6_simoto.json
harminv_tarama_rd0.200_dx+0.000_dy-0.150_s2_na1.3300_res20_nk6_simoto.json,legacy-campaign,harminv,sweep,harminv_tarama_rd0.200_dx+0.000_dy-0.150_s2_na1.3300_res20_nk6_simoto,0.2,0.0,-0.15,2,1.33,0.0,20,6,25,481.4,0.3105806451612903,0.06,1.0,1.5,1.0,pml,,,800.0,even,53.21702292752229,0.2966326163004994,1622.8828980570518,30.495559668328312,3.3166741120402423e-07,0.003018171253211614,780.5742985487104,14.667755834665833,0.3025911244265971,True,True,,2,38667,204000,35178774.878915206,112.11402368545532,a046,,,2026-08-23T21:44:43,harminv_tarama_rd0.200_dx+0.000_dy-0.150_s2_na1.3300_res20_nk6_simoto.json
harminv_tarama_rd0.200_dx+0.000_dy-0.150_s3_na1.3300_res20_nk6_simoto.json,legacy-campaign,harminv,sweep,harminv_tarama_rd0.200_dx+0.000_dy-0.150_s3_na1.3300_res20_nk6_simoto,0.2,0.0,-0.15,3,1.33,0.0,20,6,25,481.4,0.3105806451612903,0.06,1.0,1.5,1.0,pml,,,800.0,even,53.37827769394112,0.29652726425317216,1623.4594859681613,30.414235080358118,1.109593512878317e-06,0.0004756272643616645,780.5742985487104,14.623444821961952,0.3010995618582533,True,True,,3,38667,204000,35388997.23476836,111.44802927970886,a083,,,2026-08-23T21:44:38,harminv_tarama_rd0.200_dx+0.000_dy-0.150_s3_na1.3300_res20_nk6_simoto.json
harminv_tarama_rd0.200_dx+0.040_dy+0.000_s1_na1.3300_res20_nk6_simoto.json,legacy-campaign,harminv,sweep,harminv_tarama_rd0.200_dx+0.040_dy+0.000_s1_na1.3300_res20_nk6_simoto,0.2,0.04,0.0,1,1.33,0.0,20,6,25,481.4,0.3105806451612903,0.06,1.0,1.5,1.0,pml,,,800.0,none,52.840042293663586,0.2965245864941312,1623.4741465848997,30.724315805091276,4.1873620605778975e-06,0.0070624850701655395,780.5742985487104,14.772401093295764,0.3010616504435837,True,True,,3,38667,204000,36811348.04960563,214.28359508514404,a083,,,2026-08-23T21:48:07,harminv_tarama_rd0.200_dx+0.040_dy+0.000_s1_na1.3300_res20_nk6_simoto.json
harminv_tarama_rd0.200_dx+0.040_dy+0.000_s2_na1.3300_res20_nk6_simoto.json,legacy-campaign,harminv,sweep,harminv_tarama_rd0.200_dx+0.040_dy+0.000_s2_na1.3300_res20_nk6_simoto,0.2,0.04,0.0,2,1.33,0.0,20,6,25,481.4,0.3105806451612903,0.06,1.0,1.5,1.0,pml,,,800.0,none,52.73716187833824,0.2965063155416437,1623.5741863393407,30.786150193005035,3.740785471306661e-06,0.0011181523890749787,780.5742985487104,14.801219306216227,0.3008029723304406,True,True,,2,38667,204000,38163724.19821569,206.69020557403564,a085,,,2026-08-23T21:47:57,harminv_tarama_rd0.200_dx+0.040_dy+0.000_s2_na1.3300_res20_nk6_simoto.json
harminv_tarama_rd0.200_dx+0.040_dy+0.000_s3_na1.3300_res20_nk6_simoto.json,legacy-campaign,harminv,sweep,harminv_tarama_rd0.200_dx+0.040_dy+0.000_s3_na1.3300_res20_nk6_simoto,0.2,0.04,0.0,3,1.33,0.0,20,6,25,481.4,0.3105806451612903,0.06,1.0,1.5,1.0,pml,,,800.0,none,52.81200816564732,0.2964862997515986,1623.6837938323804,30.744594841756832,5.314293831917325e-06,0.00018302854575156423,780.5742985487104,14.780242707310103,0.30051959100122627,True,True,,2,38667,204000,38522656.26636207,204.76438450813293,a076,,,2026-08-23T21:48:02,harminv_tarama_rd0.200_dx+0.040_dy+0.000_s3_na1.3300_res20_nk6_simoto.json
harminv_tarama_rd0.200_dx+0.040_dy+0.050_s1_na1.3300_res20_nk6_simoto.json,legacy-campaign,harminv,sweep,harminv_tarama_rd0.200_dx+0.040_dy+0.050_s1_na1.3300_res20_nk6_simoto,0.2,0.04,0.05,1,1.33,0.0,20,6,25,481.4,0.3105806451612903,0.06,1.0,1.5,1.0,pml,,,800.0,none,52.89957007396377,0.2963008114787747,1624.7002416140353,30.71291958218927,2.989116555011772e-06,0.0065110966467048425,780.5742985487104,14.755777739919576,0.29789346866540195,True,True,,2,38667,204000,38579453.55553221,204.4629271030426,a085,,,2026-08-23T21:48:08,harminv_tarama_rd0.200_dx+0.040_dy+0.050_s1_na1.3300_res20_nk6_simoto.json
harminv_tarama_rd0.200_dx+0.040_dy+0.050_s2_na1.3300_res20_nk6_simoto.json,legacy-campaign,harminv,sweep,harminv_tarama_rd0.200_dx+0.040_dy+0.050_s2_na1.3300_res20_nk6_simoto,0.2,0.04,0.05,2,1.33,0.0,20,6,25,481.4,0.3105806451612903,0.06,1.0,1.5,1.0,pml,,,800.0,none,52.84424697096306,0.2964789207180204,1623.7242055324975,30.72660315180012,2.4790389114902827e-06,0.0010364726631945866,780.5742985487104,14.771225692318438,0.3004151194645541,True,True,,2,38667,204000,40318628.96542708,195.64325976371765,a076,,,2026-08-23T21:48:28,harminv_tarama_rd0.200_dx+0.040_dy+0.050_s2_na1.3300_res20_nk6_simoto.json
harminv_tarama_rd0.200_dx+0.040_dy+0.050_s3_na1.3300_res20_nk6_simoto.json,legacy-campaign,harminv,sweep,harminv_tarama_rd0.200_dx+0.040_dy+0.050_s3_na1.3300_res20_nk6_simoto,0.2,0.04,0.05,3,1.33,0.0,20,6,25,481.4,0.3105806451612903,0.06,1.0,1.5,1.0,pml,,,800.0,none,52.78697262885459,0.2964869270978129,1623.680358227677,30.759111147437455,4.599730369435128e-06,0.00017278659106041325,780.5742985487104,14.787252605617892,0.30052847289915147,True,True,,2,38667,204000,44560560.33708727,177.0190486907959,a046,,,2026-08-23T21:49:01,harminv_tarama_rd0.200_dx+0.040_dy+0.050_s3_na1.3300_res20_nk6_simoto.json
harminv_tarama_rd0.200_dx+0.040_dy+0.100_s1_na1.3300_res20_nk6_simoto.json,legacy-campaign,harminv,sweep,harminv_tarama_rd0.200_dx+0.040_dy+0.100_s1_na1.3300_res20_nk6_simoto,0.2,0.04,0.1,1,1.33,0.0,20,6,25,481.4,0.3105806451612903,0.06,1.0,1.5,1.0,pml,,,800.0,none,53.07344450583295,0.29610960608179093,1625.7493512960482,30.632067815334143,2.214120344848849e-06,0.0060637458316533666,780.5742985487104,14.707436191802525,0.2951864039216066,True,True,,2,38667,204000,41194856.00159755,191.4818685054779,a076,,,2026-08-23T21:48:38,harminv_tarama_rd0.200_dx+0.040_dy+0.100_s1_na1.3300_res20_nk6_simoto.json
harminv_tarama_rd0.200_dx+0.040_dy+0.100_s2_na1.3300_res20_nk6_simoto.json,legacy-campaign,harminv,sweep,harminv_tarama_rd0.200_dx+0.040_dy+0.100_s2_na1.3300_res20_nk6_simoto,0.2,0.04,0.1,2,1.33,0.0,20,6,25,481.4,0.3105806451612903,0.06,1.0,1.5,1.0,pml,,,800.0,none,52.47691182902202,0.29643240787029784,1623.9789821180198,30.94654249871252,6.529316727398202e-06,0.0009949385137928818,780.5742985487104,14.874623359925284,0.2997565957398605,True,True,,2,38667,204000,58300846.70948438,135.29937291145325,a046,,,2026-08-23T21:50:20,harminv_tarama_rd0.200_dx+0.040_dy+0.100_s2_na1.3300_res20_nk6_simoto.json
harminv_tarama_rd0.200_dx+0.040_dy+0.100_s3_na1.3300_res20_nk6_simoto.json,legacy-campaign,harminv,sweep,harminv_tarama_rd0.200_dx+0.040_dy+0.100_s3_na1.3300_res20_nk6_simoto,0.2,0.04,0.1,3,1.33,0.0,20,6,25,481.4,0.3105806451612903,0.06,1.0,1.5,1.0,pml,,,800.0,none,52.882899324416265,0.2964769008404435,1623.7352678584477,30.70435412206611,5.24940065346463e-06,0.00016435544891639278,780.5742985487104,14.760429335770475,0.3003865222624797,True,True,,2,38667,204000,58211770.97034077,135.5064082145691,a083,,,2026-08-23T21:50:16,harminv_tarama_rd0.200_dx+0.040_dy+0.100_s3_na1.3300_res20_nk6_simoto.json
harminv_tarama_rd0.200_dx+0.040_dy+0.150_s1_na1.3300_res20_nk6_simoto.json,legacy-campaign,harminv,sweep,harminv_tarama_rd0.200_dx+0.040_dy+0.150_s1_na1.3300_res20_nk6_simoto,0.2,0.04,0.15,1,1.33,0.0,20,6,25,481.4,0.3105806451612903,0.06,1.0,1.5,1.0,pml,,,800.0,none,53.242841502356136,0.29594186484176377,1626.6708336699785,30.551916234560736,2.078758418973451e-06,0.005754107054669863,780.5742985487104,14.660643131042658,0.2928115421022165,True,True,,2,38667,204000,59526085.79410925,132.5144748687744,a046,,,2026-08-23T21:50:27,harminv_tarama_rd0.200_dx+0.040_dy+0.150_s1_na1.3300_res20_nk6_simoto.json
harminv_tarama_rd0.200_dx+0.040_dy+0.150_s2_na1.3300_res20_nk6_simoto.json,legacy-campaign,harminv,sweep,harminv_tarama_rd0.200_dx+0.040_dy+0.150_s2_na1.3300_res20_nk6_simoto,0.2,0.04,0.15,2,1.33,0.0,20,6,25,481.4,0.3105806451612903,0.06,1.0,1.5,1.0,pml,,,800.0,none,52.34992791232573,0.29646257546239885,1623.8137284247443,31.018452043415692,8.530619529830697e-06,0.0009693797087042353,780.5742985487104,14.910704363451952,0.300183705153455,True,True,,2,38667,204000,68847679.12124431,114.57275104522705,a083,,,2026-08-23T21:50:44,harminv_tarama_rd0.200_dx+0.040_dy+0.150_s2_na1.3300_res20_nk6_simoto.json
harminv_tarama_rd0.200_dx+0.040_dy+0.150_s3_na1.3300_res20_nk6_simoto.json,legacy-campaign,harminv,sweep,harminv_tarama_rd0.200_dx+0.040_dy+0.150_s3_na1.3300_res20_nk6_simoto,0.2,0.04,0.15,3,1.33,0.0,20,6,25,481.4,0.3105806451612903,0.06,1.0,1.5,1.0,pml,,,800.0,none,52.97043120138418,0.29652163905546325,1623.490283992245,30.64899128006006,2.9236374458171077e-06,0.00015897132136846056,780.5742985487104,14.736038216889446,0.3010199209347496,True,True,,2,38667,204000,78150226.03792894,100.93467926979065,a085,,,2026-08-23T21:50:11,harminv_tarama_rd0.200_dx+0.040_dy+0.150_s3_na1.3300_res20_nk6_simoto.json
harminv_tarama_rd0.200_dx+0.040_dy-0.050_s1_na1.3300_res20_nk6_simoto.json,legacy-campaign,harminv,sweep,harminv_tarama_rd0.200_dx+0.040_dy-0.050_s1_na1.3300_res20_nk6_simoto,0.2,0.04,-0.05,1,1.33,0.0,20,6,25,481.4,0.3105806451612903,0.06,1.0,1.5,1.0,pml,,,800.0,none,52.44904301560784,0.29675172855967463,1622.2314941063398,30.929668128045623,4.818323513015711e-06,0.007904722922315288,780.5742985487104,14.882526995133663,0.30427750254381325,True,True,,2,38667,204000,35989878.769391626,219.1746199131012,a046,,,2026-08-23T21:46:48,harminv_tarama_rd0.200_dx+0.040_dy-0.050_s1_na1.3300_res20_nk6_simoto.json
harminv_tarama_rd0.200_dx+0.040_dy-0.050_s2_na1.3300_res20_nk6_simoto.json,legacy-campaign,harminv,sweep,harminv_tarama_rd0.200_dx+0.040_dy-0.050_s2_na1.3300_res20_nk6_simoto,0.2,0.04,-0.05,2,1.33,0.0,20,6,25,481.4,0.3105806451612903,0.06,1.0,1.5,1.0,pml,,,800.0,none,52.64271484464118,0.29654160630462567,1623.3809683538184,30.837713692098312,4.8996332275226295e-06,0.0012299004877094,780.5742985487104,14.827774381551862,0.3013026150275464,True,True,,2,38667,204000,36178333.97448623,218.03292560577393,a083,,,2026-08-23T21:46:59,harminv_tarama_rd0.200_dx+0.040_dy-0.050_s2_na1.3300_res20_nk6_simoto.json
harminv_tarama_rd0.200_dx+0.040_dy-0.050_s3_na1.3300_res20_nk6_simoto.json,legacy-campaign,harminv,sweep,harminv_tarama_rd0.200_dx+0.040_dy-0.050_s3_na1.3300_res20_nk6_simoto,0.2,0.04,-0.05,3,1.33,0.0,20,6,25,481.4,0.3105806451612903,0.06,1.0,1.5,1.0,pml,,,800.0,none,53.0169681281894,0.29651546209829527,1623.5241042519908,30.622726300124935,1.1390486816528749e-07,0.00019625544858594028,780.5742985487104,14.723103302726868,0.30093246826219355,True,True,,2,38667,204000,36289700.74200073,217.36382055282593,a085,,,2026-08-23T21:46:40,harminv_tarama_rd0.200_dx+0.040_dy-0.050_s3_na1.3300_res20_nk6_simoto.json
harminv_tarama_rd0.200_dx+0.040_dy-0.100_s1_na1.3300_res20_nk6_simoto.json,legacy-campaign,harminv,sweep,harminv_tarama_rd0.200_dx+0.040_dy-0.100_s1_na1.3300_res20_nk6_simoto,0.2,0.04,-0.1,1,1.33,0.0,20,6,25,481.4,0.3105806451612903,0.06,1.0,1.5,1.0,pml,,,800.0,none,52.58328651377464,0.29700543465203416,1620.8457618427049,30.82435255198647,2.0717289643757972e-06,0.008801139182600427,780.5742985487104,14.844532365702026,0.3078694451811381,True,True,,2,38667,204000,36093983.36239773,218.542462348938,a076,,,2026-08-23T21:45:06,harminv_tarama_rd0.200_dx+0.040_dy-0.100_s1_na1.3300_res20_nk6_simoto.json
harminv_tarama_rd0.200_dx+0.040_dy-0.100_s2_na1.3300_res20_nk6_simoto.json,legacy-campaign,harminv,sweep,harminv_tarama_rd0.200_dx+0.040_dy-0.100_s2_na1.3300_res20_nk6_simoto,0.2,0.04,-0.1,2,1.33,0.0,20,6,25,481.4,0.3105806451612903,0.06,1.0,1.5,1.0,pml,,,800.0,none,52.61947009709396,0.2965865118684737,1623.135175525059,30.846665170326386,5.4957266730327305e-06,0.0013787660618716476,780.5742985487104,14.834324578115043,0.30193838300591325,True,True,,3,38667,204000,36495546.78348917,216.13782215118408,a046,,,2026-08-23T21:46:42,harminv_tarama_rd0.200_dx+0.040_dy-0.100_s2_na1.3300_res20_nk6_simoto.json
harminv_tarama_rd0.200_dx+0.040_dy-0.100_s3_na1.3300_res20_nk6_simoto.json,legacy-campaign,harminv,sweep,harminv_tarama_rd0.200_dx+0.040_dy-0.100_s3_na1.3300_res20_nk6_simoto,0.2,0.04,-0.1,3,1.33,0.0,20,6,25,481.4,0.3105806451612903,0.06,1.0,1.5,1.0,pml,,,800.0,none,72.48887595347125,0.29190993717045766,1649.1387880327336,22.750232588670205,9.89262813103076e-05,0.00045160810027732224,780.5742985487104,10.768194268176279,0.23572795858049672,True,True,,3,38667,204000,36505973.613100044,216.07608890533447,a083,,,2026-08-23T21:46:37,harminv_tarama_rd0.200_dx+0.040_dy-0.100_s3_na1.3300_res20_nk6_simoto.json
harminv_tarama_rd0.200_dx+0.040_dy-0.150_s1_na1.3300_res20_nk6_simoto.json,legacy-campaign,harminv,sweep,harminv_tarama_rd0.200_dx+0.040_dy-0.150_s1_na1.3300_res20_nk6_simoto,0.2,0.04,-0.15,1,1.33,0.0,20,6,25,481.4,0.3105806451612903,0.06,1.0,1.5,1.0,pml,,,800.0,none,52.79686570990918,0.2973326609299347,1619.0619573859733,30.665872597094335,1.5036978649285501e-06,0.00987928130349193,780.5742985487104,14.78448176900411,0.3125022784281161,True,True,,2,38667,204000,36048517.99620782,218.81809401512146,a085,,,2026-08-23T21:44:28,harminv_tarama_rd0.200_dx+0.040_dy-0.150_s1_na1.3300_res20_nk6_simoto.json
harminv_tarama_rd0.200_dx+0.040_dy-0.150_s2_na1.3300_res20_nk6_simoto.json,legacy-campaign,harminv,sweep,harminv_tarama_rd0.200_dx+0.040_dy-0.150_s2_na1.3300_res20_nk6_simoto,0.2,0.04,-0.15,2,1.33,0.0,20,6,25,481.4,0.3105806451612903,0.06,1.0,1.5,1.0,pml,,,800.0,none,52.86115959994808,0.2966457050833254,1622.811292227469,30.699502328531267,3.946675045607249e-06,0.0015672808914907127,780.5742985487104,14.766499722217162,0.3027764339580554,True,True,,3,38667,204000,36115430.67566663,218.4126799106598,a076,,,2026-08-23T21:44:53,harminv_tarama_rd0.200_dx+0.040_dy-0.150_s2_na1.3300_res20_nk6_simoto.json
harminv_tarama_rd0.200_dx+0.040_dy-0.150_s3_na1.3300_res20_nk6_simoto.json,legacy-campaign,harminv,sweep,harminv_tarama_rd0.200_dx+0.040_dy-0.150_s3_na1.3300_res20_nk6_simoto,0.2,0.04,-0.15,3,1.33,0.0,20,6,25,481.4,0.3105806451612903,0.06,1.0,1.5,1.0,pml,,,800.0,none,53.1525695822366,0.29652924741812847,1623.4486283951271,30.543182411592717,4.455394470858313e-08,0.0002441803921189248,780.5742985487104,14.685542104244298,0.3011276392871285,True,True,,2,38667,204000,36072263.89988978,218.67404890060425,a046,,,2026-08-23T21:45:19,harminv_tarama_rd0.200_dx+0.040_dy-0.150_s3_na1.3300_res20_nk6_simoto.json
harminv_tarama_rd0.200_dx+0.080_dy+0.000_s1_na1.3300_res20_nk6_simoto.json,legacy-campaign,harminv,sweep,harminv_tarama_rd0.200_dx+0.080_dy+0.000_s1_na1.3300_res20_nk6_simoto,0.2,0.08,0.0,1,1.33,0.0,20,6,25,481.4,0.3105806451612903,0.06,1.0,1.5,1.0,pml,,,800.0,none,53.51867988326766,0.29650931929652247,1623.557738900539,30.336281508470766,3.526870486390672e-06,0.0070488046239014735,780.5742985487104,14.585081325833544,0.3008454991579235,True,True,,2,38667,204000,36478615.19922874,216.23814272880554,a046,,,2026-08-23T21:47:23,harminv_tarama_rd0.200_dx+0.080_dy+0.000_s1_na1.3300_res20_nk6_simoto.json
harminv_tarama_rd0.200_dx+0.080_dy+0.000_s2_na1.3300_res20_nk6_simoto.json,legacy-campaign,harminv,sweep,harminv_tarama_rd0.200_dx+0.080_dy+0.000_s2_na1.3300_res20_nk6_simoto,0.2,0.08,0.0,2,1.33,0.0,20,6,25,481.4,0.3105806451612903,0.06,1.0,1.5,1.0,pml,,,800.0,none,52.75803540240258,0.2965079531925672,1623.5652191337836,30.773799796567996,3.5205848957036148e-06,0.0011509895933608939,780.5742985487104,14.795363257843437,0.30082615801006857,True,True,,2,38667,204000,37423439.28733658,210.77881002426147,a083,,,2026-08-23T21:48:10,harminv_tarama_rd0.200_dx+0.080_dy+0.000_s2_na1.3300_res20_nk6_simoto.json
harminv_tarama_rd0.200_dx+0.080_dy+0.000_s3_na1.3300_res20_nk6_simoto.json,legacy-campaign,harminv,sweep,harminv_tarama_rd0.200_dx+0.080_dy+0.000_s3_na1.3300_res20_nk6_simoto,0.2,0.08,0.0,3,1.33,0.0,20,6,25,481.4,0.3105806451612903,0.06,1.0,1.5,1.0,pml,,,800.0,none,52.67833837383924,0.29648741003576107,1623.677713471663,30.822492956193983,6.077672668451346e-06,0.0001894745687471802,780.5742985487104,14.81774715461325,0.30053531028090746,True,True,,2,38667,204000,38541615.407478094,204.66365814208984,a085,,,2026-08-23T21:48:06,harminv_tarama_rd0.200_dx+0.080_dy+0.000_s3_na1.3300_res20_nk6_simoto.json
harminv_tarama_rd0.200_dx+0.080_dy+0.050_s1_na1.3300_res20_nk6_simoto.json,legacy-campaign,harminv,sweep,harminv_tarama_rd0.200_dx+0.080_dy+0.050_s1_na1.3300_res20_nk6_simoto,0.2,0.08,0.05,1,1.33,0.0,20,6,25,481.4,0.3105806451612903,0.06,1.0,1.5,1.0,pml,,,800.0,none,52.95893542734745,0.2962756717920341,1624.8381012461625,30.681094476969278,3.5529332170109763e-06,0.006668276330243039,780.5742985487104,14.739236962562316,0.297537543776675,True,True,,2,38667,204000,39575783.49140265,199.3155233860016,a083,,,2026-08-23T21:48:38,harminv_tarama_rd0.200_dx+0.080_dy+0.050_s1_na1.3300_res20_nk6_simoto.json
harminv_tarama_rd0.200_dx+0.080_dy+0.050_s2_na1.3300_res20_nk6_simoto.json,legacy-campaign,harminv,sweep,harminv_tarama_rd0.200_dx+0.080_dy+0.050_s2_na1.3300_res20_nk6_simoto,0.2,0.08,0.05,2,1.33,0.0,20,6,25,481.4,0.3105806451612903,0.06,1.0,1.5,1.0,pml,,,800.0,none,52.83075242896174,0.2964805401001592,1623.7153367211554,30.734283765965014,2.633036738785318e-06,0.0010714145241124142,780.5742985487104,14.774998701718296,0.3004380464967601,True,True,,2,38667,204000,39293830.72680775,200.74571132659912,a085,,,2026-08-23T21:48:13,harminv_tarama_rd0.200_dx+0.080_dy+0.050_s2_na1.3300_res20_nk6_simoto.json
harminv_tarama_rd0.200_dx+0.080_dy+0.050_s3_na1.3300_res20_nk6_simoto.json,legacy-campaign,harminv,sweep,harminv_tarama_rd0.200_dx+0.080_dy+0.050_s3_na1.3300_res20_nk6_simoto,0.2,0.08,0.05,3,1.33,0.0,20,6,25,481.4,0.3105806451612903,0.06,1.0,1.5,1.0,pml,,,800.0,none,51.89473726766715,0.2965192432756668,1623.5034012698256,31.28454804378293,1.0822685583063487e-05,0.00018419560740820656,780.5742985487104,15.04149244503536,0.30098600175086077,True,True,,2,38667,204000,41234277.03282267,191.29880690574646,a076,,,2026-08-23T21:48:36,harminv_tarama_rd0.200_dx+0.080_dy+0.050_s3_na1.3300_res20_nk6_simoto.json
harminv_tarama_rd0.200_dx+0.080_dy+0.100_s1_na1.3300_res20_nk6_simoto.json,legacy-campaign,harminv,sweep,harminv_tarama_rd0.200_dx+0.080_dy+0.100_s1_na1.3300_res20_nk6_simoto,0.2,0.08,0.1,1,1.33,0.0,20,6,25,481.4,0.3105806451612903,0.06,1.0,1.5,1.0,pml,,,800.0,none,53.16311540662891,0.29609165445349034,1625.8479182351207,30.582254365634743,2.280284530945149e-06,0.006211895725744364,780.5742985487104,14.682628972706528,0.29493224676478547,True,True,,2,38667,204000,45816801.74243285,172.16540002822876,a085,,,2026-08-23T21:48:51,harminv_tarama_rd0.200_dx+0.080_dy+0.100_s1_na1.3300_res20_nk6_simoto.json
harminv_tarama_rd0.200_dx+0.080_dy+0.100_s2_na1.3300_res20_nk6_simoto.json,legacy-campaign,harminv,sweep,harminv_tarama_rd0.200_dx+0.080_dy+0.100_s2_na1.3300_res20_nk6_simoto,0.2,0.08,0.1,2,1.33,0.0,20,6,25,481.4,0.3105806451612903,0.06,1.0,1.5,1.0,pml,,,800.0,none,52.831338515809165,0.2964483484809128,1623.8916575748626,30.737280243030977,2.7789159638823616e-06,0.0010172994106009746,780.5742985487104,14.774834794600796,0.2999822811319624,True,True,,2,38667,204000,43476229.063487604,181.43404269218445,a076,,,2026-08-23T21:48:51,harminv_tarama_rd0.200_dx+0.080_dy+0.100_s2_na1.3300_res20_nk6_simoto.json
harminv_tarama_rd0.200_dx+0.080_dy+0.100_s3_na1.3300_res20_nk6_simoto.json,legacy-campaign,harminv,sweep,harminv_tarama_rd0.200_dx+0.080_dy+0.100_s3_na1.3300_res20_nk6_simoto,0.2,0.08,0.1,3,1.33,0.0,20,6,25,481.4,0.3105806451612903,0.06,1.0,1.5,1.0,pml,,,800.0,none,53.01008660344038,0.2964822860206928,1623.7057750101162,30.630128699030216,4.4230936452803744e-06,0.0001695067762617107,780.5742985487104,14.725014588035984,0.3004627650454866,True,True,,2,38667,204000,59346781.112729385,132.91484141349792,a046,,,2026-08-23T21:50:25,harminv_tarama_rd0.200_dx+0.080_dy+0.100_s3_na1.3300_res20_nk6_simoto.json
harminv_tarama_rd0.200_dx+0.080_dy+0.150_s1_na1.3300_res20_nk6_simoto.json,legacy-campaign,harminv,sweep,harminv_tarama_rd0.200_dx+0.080_dy+0.150_s1_na1.3300_res20_nk6_simoto,0.2,0.08,0.15,1,1.33,0.0,20,6,25,481.4,0.3105806451612903,0.06,1.0,1.5,1.0,pml,,,800.0,none,53.38253208197632,0.2959246509860194,1626.765456666005,30.473741001417466,1.6136102050287408e-06,0.0058928411350217605,780.5742985487104,14.622279388134489,0.2925678302471879,True,True,,2,38667,204000,68134958.08702183,115.77123141288757,a076,,,2026-08-23T21:50:05,harminv_tarama_rd0.200_dx+0.080_dy+0.150_s1_na1.3300_res20_nk6_simoto.json
harminv_tarama_rd0.200_dx+0.080_dy+0.150_s2_na1.3300_res20_nk6_simoto.json,legacy-campaign,harminv,sweep,harminv_tarama_rd0.200_dx+0.080_dy+0.150_s2_na1.3300_res20_nk6_simoto,0.2,0.08,0.15,2,1.33,0.0,20,6,25,481.4,0.3105806451612903,0.06,1.0,1.5,1.0,pml,,,800.0,none,53.086198991612434,0.296436067617373,1623.9589327617532,30.590981528331632,1.492886194523479e-06,0.0009747032341127574,780.5742985487104,14.70390258439939,0.2998084100318977,True,True,,2,38667,204000,62294230.42967001,126.62598037719727,a046,,,2026-08-23T21:50:34,harminv_tarama_rd0.200_dx+0.080_dy+0.150_s2_na1.3300_res20_nk6_simoto.json
harminv_tarama_rd0.200_dx+0.080_dy+0.150_s3_na1.3300_res20_nk6_simoto.json,legacy-campaign,harminv,sweep,harminv_tarama_rd0.200_dx+0.080_dy+0.150_s3_na1.3300_res20_nk6_simoto,0.2,0.08,0.15,3,1.33,0.0,20,6,25,481.4,0.3105806451612903,0.06,1.0,1.5,1.0,pml,,,800.0,none,53.061529416911334,0.29650479418150416,1623.582516865859,30.598110056518728,1.106685458848712e-06,0.00016476901095510346,780.5742985487104,14.710738780551097,0.3007814330827974,True,True,,2,38667,204000,68674958.40887979,114.86090683937073,a083,,,2026-08-23T21:50:44,harminv_tarama_rd0.200_dx+0.080_dy+0.150_s3_na1.3300_res20_nk6_simoto.json
harminv_tarama_rd0.200_dx+0.080_dy-0.050_s1_na1.3300_res20_nk6_simoto.json,legacy-campaign,harminv,sweep,harminv_tarama_rd0.200_dx+0.080_dy-0.050_s1_na1.3300_res20_nk6_simoto,0.2,0.08,-0.05,1,1.33,0.0,20,6,25,481.4,0.3105806451612903,0.06,1.0,1.5,1.0,pml,,,800.0,none,52.13249831547911,0.29678087308433987,1622.0721874593132,31.114414997788238,1.3004878051909064e-05,0.008177392567415676,780.5742985487104,14.97289260578067,0.3046901274824422,True,True,,2,38667,204000,36036813.04553352,218.88916730880737,a076,,,2026-08-23T21:46:26,harminv_tarama_rd0.200_dx+0.080_dy-0.050_s1_na1.3300_res20_nk6_simoto.json
harminv_tarama_rd0.200_dx+0.080_dy-0.050_s2_na1.3300_res20_nk6_simoto.json,legacy-campaign,harminv,sweep,harminv_tarama_rd0.200_dx+0.080_dy-0.050_s2_na1.3300_res20_nk6_simoto,0.2,0.08,-0.05,2,1.33,0.0,20,6,25,481.4,0.3105806451612903,0.06,1.0,1.5,1.0,pml,,,800.0,none,52.68156854068833,0.2965429970520989,1623.373354911578,30.814825751776432,4.488647164704218e-06,0.0012620807439566173,780.5742985487104,14.81683860543822,0.30132230507558755,True,True,,2,38667,204000,35713101.67331215,220.87322664260864,a046,,,2026-08-23T21:46:50,harminv_tarama_rd0.200_dx+0.080_dy-0.050_s2_na1.3300_res20_nk6_simoto.json
harminv_tarama_rd0.200_dx+0.080_dy-0.050_s3_na1.3300_res20_nk6_simoto.json,legacy-campaign,harminv,sweep,harminv_tarama_rd0.200_dx+0.080_dy-0.050_s3_na1.3300_res20_nk6_simoto,0.2,0.08,-0.05,3,1.33,0.0,20,6,25,481.4,0.3105806451612903,0.06,1.0,1.5,1.0,pml,,,800.0,none,53.144546031565284,0.2965182600171782,1623.508784828668,30.548925638848857,3.2315685495175085e-07,0.00020108934671278993,780.5742985487104,14.687759268563271,0.30097208088654104,True,True,,2,38667,204000,35965668.78022029,219.32215547561646,a083,,,2026-08-23T21:47:10,harminv_tarama_rd0.200_dx+0.080_dy-0.050_s3_na1.3300_res20_nk6_simoto.json
harminv_tarama_rd0.200_dx+0.080_dy-0.100_s1_na1.3300_res20_nk6_simoto.json,legacy-campaign,harminv,sweep,harminv_tarama_rd0.200_dx+0.080_dy-0.100_s1_na1.3300_res20_nk6_simoto,0.2,0.08,-0.1,1,1.33,0.0,20,6,25,481.4,0.3105806451612903,0.06,1.0,1.5,1.0,pml,,,800.0,none,52.568531552976744,0.2969988849706621,1620.8815061630726,30.83368430273926,2.6654032198091382e-06,0.009013356993832261,780.5742985487104,14.848698936208152,0.307776715520757,True,True,,2,38667,204000,36192927.71738871,217.9450101852417,a085,,,2026-08-23T21:45:54,harminv_tarama_rd0.200_dx+0.080_dy-0.100_s1_na1.3300_res20_nk6_simoto.json
harminv_tarama_rd0.200_dx+0.080_dy-0.100_s2_na1.3300_res20_nk6_simoto.json,legacy-campaign,harminv,sweep,harminv_tarama_rd0.200_dx+0.080_dy-0.100_s2_na1.3300_res20_nk6_simoto,0.2,0.08,-0.1,2,1.33,0.0,20,6,25,481.4,0.3105806451612903,0.06,1.0,1.5,1.0,pml,,,800.0,none,52.68889237052511,0.29658585187230707,1623.1387875078524,30.806090515120765,4.917964300170879e-06,0.001410109676531223,780.5742985487104,14.814779044119257,0.3019290388535941,True,True,,2,38667,204000,36358683.22114576,216.95142126083374,a076,,,2026-08-23T21:46:01,harminv_tarama_rd0.200_dx+0.080_dy-0.100_s2_na1.3300_res20_nk6_simoto.json
harminv_tarama_rd0.200_dx+0.080_dy-0.100_s3_na1.3300_res20_nk6_simoto.json,legacy-campaign,harminv,sweep,harminv_tarama_rd0.200_dx+0.080_dy-0.100_s3_na1.3300_res20_nk6_simoto,0.2,0.08,-0.1,3,1.33,0.0,20,6,25,481.4,0.3105806451612903,0.06,1.0,1.5,1.0,pml,,,800.0,none,53.26363751639871,0.296509769328326,1623.5552747233246,30.48149451346554,1.2093804264654367e-06,0.0002209908168020651,780.5742985487104,14.654919095760004,0.3008518706581436,True,True,,2,38667,204000,36330069.92415483,217.1222906112671,a046,,,2026-08-23T21:46:43,harminv_tarama_rd0.200_dx+0.080_dy-0.100_s3_na1.3300_res20_nk6_simoto.json
harminv_tarama_rd0.200_dx+0.080_dy-0.150_s1_na1.3300_res20_nk6_simoto.json,legacy-campaign,harminv,sweep,harminv_tarama_rd0.200_dx+0.080_dy-0.150_s1_na1.3300_res20_nk6_simoto,0.2,0.08,-0.15,1,1.33,0.0,20,6,25,481.4,0.3105806451612903,0.06,1.0,1.5,1.0,pml,,,800.0,none,52.89350347088317,0.2973109480624141,1619.1801988366076,30.612080739328118,1.574514723349198e-07,0.010060999199308182,780.5742985487104,14.757470149021254,0.3121948700647593,True,True,,2,38667,204000,35821927.91955707,220.20221853256226,a083,,,2026-08-23T21:44:59,harminv_tarama_rd0.200_dx+0.080_dy-0.150_s1_na1.3300_res20_nk6_simoto.json
harminv_tarama_rd0.200_dx+0.080_dy-0.150_s2_na1.3300_res20_nk6_simoto.json,legacy-campaign,harminv,sweep,harminv_tarama_rd0.200_dx+0.080_dy-0.150_s2_na1.3300_res20_nk6_simoto,0.2,0.08,-0.15,2,1.33,0.0,20,6,25,481.4,0.3105806451612903,0.06,1.0,1.5,1.0,pml,,,800.0,none,52.724604835028316,0.2966372584936688,1622.8575009240608,30.779889313573253,5.4337837312443986e-06,0.00161382198348188,780.5742985487104,14.804744407114553,0.302656848081164,True,True,,3,38667,204000,36362124.786995664,216.93088746070862,a085,,,2026-08-23T21:44:30,harminv_tarama_rd0.200_dx+0.080_dy-0.150_s2_na1.3300_res20_nk6_simoto.json
harminv_tarama_rd0.200_dx+0.080_dy-0.150_s3_na1.3300_res20_nk6_simoto.json,legacy-campaign,harminv,sweep,harminv_tarama_rd0.200_dx+0.080_dy-0.150_s3_na1.3300_res20_nk6_simoto,0.2,0.08,-0.15,3,1.33,0.0,20,6,25,481.4,0.3105806451612903,0.06,1.0,1.5,1.0,pml,,,800.0,none,53.13767026566893,0.29652800964408443,1623.4554050317643,30.551873970294153,7.471420926071708e-08,0.0002501304537592769,780.5742985487104,14.689659795887254,0.3011101150198836,True,True,,2,38667,204000,36463964.297841154,216.3250253200531,a076,,,2026-08-23T21:44:53,harminv_tarama_rd0.200_dx+0.080_dy-0.150_s3_na1.3300_res20_nk6_simoto.json
harminv_uretim_rd0.050_dx+0.000_dy+0.000_s4_na1.3300_res24_nk12_simoto.json,legacy-campaign,harminv,production,harminv_uretim_rd0.050_dx+0.000_dy+0.000_s4_na1.3300_res24_nk12_simoto,0.05,0.0,0.0,4,1.33,0.0,24,12,25,481.4,0.3105806451612903,0.06,1.0,1.5,1.0,pml,,,17750.0,even,5568.963998857091,0.30692182293614256,1568.4775862293732,0.28164620682612945,2.0187888859600877e-10,6.687963452842318,17318.992249049512,3.1099127688029338,0.4482645675634634,True,True,,1,860001,501120,394161700.19683874,546.6838874816895,a047,,,2026-08-31T15:37:28,harminv_uretim_rd0.050_dx+0.000_dy+0.000_s4_na1.3300_res24_nk12_simoto.json
harminv_uretim_rd0.055_dx+0.000_dy+0.000_s4_na1.3300_res24_nk12_simoto.json,legacy-campaign,harminv,production,harminv_uretim_rd0.055_dx+0.000_dy+0.000_s4_na1.3300_res24_nk12_simoto,0.055,0.0,0.0,4,1.33,0.0,24,12,25,481.4,0.3105806451612903,0.06,1.0,1.5,1.0,pml,,,17750.0,even,6369.737724766953,0.30583122376504124,1574.0708030839967,0.24711705114068674,3.61027591066263e-10,6.36695407624817,17318.992249049512,2.718949036427266,0.4328239858002212,True,True,,1,860001,501120,386983990.45594597,556.823682308197,a047,,,2026-08-31T15:37:32,harminv_uretim_rd0.055_dx+0.000_dy+0.000_s4_na1.3300_res24_nk12_simoto.json
harminv_uretim_rd0.060_dx+0.000_dy+0.000_s2_na1.3300_res24_nk12_simoto.json,legacy-campaign,harminv,production,harminv_uretim_rd0.060_dx+0.000_dy+0.000_s2_na1.3300_res24_nk12_simoto,0.06,0.0,0.0,2,1.33,0.0,24,12,25,481.4,0.3105806451612903,0.06,1.0,1.5,1.0,pml,,,800.0,even,161.76322934369932,0.3048807691556987,1578.9779110474335,9.761043455015166,3.7390574012594533e-10,3.078907264991473,780.5742985487104,4.825412435914094,0.41936755515486906,True,True,,3,46400,501120,339499125.23021346,34.2445182800293,a047,,,2026-08-31T15:37:42,harminv_uretim_rd0.060_dx+0.000_dy+0.000_s2_na1.3300_res24_nk12_simoto.json
harminv_uretim_rd0.060_dx+0.000_dy+0.000_s3_na1.3300_res24_nk12_simoto.json,legacy-campaign,harminv,production,harminv_uretim_rd0.060_dx+0.000_dy+0.000_s3_na1.3300_res24_nk12_simoto,0.06,0.0,0.0,3,1.33,0.0,24,12,25,481.4,0.3105806451612903,0.06,1.0,1.5,1.0,pml,,,4600.0,even,987.2730240526414,0.3047539279034452,1579.6350954745408,1.5999982345211072,2.9294014032016555e-12,5.480749743192008,4488.3022166550845,4.546161099622801,0.41757175081330233,True,True,,1,228801,501120,349133108.6353004,164.20206832885742,a047,,,2026-08-31T15:37:41,harminv_uretim_rd0.060_dx+0.000_dy+0.000_s3_na1.3300_res24_nk12_simoto.json
harminv_uretim_rd0.060_dx+0.000_dy+0.000_s4_na1.3000_res24_nk12_simoto.json,legacy-campaign,harminv,production,harminv_uretim_rd0.060_dx+0.000_dy+0.000_s4_na1.3000_res24_nk12_simoto,0.06,0.0,0.0,4,1.3,0.0,24,12,25,481.4,0.3105806451612903,0.06,1.0,1.5,1.0,pml,,,17750.0,even,8327.195805384941,0.3084414432667531,1560.7500564820825,0.18742804816392014,1.3371238641722074e-10,7.611699219140059,17318.992249049512,2.079810857557817,0.42774411883561236,True,True,,1,860001,501120,380960699.39140904,565.6275067329407,a047,,,2026-08-31T15:28:00,harminv_uretim_rd0.060_dx+0.000_dy+0.000_s4_na1.3000_res24_nk12_simoto.json
harminv_uretim_rd0.060_dx+0.000_dy+0.000_s4_na1.3050_res24_nk12_simoto.json,legacy-campaign,harminv,production,harminv_uretim_rd0.060_dx+0.000_dy+0.000_s4_na1.3050_res24_nk12_simoto,0.06,0.0,0.0,4,1.305,0.0,24,12,25,481.4,0.3105806451612903,0.06,1.0,1.5,1.0,pml,,,17750.0,even,8136.666856517742,0.3077910931089391,1564.0478583622107,0.1922221821223215,2.332283533837133e-10,7.379611896089614,17318.992249049512,2.128511902287903,0.42567259576059097,True,True,,1,860001,501120,377149558.523337,571.3432395458221,a047,,,2026-08-31T15:28:00,harminv_uretim_rd0.060_dx+0.000_dy+0.000_s4_na1.3050_res24_nk12_simoto.json
harminv_uretim_rd0.060_dx+0.000_dy+0.000_s4_na1.3100_res24_nk12_simoto.json,legacy-campaign,harminv,production,harminv_uretim_rd0.060_dx+0.000_dy+0.000_s4_na1.3100_res24_nk12_simoto,0.06,0.0,0.0,4,1.31,0.0,24,12,25,481.4,0.3105806451612903,0.06,1.0,1.5,1.0,pml,,,17750.0,even,7925.778056067541,0.3071457622220781,1567.3340127412514,0.19775143861634964,1.3953218769453167e-10,7.1233673315972865,17318.992249049512,2.1851472658625664,0.4236191391954889,True,True,,1,860001,501120,371890919.96557724,579.4221880435944,a047,,,2026-08-31T15:28:00,harminv_uretim_rd0.060_dx+0.000_dy+0.000_s4_na1.3100_res24_nk12_simoto.json
harminv_uretim_rd0.060_dx+0.000_dy+0.000_s4_na1.3150_res24_nk12_simoto.json,legacy-campaign,harminv,production,harminv_uretim_rd0.060_dx+0.000_dy+0.000_s4_na1.3150_res24_nk12_simoto,0.06,0.0,0.0,4,1.315,0.0,24,12,25,481.4,0.3105806451612903,0.06,1.0,1.5,1.0,pml,,,17750.0,even,7697.7348607918075,0.30650542715294316,1570.6084047894726,0.20403513932251963,3.305531195779663e-10,6.845449565842909,17318.992249049512,2.2498816291092725,0.42158408580199674,True,True,,1,860001,501120,375014401.7770462,574.5962009429932,a047,,,2026-08-31T15:28:00,harminv_uretim_rd0.060_dx+0.000_dy+0.000_s4_na1.3150_res24_nk12_simoto.json
harminv_uretim_rd0.060_dx+0.000_dy+0.000_s4_na1.3200_res24_nk12_simoto.json,legacy-campaign,harminv,production,harminv_uretim_rd0.060_dx+0.000_dy+0.000_s4_na1.3200_res24_nk12_simoto,0.06,0.0,0.0,4,1.32,0.0,24,12,25,481.4,0.3105806451612903,0.06,1.0,1.5,1.0,pml,,,17750.0,even,7453.343750027237,0.3058700516142559,1573.8709869088832,0.21116307521749977,1.704411928349754e-10,6.550815217171983,17318.992249049512,2.323654030982567,0.4195676115105504,True,True,,1,860001,501120,378465487.37932765,569.3566725254059,a047,,,2026-08-31T15:28:00,harminv_uretim_rd0.060_dx+0.000_dy+0.000_s4_na1.3200_res24_nk12_simoto.json
harminv_uretim_rd0.060_dx+0.000_dy+0.000_s4_na1.3250_res24_nk12_simoto.json,legacy-campaign,harminv,production,harminv_uretim_rd0.060_dx+0.000_dy+0.000_s4_na1.3250_res24_nk12_simoto,0.06,0.0,0.0,4,1.325,0.0,24,12,25,481.4,0.3105806451612903,0.06,1.0,1.5,1.0,pml,,,17750.0,even,7196.22505756595,0.30523961212331047,1577.1216476501234,0.21915957811685904,9.635081227101389e-11,6.241670473527999,17318.992249049512,2.406677405237724,0.41757008002391605,True,True,,1,860001,501120,375305906.20522285,574.1499054431915,a047,,,2026-08-31T15:28:00,harminv_uretim_rd0.060_dx+0.000_dy+0.000_s4_na1.3250_res24_nk12_simoto.json
harminv_uretim_rd0.060_dx+0.000_dy+0.000_s4_na1.3300_res24_nk12_simoto.json,legacy-campaign,harminv,production,harminv_uretim_rd0.060_dx+0.000_dy+0.000_s4_na1.3300_res24_nk12_simoto,0.06,0.0,0.0,4,1.33,0.0,24,12,25,481.4,0.3105806451612903,0.06,1.0,1.5,1.0,pml,,,17750.0,even,6927.269983729058,0.3046140803927808,1580.3603017275655,0.2281360919149325,1.27209259584707e-10,5.9229048046660635,17318.992249049512,2.5001179815033607,0.41559180531176804,True,True,,1,860001,501120,369285591.3692308,583.5100409984589,a047,,,2026-08-31T15:28:00,harminv_uretim_rd0.060_dx+0.000_dy+0.000_s4_na1.3300_res24_nk12_simoto.json
harminv_uretim_rd0.060_dx+0.000_dy+0.000_s4_na1.3350_res24_nk12_simoto.json,legacy-campaign,harminv,production,harminv_uretim_rd0.060_dx+0.000_dy+0.000_s4_na1.3350_res24_nk12_simoto,0.06,0.0,0.0,4,1.335,0.0,24,12,25,481.4,0.3105806451612903,0.06,1.0,1.5,1.0,pml,,,17750.0,even,6648.786942664361,0.3039934283605554,1583.586864348361,0.23817680999622645,1.4372955090745714e-10,5.59786592813834,17318.992249049512,2.604834896711142,0.4136331205631361,True,True,,1,860001,501120,374231433.8641947,575.7983725070953,a047,,,2026-08-31T15:28:00,harminv_uretim_rd0.060_dx+0.000_dy+0.000_s4_na1.3350_res24_nk12_simoto.json
harminv_uretim_rd0.060_dx+0.000_dy+0.000_s4_na1.3400_res24_nk12_simoto.json,legacy-campaign,harminv,production,harminv_uretim_rd0.060_dx+0.000_dy+0.000_s4_na1.3400_res24_nk12_simoto,0.06,0.0,0.0,4,1.34,0.0,24,12,25,481.4,0.3105806451612903,0.06,1.0,1.5,1.0,pml,,,17750.0,even,6363.070913107465,0.30337763040635285,1586.8012396141362,0.249376639249052,1.2788802742756474e-10,5.269699348681848,17318.992249049512,2.721797774306372,0.4116944116177652,True,True,,1,860001,501120,373659500.9422747,576.6797044277191,a047,,,2026-08-31T15:28:00,harminv_uretim_rd0.060_dx+0.000_dy+0.000_s4_na1.3400_res24_nk12_simoto.json
harminv_uretim_rd0.060_dx+0.000_dy+0.000_s4_na1.3450_res24_nk12_simoto.json,legacy-campaign,harminv,production,harminv_uretim_rd0.060_dx+0.000_dy+0.000_s4_na1.3450_res24_nk12_simoto,0.06,0.0,0.0,4,1.345,0.0,24,12,25,481.4,0.3105806451612903,0.06,1.0,1.5,1.0,pml,,,17750.0,even,6072.122791117902,0.30276666228466786,1590.0033258859164,0.26185295992559965,1.6059141956280098e-10,4.941601339375378,17318.992249049512,2.8522137718267415,0.40977610470615383,True,True,,1,860001,501120,375095821.8877697,574.471476316452,a047,,,2026-08-31T15:28:00,harminv_uretim_rd0.060_dx+0.000_dy+0.000_s4_na1.3450_res24_nk12_simoto.json
harminv_uretim_rd0.060_dx+0.000_dy+0.000_s4_na1.3500_res24_nk12_simoto.json,legacy-campaign,harminv,production,harminv_uretim_rd0.060_dx+0.000_dy+0.000_s4_na1.3500_res24_nk12_simoto,0.06,0.0,0.0,4,1.35,0.0,24,12,25,481.4,0.3105806451612903,0.06,1.0,1.5,1.0,pml,,,17750.0,even,5777.877164273409,0.3021605002410607,1593.1930203184854,0.27574020267681404,3.330501951224986e-10,4.6165440668915005,17318.992249049512,2.9974663283149674,0.4078786559490269,True,True,,1,860001,501120,369363602.65437543,583.3868010044098,a047,,,2026-08-31T15:28:00,harminv_uretim_rd0.060_dx+0.000_dy+0.000_s4_na1.3500_res24_nk12_simoto.json
harminv_uretim_rd0.060_dx+0.000_dy+0.000_s4_na1.3550_res24_nk12_simoto.json,legacy-campaign,harminv,production,harminv_uretim_rd0.060_dx+0.000_dy+0.000_s4_na1.3550_res24_nk12_simoto,0.06,0.0,0.0,4,1.355,0.0,24,12,25,481.4,0.3105806451612903,0.06,1.0,1.5,1.0,pml,,,17750.0,even,5481.913086015754,0.3015591220913605,1596.3702131158043,0.291206771808935,3.319238593061475e-10,4.297592531654812,17318.992249049512,3.1592971244345156,0.4058144801292442,True,True,,1,860001,501120,373273021.8408771,577.2767865657806,a047,,,2026-08-31T15:28:00,harminv_uretim_rd0.060_dx+0.000_dy+0.000_s4_na1.3550_res24_nk12_simoto.json
harminv_uretim_rd0.060_dx+0.000_dy+0.000_s4_na1.3600_res24_nk12_simoto.json,legacy-campaign,harminv,production,harminv_uretim_rd0.060_dx+0.000_dy+0.000_s4_na1.3600_res24_nk12_simoto,0.06,0.0,0.0,4,1.36,0.0,24,12,25,481.4,0.3105806451612903,0.06,1.0,1.5,1.0,pml,,,17750.0,even,5186.403165416154,0.3009625106956169,1599.5347689230016,0.3084092612755175,1.9850831402190934e-10,3.986762739454228,17318.992249049512,3.3393069718404447,0.40376985312153113,True,True,,1,860001,501120,372445459.5007437,578.5594778060913,a047,,,2026-08-31T15:28:00,harminv_uretim_rd0.060_dx+0.000_dy+0.000_s4_na1.3600_res24_nk12_simoto.json
harminv_uretim_rd0.060_dx+0.000_dy+0.000_s4_na1.3650_res24_nk12_simoto.json,legacy-campaign,harminv,production,harminv_uretim_rd0.060_dx+0.000_dy+0.000_s4_na1.3650_res24_nk12_simoto,0.06,0.0,0.0,4,1.365,0.0,24,12,25,481.4,0.3105806451612903,0.06,1.0,1.5,1.0,pml,,,17750.0,even,4893.798396410593,0.30037064647370715,1602.6865662525356,0.3274933776242279,4.130671280896411e-10,3.6852773358751043,17318.992249049512,3.5389672491928366,0.4017452393478522,True,True,,1,860001,501120,372366507.1700624,578.6821489334106,a047,,,2026-08-31T15:28:00,harminv_uretim_rd0.060_dx+0.000_dy+0.000_s4_na1.3650_res24_nk12_simoto.json
harminv_uretim_rd0.060_dx+0.000_dy+0.000_s4_na1.3700_res24_nk12_simoto.json,legacy-campaign,harminv,production,harminv_uretim_rd0.060_dx+0.000_dy+0.000_s4_na1.3700_res24_nk12_simoto,0.06,0.0,0.0,4,1.37,0.0,24,12,25,481.4,0.3105806451612903,0.06,1.0,1.5,1.0,pml,,,17750.0,even,4605.091436727651,0.29978351394028707,1605.8254627567296,0.34870653163356496,2.8035695855269217e-10,3.3957828661657214,17318.992249049512,3.7608356939284313,0.3997411921552131,True,True,,1,860001,501120,371678734.042602,579.7529716491699,a047,,,2026-08-31T15:28:00,harminv_uretim_rd0.060_dx+0.000_dy+0.000_s4_na1.3700_res24_nk12_simoto.json
harminv_uretim_rd0.060_dx+0.000_dy+0.000_s4_na1.3750_res24_nk12_simoto.json,legacy-campaign,harminv,production,harminv_uretim_rd0.060_dx+0.000_dy+0.000_s4_na1.3750_res24_nk12_simoto,0.06,0.0,0.0,4,1.375,0.0,24,12,25,481.4,0.3105806451612903,0.06,1.0,1.5,1.0,pml,,,17750.0,even,4322.890570638336,0.2992011070486599,1608.9512660850837,0.37219338306023775,3.2324729386858876e-10,3.118411419503411,17318.992249049512,4.006345283566158,0.39775844481202577,True,True,,1,860001,501120,360565099.67484426,597.6225950717926,a047,,,2026-08-31T15:28:00,harminv_uretim_rd0.060_dx+0.000_dy+0.000_s4_na1.3750_res24_nk12_simoto.json
harminv_uretim_rd0.060_dx+0.000_dy+0.000_s4_na1.3800_res24_nk12_simoto.json,legacy-campaign,harminv,production,harminv_uretim_rd0.060_dx+0.000_dy+0.000_s4_na1.3800_res24_nk12_simoto,0.06,0.0,0.0,4,1.38,0.0,24,12,25,481.4,0.3105806451612903,0.06,1.0,1.5,1.0,pml,,,17750.0,even,4048.191775017613,0.2986234186501697,1612.0637898260375,0.3982182365406895,4.915431410152041e-10,2.8550019393051587,17318.992249049512,4.278204495135155,0.3957977527845462,True,True,,1,860001,501120,332909541.770204,647.2684724330902,a047,,,2026-08-31T15:28:00,harminv_uretim_rd0.060_dx+0.000_dy+0.000_s4_na1.3800_res24_nk12_simoto.json
harminv_uretim_rd0.060_dx+0.000_dy+0.000_s4_na1.3850_res24_nk12_simoto.json,legacy-campaign,harminv,production,harminv_uretim_rd0.060_dx+0.000_dy+0.000_s4_na1.3850_res24_nk12_simoto,0.06,0.0,0.0,4,1.385,0.0,24,12,25,481.4,0.3105806451612903,0.06,1.0,1.5,1.0,pml,,,17750.0,even,3783.0652519415344,0.2980504496338544,1615.1628041205263,0.42694553134963686,5.133112439092755e-10,2.6054764811775595,17318.992249049512,4.578031594924541,0.39386004469638547,True,True,,1,860001,501120,366705756.0137416,587.6151301860809,a047,,,2026-08-31T15:28:00,harminv_uretim_rd0.060_dx+0.000_dy+0.000_s4_na1.3850_res24_nk12_simoto.json
harminv_uretim_rd0.060_dx+0.000_dy+0.000_s4_na1.3900_res24_nk12_simoto.json,legacy-campaign,harminv,production,harminv_uretim_rd0.060_dx+0.000_dy+0.000_s4_na1.3900_res24_nk12_simoto,0.06,0.0,0.0,4,1.39,0.0,24,12,25,481.4,0.3105806451612903,0.06,1.0,1.5,1.0,pml,,,17750.0,even,3528.7059963315087,0.2974822114813714,1618.2480209582068,0.458595310190353,5.152137227520955e-10,2.370563794764339,17318.992249049512,4.90802925124807,0.39194647681318573,True,True,,1,860001,501120,378404211.3936145,569.4488699436188,a047,,,2026-08-31T15:28:00,harminv_uretim_rd0.060_dx+0.000_dy+0.000_s4_na1.3900_res24_nk12_simoto.json
harminv_uretim_rd0.060_dx+0.000_dy+0.000_s4_na1.3950_res24_nk12_simoto.json,legacy-campaign,harminv,production,harminv_uretim_rd0.060_dx+0.000_dy+0.000_s4_na1.3950_res24_nk12_simoto,0.06,0.0,0.0,4,1.395,0.0,24,12,25,481.4,0.3105806451612903,0.06,1.0,1.5,1.0,pml,,,17750.0,even,3286.258388723627,0.2969187200889909,1621.3191268496555,0.49336325238849255,5.657718867241061e-10,2.150701687669333,17318.992249049512,5.270124926414005,0.3900583453382241,True,True,,1,860001,501120,363297406.54837304,593.1279625892639,a047,,,2026-08-31T15:28:00,harminv_uretim_rd0.060_dx+0.000_dy+0.000_s4_na1.3950_res24_nk12_simoto.json
harminv_uretim_rd0.060_dx+0.000_dy+0.000_s4_na1.4000_res24_nk12_simoto.json,legacy-campaign,harminv,production,harminv_uretim_rd0.060_dx+0.000_dy+0.000_s4_na1.4000_res24_nk12_simoto,0.06,0.0,0.0,4,1.4,0.0,24,12,25,481.4,0.3105806451612903,0.06,1.0,1.5,1.0,pml,,,17750.0,even,3056.874649709257,0.2963600009402081,1624.3757540584045,0.5313844825835108,6.610589001127501e-10,1.945941369335828,17318.992249049512,5.665587972570855,0.38819718472127024,True,True,,1,860001,501120,362408532.74356186,594.582718372345,a047,,,2026-08-31T15:28:00,harminv_uretim_rd0.060_dx+0.000_dy+0.000_s4_na1.4000_res24_nk12_simoto.json
harminv_uretim_rd0.060_dx+0.000_dy+0.000_s4_na1.4050_res24_nk12_simoto.json,legacy-campaign,harminv,production,harminv_uretim_rd0.060_dx+0.000_dy+0.000_s4_na1.4050_res24_nk12_simoto,0.06,0.0,0.0,4,1.405,0.0,24,12,25,481.4,0.3105806451612903,0.06,1.0,1.5,1.0,pml,,,17750.0,even,2841.564363838385,0.29580608967821564,1627.4174765086057,0.5727188506510865,7.438537172558499e-10,1.756200582038011,17318.992249049512,6.0948794507174275,0.38615334840499493,True,True,,1,860001,501120,352368528.36473066,611.5241096019745,a047,,,2026-08-31T15:28:00,harminv_uretim_rd0.060_dx+0.000_dy+0.000_s4_na1.4050_res24_nk12_simoto.json
harminv_uretim_rd0.060_dx+0.000_dy+0.000_s4_na1.4100_res24_nk12_simoto.json,legacy-campaign,harminv,production,harminv_uretim_rd0.060_dx+0.000_dy+0.000_s4_na1.4100_res24_nk12_simoto,0.06,0.0,0.0,4,1.41,0.0,24,12,25,481.4,0.3105806451612903,0.06,1.0,1.5,1.0,pml,,,17750.0,even,2641.2345069943294,0.2952570319326829,1630.4438097506743,0.6173036909191701,7.380416852856786e-10,1.5812288649261603,17318.992249049512,6.557158102844177,0.3841370639148935,True,True,,1,860001,501120,368883875.88567674,584.1454849243164,a047,,,2026-08-31T15:28:00,harminv_uretim_rd0.060_dx+0.000_dy+0.000_s4_na1.4100_res24_nk12_simoto.json
harminv_uretim_rd0.060_dx+0.000_dy+0.000_s4_na1.4150_res24_nk12_simoto.json,legacy-campaign,harminv,production,harminv_uretim_rd0.060_dx+0.000_dy+0.000_s4_na1.4150_res24_nk12_simoto,0.06,0.0,0.0,4,1.415,0.0,24,12,25,481.4,0.3105806451612903,0.06,1.0,1.5,1.0,pml,,,17750.0,even,2456.748557526821,0.29471288205719043,1633.454216998163,0.6648845735529978,8.312079451551526e-10,1.420522930909585,17318.992249049512,7.049558326182281,0.3821504785967951,True,True,,1,860001,501120,366172550.3521976,588.4707915782928,a047,,,2026-08-31T15:28:00,harminv_uretim_rd0.060_dx+0.000_dy+0.000_s4_na1.4150_res24_nk12_simoto.json
harminv_uretim_rd0.060_dx+0.000_dy+0.000_s4_na1.4200_res24_nk12_simoto.json,legacy-campaign,harminv,production,harminv_uretim_rd0.060_dx+0.000_dy+0.000_s4_na1.4200_res24_nk12_simoto,0.06,0.0,0.0,4,1.42,0.0,24,12,25,481.4,0.3105806451612903,0.06,1.0,1.5,1.0,pml,,,17750.0,even,2288.9042174146375,0.29417369867702603,1636.4481330757246,0.714948279890945,1.0231997561526646e-09,1.273386019954673,17318.992249049512,7.566499339413886,0.38019594133721907,True,True,,3,860001,501120,376898622.97795033,571.72363448143,a047,,,2026-08-31T15:28:00,harminv_uretim_rd0.060_dx+0.000_dy+0.000_s4_na1.4200_res24_nk12_simoto.json
harminv_uretim_rd0.060_dx+0.000_dy+0.000_s4_na1.4250_res24_nk12_simoto.json,legacy-campaign,harminv,production,harminv_uretim_rd0.060_dx+0.000_dy+0.000_s4_na1.4250_res24_nk12_simoto,0.06,0.0,0.0,4,1.425,0.0,24,12,25,481.4,0.3105806451612903,0.06,1.0,1.5,1.0,pml,,,17750.0,even,2138.296303614139,0.29363954203817993,1639.4249788654379,0.766696821247125,1.061378146618838e-09,1.1392385029164638,17318.992249049512,8.099435153012717,0.37827596883969467,True,True,,3,860001,501120,371633855.5820214,579.8229825496674,a047,,,2026-08-31T15:28:00,harminv_uretim_rd0.060_dx+0.000_dy+0.000_s4_na1.4250_res24_nk12_simoto.json
harminv_uretim_rd0.060_dx+0.000_dy+0.000_s4_na1.4300_res24_nk12_simoto.json,legacy-campaign,harminv,production,harminv_uretim_rd0.060_dx+0.000_dy+0.000_s4_na1.4300_res24_nk12_simoto,0.06,0.0,0.0,4,1.43,0.0,24,12,25,481.4,0.3105806451612903,0.06,1.0,1.5,1.0,pml,,,17750.0,even,2005.5953643023822,0.2931104665864094,1642.3842028107263,0.8189010764801036,1.2693032732171958e-09,1.0170994006783785,17318.992249049512,8.635337195782599,0.37639312024101285,True,True,,3,860001,501120,371740684.2953405,579.6563563346863,a047,,,2026-08-31T15:28:00,harminv_uretim_rd0.060_dx+0.000_dy+0.000_s4_na1.4300_res24_nk12_simoto.json
harminv_uretim_rd0.060_dx+0.000_dy+0.000_s4_na1.4350_res24_nk12_simoto.json,legacy-campaign,harminv,production,harminv_uretim_rd0.060_dx+0.000_dy+0.000_s4_na1.4350_res24_nk12_simoto,0.06,0.0,0.0,4,1.435,0.0,24,12,25,481.4,0.3105806451612903,0.06,1.0,1.5,1.0,pml,,,17750.0,even,1891.2894255766194,0.29258650168198047,1645.3253900388254,0.8699490240829724,1.3942910391187735e-09,0.9061274856160613,17318.992249049512,9.157240565530719,0.374549636514186,True,True,,3,860001,501120,374506203.4263532,575.3759179115295,a047,,,2026-08-31T15:28:00,harminv_uretim_rd0.060_dx+0.000_dy+0.000_s4_na1.4350_res24_nk12_simoto.json
harminv_uretim_rd0.060_dx+0.000_dy+0.000_s4_na1.4400_res24_nk12_simoto.json,legacy-campaign,harminv,production,harminv_uretim_rd0.060_dx+0.000_dy+0.000_s4_na1.4400_res24_nk12_simoto,0.06,0.0,0.0,4,1.44,0.0,24,12,25,481.4,0.3105806451612903,0.06,1.0,1.5,1.0,pml,,,17750.0,even,1795.7952466545341,0.29206764551101916,1648.2482993202261,0.9178375443363158,1.503662927113432e-09,0.8054104378963366,17318.992249049512,9.644190940650848,0.37274729937208617,True,True,,3,860001,501120,369672919.83652586,582.8986625671387,a047,,,2026-08-31T15:28:00,harminv_uretim_rd0.060_dx+0.000_dy+0.000_s4_na1.4400_res24_nk12_simoto.json
harminv_uretim_rd0.060_dx+0.000_dy+0.000_s4_na1.4450_res24_nk12_simoto.json,legacy-campaign,harminv,production,harminv_uretim_rd0.060_dx+0.000_dy+0.000_s4_na1.4450_res24_nk12_simoto,0.06,0.0,0.0,4,1.445,0.0,24,12,25,481.4,0.3105806451612903,0.06,1.0,1.5,1.0,pml,,,17750.0,even,1719.3249263209725,0.2915538417652844,1651.152998311548,0.9603495959572345,1.6304561368021228e-09,0.7142120135081791,17318.992249049512,10.073135091520399,0.37098694172099744,True,True,,4,860001,501120,367490935.60699576,586.3596341609955,a047,,,2026-08-31T15:28:00,harminv_uretim_rd0.060_dx+0.000_dy+0.000_s4_na1.4450_res24_nk12_simoto.json
harminv_uretim_rd0.060_dx+0.000_dy+0.000_s4_na1.4500_res24_nk12_simoto.json,legacy-campaign,harminv,production,harminv_uretim_rd0.060_dx+0.000_dy+0.000_s4_na1.4500_res24_nk12_simoto,0.06,0.0,0.0,4,1.45,0.0,24,12,25,481.4,0.3105806451612903,0.06,1.0,1.5,1.0,pml,,,17750.0,even,1661.9276288123551,0.2910449685651611,1654.0399319503128,0.9952538866763536,1.7659866605012756e-09,0.6320534500987683,17318.992249049512,10.421026733532308,0.36926815346168174,True,True,,4,860001,501120,382924531.931817,562.7266800403595,a047,,,2026-08-31T15:33:57,harminv_uretim_rd0.060_dx+0.000_dy+0.000_s4_na1.4500_res24_nk12_simoto.json
harminv_uretim_rd0.060_dx+0.000_dy+0.000_s5_na1.3300_res24_nk12_simoto.json,legacy-campaign,harminv,production,harminv_uretim_rd0.060_dx+0.000_dy+0.000_s5_na1.3300_res24_nk12_simoto,0.06,0.0,0.0,5,1.33,0.0,24,12,25,481.4,0.3105806451612903,0.06,1.0,1.5,1.0,pml,,,60000.0,even,46028.61136833864,0.30457241200530255,1580.576509968404,0.03433900052556492,1.9839211373247874e-11,5.975795872186754,58543.07239115328,1.2718843921375143,0.41500186891639107,True,True,,1,2888000,501120,400053358.98822796,1808.8019104003906,a061,,,2026-08-31T17:32:26,harminv_uretim_rd0.060_dx+0.000_dy+0.000_s5_na1.3300_res24_nk12_simoto.json
harminv_uretim_rd0.060_dx+0.000_dy+0.000_s5_na1.3300_res24_nk12_simoto_t120k.json,legacy-campaign,harminv,production,harminv_uretim_rd0.060_dx+0.000_dy+0.000_s5_na1.3300_res24_nk12_simoto_t120k,0.06,0.0,0.0,5,1.33,0.0,24,12,25,481.4,0.3105806451612903,0.06,1.0,1.5,1.0,pml,,,120000.0,even,46029.76668886821,0.3045724120123821,1580.5765099316648,0.03433813863570831,5.996831775300273e-12,5.975746109323263,117086.14478230655,2.5437049371493456,0.41500186901662267,True,True,,1,5768001,501120,413266425.9523435,3497.091076850891,a082,,,2026-09-07T11:45:06,harminv_uretim_rd0.060_dx+0.000_dy+0.000_s5_na1.3300_res24_nk12_simoto_t120k.json
harminv_uretim_rd0.065_dx+0.000_dy+0.000_s4_na1.3300_res24_nk12_simoto.json,legacy-campaign,harminv,production,harminv_uretim_rd0.065_dx+0.000_dy+0.000_s4_na1.3300_res24_nk12_simoto,0.065,0.0,0.0,4,1.33,0.0,24,12,25,481.4,0.3105806451612903,0.06,1.0,1.5,1.0,pml,,,17750.0,even,6949.128997667815,0.30343494489468587,1586.501515727139,0.22830221114899174,1.0491345240156506e-10,5.424664563781599,17318.992249049512,2.4922536701882936,0.3988977360783476,True,True,,1,860001,501120,397510562.2234132,542.0783019065857,a047,,,2026-08-31T15:37:32,harminv_uretim_rd0.065_dx+0.000_dy+0.000_s4_na1.3300_res24_nk12_simoto.json
harminv_uretim_rd0.070_dx+0.000_dy+0.000_s4_na1.3300_res24_nk12_simoto.json,legacy-campaign,harminv,production,harminv_uretim_rd0.070_dx+0.000_dy+0.000_s4_na1.3300_res24_nk12_simoto,0.07,0.0,0.0,4,1.33,0.0,24,12,25,481.4,0.3105806451612903,0.06,1.0,1.5,1.0,pml,,,17750.0,even,6139.052283998476,0.30188295004653337,1594.6577967579658,0.25975634723204155,3.563521108029399e-10,4.704342361611747,17318.992249049512,2.821118219532305,0.3769247656378604,True,True,,1,860001,501120,381993607.7426208,564.0980534553528,a047,,,2026-08-31T15:37:34,harminv_uretim_rd0.070_dx+0.000_dy+0.000_s4_na1.3300_res24_nk12_simoto.json
harminv_uretim_rd0.075_dx+0.000_dy+0.000_s4_na1.3300_res24_nk12_simoto.json,legacy-campaign,harminv,production,harminv_uretim_rd0.075_dx+0.000_dy+0.000_s4_na1.3300_res24_nk12_simoto,0.075,0.0,0.0,4,1.33,0.0,24,12,25,481.4,0.3105806451612903,0.06,1.0,1.5,1.0,pml,,,17750.0,even,4719.79241425949,0.30039435528115704,1602.5600732391556,0.33954037224126277,2.2138939938106075e-10,3.987653855772502,17318.992249049512,3.6694394009205102,0.3558494065176836,True,True,,1,860001,501120,396411553.24536866,543.5811564922333,a047,,,2026-08-31T15:37:35,harminv_uretim_rd0.075_dx+0.000_dy+0.000_s4_na1.3300_res24_nk12_simoto.json
harminv_uretim_rd0.080_dx+0.000_dy+0.000_s4_na1.3300_res24_nk12_simoto.json,legacy-campaign,harminv,production,harminv_uretim_rd0.080_dx+0.000_dy+0.000_s4_na1.3300_res24_nk12_simoto,0.08,0.0,0.0,4,1.33,0.0,24,12,25,481.4,0.3105806451612903,0.06,1.0,1.5,1.0,pml,,,17750.0,even,3110.661637195706,0.2988152622795647,1611.028822047293,0.5179055165574525,5.089145771126835e-10,3.2510943318859327,17318.992249049512,5.567623312660507,0.3334927834347698,True,True,,1,860001,501120,376157841.1270491,572.8495514392853,a047,,,2026-08-31T15:37:37,harminv_uretim_rd0.080_dx+0.000_dy+0.000_s4_na1.3300_res24_nk12_simoto.json
harminv_uretim_rd0.085_dx+0.000_dy+0.000_s4_na1.3300_res24_nk12_simoto.json,legacy-campaign,harminv,production,harminv_uretim_rd0.085_dx+0.000_dy+0.000_s4_na1.3300_res24_nk12_simoto,0.085,0.0,0.0,4,1.33,0.0,24,12,25,481.4,0.3105806451612903,0.06,1.0,1.5,1.0,pml,,,17750.0,even,2036.635790464137,0.29713287576292596,1620.1505766197868,0.7955033414445517,1.1816844079086544e-09,2.5514666614343033,17318.992249049512,8.50372576684544,0.30967374225458644,True,True,,1,860001,501120,373232200.3212646,577.3399250507355,a047,,,2026-08-31T15:37:37,harminv_uretim_rd0.085_dx+0.000_dy+0.000_s4_na1.3300_res24_nk12_simoto.json
harminv_uretim_rd0.090_dx+0.000_dy+0.000_s4_na1.3300_res24_nk12_simoto.json,legacy-campaign,harminv,production,harminv_uretim_rd0.090_dx+0.000_dy+0.000_s4_na1.3300_res24_nk12_simoto,0.09,0.0,0.0,4,1.33,0.0,24,12,25,481.4,0.3105806451612903,0.06,1.0,1.5,1.0,pml,,,17750.0,even,2209.252354533269,0.29535130329785075,1629.9233984233551,0.7377714886571642,1.051892462234067e-11,1.88588414420095,17318.992249049512,7.839300120473722,0.2844504374483342,True,True,,1,860001,501120,379711223.49076605,567.4887578487396,a047,,,2026-08-31T15:37:37,harminv_uretim_rd0.090_dx+0.000_dy+0.000_s4_na1.3300_res24_nk12_simoto.json
harminv_uretim_rd0.095_dx+0.000_dy+0.000_s4_na1.3300_res24_nk12_simoto.json,legacy-campaign,harminv,production,harminv_uretim_rd0.095_dx+0.000_dy+0.000_s4_na1.3300_res24_nk12_simoto,0.095,0.0,0.0,4,1.33,0.0,24,12,25,481.4,0.3105806451612903,0.06,1.0,1.5,1.0,pml,,,17750.0,even,3549.818582422551,0.2935279530025753,1640.0482307583713,0.4620090274132068,4.1077895141957405e-10,1.328013435515744,17318.992249049512,4.878838691872044,0.25863564676881967,True,True,,1,860001,501120,368885976.35602546,584.1421587467194,a047,,,2026-08-31T15:37:38,harminv_uretim_rd0.095_dx+0.000_dy+0.000_s4_na1.3300_res24_nk12_simoto.json
harminv_uretim_rd0.100_dx+0.000_dy+0.000_s4_na1.3300_res24_nk12_simoto.json,legacy-campaign,harminv,production,harminv_uretim_rd0.100_dx+0.000_dy+0.000_s4_na1.3300_res24_nk12_simoto,0.1,0.0,0.0,4,1.33,0.0,24,12,25,481.4,0.3105806451612903,0.06,1.0,1.5,1.0,pml,,,17750.0,even,5041.10235127279,0.29166035817253344,1650.549985662518,0.3274184633933852,1.3452986822430978e-12,0.8934197993497861,17318.992249049512,3.435556559306274,0.23219444688715354,True,True,,1,860001,501120,380414225.74540895,566.4400434494019,a047,,,2026-08-31T15:37:39,harminv_uretim_rd0.100_dx+0.000_dy+0.000_s4_na1.3300_res24_nk12_simoto.json
harminv_uretim_rd0.105_dx+0.000_dy+0.000_s4_na1.3300_res24_nk12_simoto.json,legacy-campaign,harminv,production,harminv_uretim_rd0.105_dx+0.000_dy+0.000_s4_na1.3300_res24_nk12_simoto,0.105,0.0,0.0,4,1.33,0.0,24,12,25,481.4,0.3105806451612903,0.06,1.0,1.5,1.0,pml,,,17750.0,even,5398.562912495822,0.2897884554536529,1661.2117941219792,0.30771370474850696,2.872476625026583e-10,0.5721583139512395,17318.992249049512,3.208074543127391,0.2056922563944513,True,True,,1,860001,501120,367354700.11069834,586.5770888328552,a047,,,2026-08-31T15:37:40,harminv_uretim_rd0.105_dx+0.000_dy+0.000_s4_na1.3300_res24_nk12_simoto.json
harminv_uretim_rd0.110_dx+0.000_dy+0.000_s4_na1.3300_res24_nk12_simoto.json,legacy-campaign,harminv,production,harminv_uretim_rd0.110_dx+0.000_dy+0.000_s4_na1.3300_res24_nk12_simoto,0.11,0.0,0.0,4,1.33,0.0,24,12,25,481.4,0.3105806451612903,0.06,1.0,1.5,1.0,pml,,,17750.0,even,4169.0802305647,0.2879300818867977,1671.9336751665521,0.40103178224039343,3.73804102077198e-10,0.34944362032580706,17318.992249049512,4.154151825162564,0.17938161013135243,True,False,gap position outside 0.2-0.8,1,860001,501120,376408105.37264854,572.4686782360077,a047,,,2026-08-31T15:37:40,harminv_uretim_rd0.110_dx+0.000_dy+0.000_s4_na1.3300_res24_nk12_simoto.json
norm_uretim_rd0.060_dx+0.000_dy+0.000_s4_na1.3000_res24_nk12_simoto.json,legacy-campaign,reference,production,norm_uretim_rd0.060_dx+0.000_dy+0.000_s4_na1.3000_res24_nk12_simoto,0.06,0.0,0.0,4,1.3,0.0,24,12,25,481.4,0.3084414433,0.0036,1.0,1.5,1.0,pml,,,,none,,,,,,,,,,False,False,,0,133334,501120,136603862.02058348,489.1247808933258,a061,,,2026-08-31T17:32:26,norm_uretim_rd0.060_dx+0.000_dy+0.000_s4_na1.3000_res24_nk12_simoto.json
norm_uretim_rd0.060_dx+0.000_dy+0.000_s4_na1.3250_res24_nk12_simoto.json,legacy-campaign,reference,production,norm_uretim_rd0.060_dx+0.000_dy+0.000_s4_na1.3250_res24_nk12_simoto,0.06,0.0,0.0,4,1.325,0.0,24,12,25,481.4,0.3052396121,0.0036,1.0,1.5,1.0,pml,,,,none,,,,,,,,,,False,False,,0,133334,501120,136982046.3153776,487.7743899822235,a061,,,2026-08-31T17:32:26,norm_uretim_rd0.060_dx+0.000_dy+0.000_s4_na1.3250_res24_nk12_simoto.json
norm_uretim_rd0.060_dx+0.000_dy+0.000_s4_na1.3500_res24_nk12_simoto.json,legacy-campaign,reference,production,norm_uretim_rd0.060_dx+0.000_dy+0.000_s4_na1.3500_res24_nk12_simoto,0.06,0.0,0.0,4,1.35,0.0,24,12,25,481.4,0.3021605002,0.0036,1.0,1.5,1.0,pml,,,,none,,,,,,,,,,False,False,,0,133334,501120,137594763.98727778,485.6023015975952,a061,,,2026-08-31T17:32:26,norm_uretim_rd0.060_dx+0.000_dy+0.000_s4_na1.3500_res24_nk12_simoto.json
norm_uretim_rd0.060_dx+0.000_dy+0.000_s4_na1.3750_res24_nk12_simoto.json,legacy-campaign,reference,production,norm_uretim_rd0.060_dx+0.000_dy+0.000_s4_na1.3750_res24_nk12_simoto,0.06,0.0,0.0,4,1.375,0.0,24,12,25,481.4,0.299201107,0.0036,1.0,1.5,1.0,pml,,,,none,,,,,,,,,,False,False,,0,133334,501120,136910532.4587744,488.02917408943176,a061,,,2026-08-31T17:32:26,norm_uretim_rd0.060_dx+0.000_dy+0.000_s4_na1.3750_res24_nk12_simoto.json
norm_uretim_rd0.060_dx+0.000_dy+0.000_s4_na1.4000_res24_nk12_simoto.json,legacy-campaign,reference,production,norm_uretim_rd0.060_dx+0.000_dy+0.000_s4_na1.4000_res24_nk12_simoto,0.06,0.0,0.0,4,1.4,0.0,24,12,25,481.4,0.2963600009,0.0036,1.0,1.5,1.0,pml,,,,none,,,,,,,,,,False,False,,0,133334,501120,141082000.57870978,473.59928131103516,a061,,,2026-08-31T17:32:26,norm_uretim_rd0.060_dx+0.000_dy+0.000_s4_na1.4000_res24_nk12_simoto.json
norm_uretim_rd0.060_dx+0.000_dy+0.000_s4_na1.4250_res24_nk12_simoto.json,legacy-campaign,reference,production,norm_uretim_rd0.060_dx+0.000_dy+0.000_s4_na1.4250_res24_nk12_simoto,0.06,0.0,0.0,4,1.425,0.0,24,12,25,481.4,0.293639542,0.0036,1.0,1.5,1.0,pml,,,,none,,,,,,,,,,False,False,,0,133334,501120,142033604.87327418,470.42623567581177,a061,,,2026-08-31T17:32:26,norm_uretim_rd0.060_dx+0.000_dy+0.000_s4_na1.4250_res24_nk12_simoto.json
norm_uretim_rd0.060_dx+0.000_dy+0.000_s4_na1.4500_res24_nk12_simoto.json,legacy-campaign,reference,production,norm_uretim_rd0.060_dx+0.000_dy+0.000_s4_na1.4500_res24_nk12_simoto,0.06,0.0,0.0,4,1.45,0.0,24,12,25,481.4,0.2910449686,0.0036,1.0,1.5,1.0,pml,,,,none,,,,,,,,,,False,False,,0,133334,501120,141129621.84152785,473.4394750595093,a061,,,2026-08-31T17:32:26,norm_uretim_rd0.060_dx+0.000_dy+0.000_s4_na1.4500_res24_nk12_simoto.json
pwe_legacy.json,legacy-verification,pwe,legacy,pwe_legacy,0.06,0.0,0.0,4,1.33,0.0,24,12,25,481.4,auto,0.06,1.0,1.5,1.0,pml,,,,,,,,,,,,,,False,False,,0,,,,,,,,,pwe_v4_feasibility_results.json
spektrum_uretim_rd0.060_dx+0.000_dy+0.000_s4_na1.3000_res24_nk12_simoto.json,legacy-campaign,spectrum,production,spektrum_uretim_rd0.060_dx+0.000_dy+0.000_s4_na1.3000_res24_nk12_simoto,0.06,0.0,0.0,4,1.3,0.0,24,12,25,481.4,0.3084414433,0.0036,1.0,1.5,1.0,pml,,,,none,,,,,,,,,,False,False,,0,1467386,501120,230900237.8127224,3184.6501297950745,a061,,,2026-08-31T17:32:26,spektrum_uretim_rd0.060_dx+0.000_dy+0.000_s4_na1.3000_res24_nk12_simoto.json
spektrum_uretim_rd0.060_dx+0.000_dy+0.000_s4_na1.3250_res24_nk12_simoto.json,legacy-campaign,spectrum,production,spektrum_uretim_rd0.060_dx+0.000_dy+0.000_s4_na1.3250_res24_nk12_simoto,0.06,0.0,0.0,4,1.325,0.0,24,12,25,481.4,0.3052396121,0.0036,1.0,1.5,1.0,pml,,,,none,,,,,,,,,,False,False,,0,1292582,501120,213463464.13781896,3034.4241552352905,a061,,,2026-08-31T17:32:26,spektrum_uretim_rd0.060_dx+0.000_dy+0.000_s4_na1.3250_res24_nk12_simoto.json
spektrum_uretim_rd0.060_dx+0.000_dy+0.000_s4_na1.3500_res24_nk12_simoto.json,legacy-campaign,spectrum,production,spektrum_uretim_rd0.060_dx+0.000_dy+0.000_s4_na1.3500_res24_nk12_simoto,0.06,0.0,0.0,4,1.35,0.0,24,12,25,481.4,0.3021605002,0.0036,1.0,1.5,1.0,pml,,,,none,,,,,,,,,,False,False,,0,1118325,501120,205926777.7096201,2721.428607940674,a061,,,2026-08-31T17:32:26,spektrum_uretim_rd0.060_dx+0.000_dy+0.000_s4_na1.3500_res24_nk12_simoto.json
spektrum_uretim_rd0.060_dx+0.000_dy+0.000_s4_na1.3750_res24_nk12_simoto.json,legacy-campaign,spectrum,production,spektrum_uretim_rd0.060_dx+0.000_dy+0.000_s4_na1.3750_res24_nk12_simoto,0.06,0.0,0.0,4,1.375,0.0,24,12,25,481.4,0.299201107,0.0036,1.0,1.5,1.0,pml,,,,none,,,,,,,,,,False,False,,0,933761,501120,202579380.26005062,2309.8417603969574,a061,,,2026-08-31T17:32:26,spektrum_uretim_rd0.060_dx+0.000_dy+0.000_s4_na1.3750_res24_nk12_simoto.json
spektrum_uretim_rd0.060_dx+0.000_dy+0.000_s4_na1.4000_res24_nk12_simoto.json,legacy-campaign,spectrum,production,spektrum_uretim_rd0.060_dx+0.000_dy+0.000_s4_na1.4000_res24_nk12_simoto,0.06,0.0,0.0,4,1.4,0.0,24,12,25,481.4,0.2963600009,0.0036,1.0,1.5,1.0,pml,,,,none,,,,,,,,,,False,False,,0,735610,501120,192170002.47322923,1918.2436304092407,a061,,,2026-08-31T17:32:26,spektrum_uretim_rd0.060_dx+0.000_dy+0.000_s4_na1.4000_res24_nk12_simoto.json
spektrum_uretim_rd0.060_dx+0.000_dy+0.000_s4_na1.4250_res24_nk12_simoto.json,legacy-campaign,spectrum,production,spektrum_uretim_rd0.060_dx+0.000_dy+0.000_s4_na1.4250_res24_nk12_simoto,0.06,0.0,0.0,4,1.425,0.0,24,12,25,481.4,0.293639542,0.0036,1.0,1.5,1.0,pml,,,,none,,,,,,,,,,False,False,,0,577510,501120,188852818.79658797,1532.4198656082153,a061,,,2026-08-31T17:32:26,spektrum_uretim_rd0.060_dx+0.000_dy+0.000_s4_na1.4250_res24_nk12_simoto.json
spektrum_uretim_rd0.060_dx+0.000_dy+0.000_s4_na1.4500_res24_nk12_simoto.json,legacy-campaign,spectrum,production,spektrum_uretim_rd0.060_dx+0.000_dy+0.000_s4_na1.4500_res24_nk12_simoto,0.06,0.0,0.0,4,1.45,0.0,24,12,25,481.4,0.2910449686,0.0036,1.0,1.5,1.0,pml,,,,none,,,,,,,,,,False,False,,0,492985,501120,183222413.92210937,1348.331996679306,a061,,,2026-08-31T17:32:26,spektrum_uretim_rd0.060_dx+0.000_dy+0.000_s4_na1.4500_res24_nk12_simoto.json
v4_H10_s5_rd0.0600_nk13_res24_em8_pay4.5.json,legacy-verification,harminv,production,v4_H10_s5_rd0.0600_nk13_res24_em8_pay4.5,0.06,0.0,0.0,5,1.33,0.0,24,13,25,481.4,0.3105806452,0.06,1.0,1.5,1.0,absorber,8.0,,225600.0,even,31600.420948727293,0.3045732379292983,1580.5722238529345,0.050017442059315104,5.4318021634659995e-12,5.974826594643154,220121.95221817156,6.965791771423759,0.41501356225646,True,True,,1,10836800,732096,203549400.5252937,19488.089653730392,a039,524775,4526a05608a7f13eb399c598e2aa5d2ef80b82f7fde9857dbb703e0e578f19e0,2026-09-17T11:54:02,v4_H10_s5_rd0.0600_nk13_res24_em8_pay4.5.json
v4_H12_s3_rd0.1000_nk12_res24_em8_pay4.5.json,legacy-verification,harminv,production,v4_H12_s3_rd0.1000_nk12_res24_em8_pay4.5,0.1,0.0,0.0,3,1.33,0.0,24,12,25,481.4,0.3105806452,0.06,1.0,1.5,1.0,absorber,8.0,,2600.0,even,511.5543603114046,0.29172040827676576,1650.210223013531,3.2258746108800223,9.215895770843734e-12,0.8146928681772764,2536.8664705994947,4.959133705859134,0.2330446295838395,True,True,,1,132800,684864,195362641.82949698,232.7720856666565,a051,525888,4526a05608a7f13eb399c598e2aa5d2ef80b82f7fde9857dbb703e0e578f19e0,2026-09-19T15:59:26,v4_H12_s3_rd0.1000_nk12_res24_em8_pay4.5.json
v4_H12_s3_rd0.1000_nk12_res24_pay4.5.json,legacy-verification,harminv,production,v4_H12_s3_rd0.1000_nk12_res24_pay4.5,0.1,0.0,0.0,3,1.33,0.0,24,12,25,481.4,0.3105806452,0.06,1.0,1.5,1.0,pml,,,4400.0,even,918.7912931716429,0.29163140096708856,1650.7138751300904,1.7966146255390278,4.681044916877237e-09,0.8094905143196245,4293.158642552991,4.672615722916923,0.231784473993212,True,True,,1,219201,501120,373254165.59264535,147.14638876914978,a051,525888,4526a05608a7f13eb399c598e2aa5d2ef80b82f7fde9857dbb703e0e578f19e0,2026-09-19T15:59:29,v4_H12_s3_rd0.1000_nk12_res24_pay4.5.json
v4_H12_s4_rd0.1000_nk12_res24_em8_pay4.5.json,legacy-verification,harminv,production,v4_H12_s4_rd0.1000_nk12_res24_em8_pay4.5,0.1,0.0,0.0,4,1.33,0.0,24,12,25,481.4,0.3105806452,0.06,1.0,1.5,1.0,absorber,8.0,,13500.0,even,2925.7076114837896,0.2916749375721272,1650.4674827639462,0.5641259147994293,8.726941877041547e-10,0.8946757363889695,13172.191289651224,4.502224090318742,0.23240086040501742,True,True,,1,656000,684864,211445288.71967387,1062.3806912899017,a051,525888,4526a05608a7f13eb399c598e2aa5d2ef80b82f7fde9857dbb703e0e578f19e0,2026-09-19T15:59:27,v4_H12_s4_rd0.1000_nk12_res24_em8_pay4.5.json
v4_H12_s4_rd0.1000_nk12_res24_pay4.5.json,legacy-verification,harminv,production,v4_H12_s4_rd0.1000_nk12_res24_pay4.5,0.1,0.0,0.0,4,1.33,0.0,24,12,25,481.4,0.3105806452,0.06,1.0,1.5,1.0,pml,,,23600.0,even,5040.937403705002,0.2916603566932301,1650.549994034119,0.3274291787120771,2.2179828365834147e-10,0.8934682564394469,23026.941810056953,4.567988047844543,0.2321944259433413,True,True,,1,1140801,501120,395904928.9655029,721.9892394542694,a051,525888,4526a05608a7f13eb399c598e2aa5d2ef80b82f7fde9857dbb703e0e578f19e0,2026-09-19T15:59:30,v4_H12_s4_rd0.1000_nk12_res24_pay4.5.json
v4_H12_s5_rd0.1000_nk13_res24_em8_pay4.5.json,legacy-verification,harminv,production,v4_H12_s5_rd0.1000_nk13_res24_em8_pay4.5,0.1,0.0,0.0,5,1.33,0.0,24,13,25,481.4,0.3105806452,0.06,1.0,1.5,1.0,absorber,8.0,,77500.0,even,16468.999952892154,0.29165396918573666,1650.5861426950978,0.10022382339039566,2.0670243015036204e-11,0.9061564748379926,75618.1351813311,4.5915438337257175,0.2321039923226958,True,True,,1,3728001,732096,218516070.09359664,6244.974611997604,a051,525888,4526a05608a7f13eb399c598e2aa5d2ef80b82f7fde9857dbb703e0e578f19e0,2026-09-19T15:59:28,v4_H12_s5_rd0.1000_nk13_res24_em8_pay4.5.json
v4_H12_s5_rd0.1000_nk13_res24_pay4.5.json,legacy-verification,harminv,production,v4_H12_s5_rd0.1000_nk13_res24_pay4.5,0.1,0.0,0.0,5,1.33,0.0,24,13,25,481.4,0.3105806452,0.06,1.0,1.5,1.0,pml,,,138400.0,even,28194.233336287765,0.29165144418613687,1650.6004327986882,0.05854390197850356,9.100058860297109e-12,0.9060177189730405,135039.35366575772,4.789608997523388,0.2320682436592034,True,True,,1,6651200,535680,408555965.36335915,4360.375466346741,a051,525888,4526a05608a7f13eb399c598e2aa5d2ef80b82f7fde9857dbb703e0e578f19e0,2026-09-19T15:59:31,v4_H12_s5_rd0.1000_nk13_res24_pay4.5.json
v4_H1a_s4_rd0.0600_nk12_res24_pay4.5.json,legacy-verification,harminv,production,v4_H1a_s4_rd0.0600_nk12_res24_pay4.5,0.06,0.0,0.0,4,1.33,0.0,24,12,25,481.4,0.3105806452,0.06,1.0,1.5,1.0,pml,,,32000.0,even,6927.173648486342,0.3046140802122781,1580.360302664027,0.2281392647070933,1.4941156670774562e-10,5.923281857831656,31222.971945839938,4.5073176349004145,0.41559180275623053,True,True,,1,1544001,501120,388620909.66179734,995.4814085960388,a084,524774,4526a05608a7f13eb399c598e2aa5d2ef80b82f7fde9857dbb703e0e578f19e0,2026-09-17T11:53:56,v4_H1a_s4_rd0.0600_nk12_res24_pay4.5.json
v4_H1b_s5_rd0.0600_nk12_res24_pay4.5.json,legacy-verification,harminv,production,v4_H1b_s5_rd0.0600_nk12_res24_pay4.5,0.06,0.0,0.0,5,1.33,0.0,24,12,25,481.4,0.3105806452,0.06,1.0,1.5,1.0,pml,,,225600.0,even,46029.944597727976,0.30457241199122825,1580.5765100414426,0.03433800591885699,3.4495511879044896e-12,5.97576898351414,220121.95221817156,4.782146799043437,0.41500186871712874,True,True,,1,10836800,501120,405429715.5716679,6697.260964632034,a084,524774,4526a05608a7f13eb399c598e2aa5d2ef80b82f7fde9857dbb703e0e578f19e0,2026-09-17T11:53:57,v4_H1b_s5_rd0.0600_nk12_res24_pay4.5.json
v4_H1c_s5_rd0.0600_nk13_res24_pay4.5.json,legacy-verification,harminv,production,v4_H1c_s5_rd0.0600_nk13_res24_pay4.5,0.06,0.0,0.0,5,1.33,0.0,24,13,25,481.4,0.3105806452,0.06,1.0,1.5,1.0,pml,,,225600.0,even,48468.15596148812,0.30457236327149745,1580.5767628722026,0.032610623026964325,3.2675850543710257e-12,5.97623230305835,220121.95221817156,4.54157885422908,0.41500117894859884,True,True,,1,10836800,535680,407504778.689225,7122.685827970505,a084,524774,4526a05608a7f13eb399c598e2aa5d2ef80b82f7fde9857dbb703e0e578f19e0,2026-09-17T11:53:58,v4_H1c_s5_rd0.0600_nk13_res24_pay4.5.json
v4_H2_s6_rd0.0600_nk14_res24_pay4.5.json,legacy-verification,harminv,production,v4_H2_s6_rd0.0600_nk14_res24_pay4.5,0.06,0.0,0.0,6,1.33,0.0,24,14,25,481.4,0.3105806452,0.06,1.0,1.5,1.0,pml,,,1522000.0,even,313303.9434739029,0.30456225647642704,1580.629213775411,0.005045034531801455,6.044213921287017e-14,5.981515312180275,1485042.603174012,4.739942264077218,0.4148580880681139,True,True,,1,73064001,570240,424440171.63654906,49081.14112949371,a039,524775,4526a05608a7f13eb399c598e2aa5d2ef80b82f7fde9857dbb703e0e578f19e0,2026-09-17T11:54:00,v4_H2_s6_rd0.0600_nk14_res24_pay4.5.json
v4_H3a_s4_rd0.0600_nk12_res24_pml2_pay4.5.json,legacy-verification,harminv,production,v4_H3a_s4_rd0.0600_nk12_res24_pml2_pay4.5,0.06,0.0,0.0,4,1.33,0.0,24,12,25,481.4,0.3105806452,0.06,2.0,1.5,1.0,pml,,,32000.0,even,6927.175217282379,0.3046140802575783,1580.3603024290062,0.22813921300651063,1.4940712638929445e-10,5.923281887763639,31222.971945839938,4.507316614129058,0.4155918033975859,True,True,,1,1544001,571392,328984102.44928545,1340.8395919799805,a084,524774,4526a05608a7f13eb399c598e2aa5d2ef80b82f7fde9857dbb703e0e578f19e0,2026-09-17T11:53:59,v4_H3a_s4_rd0.0600_nk12_res24_pml2_pay4.5.json
v4_H3b_s5_rd0.0600_nk12_res24_pml2_pay4.5.json,legacy-verification,harminv,production,v4_H3b_s5_rd0.0600_nk12_res24_pml2_pay4.5,0.06,0.0,0.0,5,1.33,0.0,24,12,25,481.4,0.3105806452,0.06,2.0,1.5,1.0,pml,,,225600.0,even,46029.942816674135,0.30457241199643964,1580.576510014398,0.03433800724692279,3.446534424612733e-12,5.9757689784957,220121.95221817156,4.782146984080836,0.415001868790911,True,True,,1,10836800,571392,352230214.1571662,8789.792267560959,a084,524774,4526a05608a7f13eb399c598e2aa5d2ef80b82f7fde9857dbb703e0e578f19e0,2026-09-17T11:54:00,v4_H3b_s5_rd0.0600_nk12_res24_pml2_pay4.5.json
v4_H4a_s4_rd0.0500_nk12_res24_nx49_pay2.5.json,legacy-verification,harminv,production,v4_H4a_s4_rd0.0500_nk12_res24_nx49_pay2.5,0.05,0.0,0.0,4,1.33,0.0,24,12,49,481.4,0.3105806452,0.06,1.0,1.5,1.0,pml,,,20500.0,even,7950.805383730235,0.3069368315338909,1568.4008908095002,0.19726314695350552,1.4530076690864332e-10,6.680454679321634,20002.21640280371,2.515747202633626,0.4484770576210624,True,True,,1,992001,902016,183295035.43904135,2440.8756403923035,a039,524775,4526a05608a7f13eb399c598e2aa5d2ef80b82f7fde9857dbb703e0e578f19e0,2026-09-17T11:54:03,v4_H4a_s4_rd0.0500_nk12_res24_nx49_pay2.5.json
v4_H4a_s4_rd0.0525_nk12_res24_nx49_pay2.5.json,legacy-verification,harminv,production,v4_H4a_s4_rd0.0525_nk12_res24_nx49_pay2.5,0.0525,0.0,0.0,4,1.33,0.0,24,12,49,481.4,0.3105806452,0.06,1.0,1.5,1.0,pml,,,20500.0,even,7369.250115394923,0.3064101032653649,1571.0970195492737,0.2131963218709503,2.561782724940386e-10,6.527456665827853,20002.21640280371,2.7142811126762494,0.4410196973802932,True,True,,1,992001,902016,190293803.6226662,2351.1032860279083,a039,524775,4526a05608a7f13eb399c598e2aa5d2ef80b82f7fde9857dbb703e0e578f19e0,2026-09-17T11:54:04,v4_H4a_s4_rd0.0525_nk12_res24_nx49_pay2.5.json
v4_H4a_s4_rd0.0550_nk12_res24_nx49_pay2.5.json,legacy-verification,harminv,production,v4_H4a_s4_rd0.0550_nk12_res24_nx49_pay2.5,0.055,0.0,0.0,4,1.33,0.0,24,12,49,481.4,0.3105806452,0.06,1.0,1.5,1.0,pml,,,20500.0,even,6365.235763487967,0.3058522964035398,1573.9623526149483,0.24727479249762493,1.2615469579429258e-10,6.343789664087324,20002.21640280371,3.1424156380097803,0.4331223298722925,True,True,,1,992001,902016,189948002.93487033,2355.3834738731384,a039,524775,4526a05608a7f13eb399c598e2aa5d2ef80b82f7fde9857dbb703e0e578f19e0,2026-09-17T11:54:05,v4_H4a_s4_rd0.0550_nk12_res24_nx49_pay2.5.json
v4_H4a_s4_rd0.0575_nk12_res24_nx49_pay2.5.json,legacy-verification,harminv,production,v4_H4a_s4_rd0.0575_nk12_res24_nx49_pay2.5,0.0575,0.0,0.0,4,1.33,0.0,24,12,49,481.4,0.3105806452,0.06,1.0,1.5,1.0,pml,,,20500.0,even,5084.074933331891,0.30526218880634076,1577.005006359964,0.3101852405874082,2.1818393288349226e-10,6.132830008841807,20002.21640280371,3.9342882756637683,0.424767652145497,True,True,,1,992001,902016,189849374.7328907,2356.607113599777,a039,524775,4526a05608a7f13eb399c598e2aa5d2ef80b82f7fde9857dbb703e0e578f19e0,2026-09-17T11:54:06,v4_H4a_s4_rd0.0575_nk12_res24_nx49_pay2.5.json
v4_H4a_s4_rd0.0600_nk12_res24_nx49_pay2.5.json,legacy-verification,harminv,production,v4_H4a_s4_rd0.0600_nk12_res24_nx49_pay2.5,0.06,0.0,0.0,4,1.33,0.0,24,12,49,481.4,0.3105806452,0.06,1.0,1.5,1.0,pml,,,20500.0,even,3789.5103760923707,0.3046370762790975,1580.2410063801908,0.41700400567571155,3.549002328317028e-10,5.910356083101364,20002.21640280371,5.278311554177455,0.4159173785125362,True,True,,1,992001,902016,189973867.5825835,2355.0627920627594,a039,524775,4526a05608a7f13eb399c598e2aa5d2ef80b82f7fde9857dbb703e0e578f19e0,2026-09-17T11:54:07,v4_H4a_s4_rd0.0600_nk12_res24_nx49_pay2.5.json
v4_H4a_s4_rd0.0625_nk12_res24_nx49_pay2.5.json,legacy-verification,harminv,production,v4_H4a_s4_rd0.0625_nk12_res24_nx49_pay2.5,0.0625,0.0,0.0,4,1.33,0.0,24,12,49,481.4,0.3105806452,0.06,1.0,1.5,1.0,pml,,,20500.0,even,2832.8528838970983,0.30397056317815213,1583.7059844438272,0.5590498516340725,6.963095983232551e-10,5.6932111404623225,20002.21640280371,7.0608030923536935,0.4064809601618546,True,True,,1,992001,902016,190292408.85463035,2351.120518684387,a039,524775,4526a05608a7f13eb399c598e2aa5d2ef80b82f7fde9857dbb703e0e578f19e0,2026-09-17T11:54:08,v4_H4a_s4_rd0.0625_nk12_res24_nx49_pay2.5.json
v4_H4a_s4_rd0.0650_nk12_res24_nx49_pay2.5.json,legacy-verification,harminv,production,v4_H4a_s4_rd0.0650_nk12_res24_nx49_pay2.5,0.065,0.0,0.0,4,1.33,0.0,24,12,49,481.4,0.3105806452,0.06,1.0,1.5,1.0,pml,,,20500.0,even,2571.0664929060986,0.3034334502480595,1586.509330485651,0.6170627383084153,8.106609168261663e-10,5.486507836984681,20002.21640280371,7.7797351635954906,0.39887657503765284,True,True,,1,992001,902016,191426737.29320362,2337.1885941028595,a039,524775,4526a05608a7f13eb399c598e2aa5d2ef80b82f7fde9857dbb703e0e578f19e0,2026-09-17T11:54:09,v4_H4a_s4_rd0.0650_nk12_res24_nx49_pay2.5.json
v4_H4a_s4_rd0.0675_nk12_res24_nx49_pay2.5.json,legacy-verification,harminv,production,v4_H4a_s4_rd0.0675_nk12_res24_nx49_pay2.5,0.0675,0.0,0.0,4,1.33,0.0,24,12,49,481.4,0.3105806452,0.06,1.0,1.5,1.0,pml,,,20500.0,even,3166.9841708480203,0.30257146489137715,1591.0290819156462,0.5023798655392767,5.558790593291984e-10,5.034084047889863,20002.21640280371,6.315856134338599,0.3866726822315259,True,True,,1,992001,902016,190661334.55472797,2346.571149587631,a039,524775,4526a05608a7f13eb399c598e2aa5d2ef80b82f7fde9857dbb703e0e578f19e0,2026-09-17T11:54:10,v4_H4a_s4_rd0.0675_nk12_res24_nx49_pay2.5.json
v4_H4a_s4_rd0.0700_nk12_res24_nx49_pay2.5.json,legacy-verification,harminv,production,v4_H4a_s4_rd0.0700_nk12_res24_nx49_pay2.5,0.07,0.0,0.0,4,1.33,0.0,24,12,49,481.4,0.3105806452,0.06,1.0,1.5,1.0,pml,,,20500.0,even,4282.3361862842585,0.3018563910683797,1594.7981034827524,0.37241310212651546,2.7679296084265637e-10,4.668676761447136,20002.21640280371,4.670865511882998,0.37654874657916637,True,True,,1,992001,902016,189985447.7358114,2354.919244289398,a039,524775,4526a05608a7f13eb399c598e2aa5d2ef80b82f7fde9857dbb703e0e578f19e0,2026-09-17T11:54:11,v4_H4a_s4_rd0.0700_nk12_res24_nx49_pay2.5.json
v4_H4a_s4_rd0.0725_nk12_res24_nx49_pay2.5.json,legacy-verification,harminv,production,v4_H4a_s4_rd0.0725_nk12_res24_nx49_pay2.5,0.0725,0.0,0.0,4,1.33,0.0,24,12,49,481.4,0.3105806452,0.06,1.0,1.5,1.0,pml,,,20500.0,even,5470.411006883777,0.3011249275405885,1598.6720326735895,0.29223983913857215,1.726182849265483e-10,4.322938555242589,20002.21640280371,3.6564375835076395,0.36619276730927186,True,True,,1,992001,902016,189479668.16064766,2361.2052488327026,a039,524775,4526a05608a7f13eb399c598e2aa5d2ef80b82f7fde9857dbb703e0e578f19e0,2026-09-17T11:54:12,v4_H4a_s4_rd0.0725_nk12_res24_nx49_pay2.5.json
v4_H4a_s4_rd0.0750_nk12_res24_nx49_pay2.5.json,legacy-verification,harminv,production,v4_H4a_s4_rd0.0750_nk12_res24_nx49_pay2.5,0.075,0.0,0.0,4,1.33,0.0,24,12,49,481.4,0.3105806452,0.06,1.0,1.5,1.0,pml,,,20500.0,even,6206.6511696502475,0.3003731900621589,1602.6729945518093,0.25821863525836297,2.654562760326835e-10,3.970972437551438,20002.21640280371,3.222706715114273,0.3555497517011961,True,True,,1,992001,902016,188639888.31842238,2371.716772079468,a039,524775,4526a05608a7f13eb399c598e2aa5d2ef80b82f7fde9857dbb703e0e578f19e0,2026-09-17T11:54:13,v4_H4a_s4_rd0.0750_nk12_res24_nx49_pay2.5.json
v4_H4a_s4_rd0.0775_nk12_res24_nx49_pay2.5.json,legacy-verification,harminv,production,v4_H4a_s4_rd0.0775_nk12_res24_nx49_pay2.5,0.0775,0.0,0.0,4,1.33,0.0,24,12,49,481.4,0.3105806452,0.06,1.0,1.5,1.0,pml,,,20500.0,even,6090.32872348515,0.2996003475426179,1606.8072148398335,0.26382930836619095,1.8928201983468787e-10,3.60875648480021,20002.21640280371,3.2842589145758914,0.34460793326846006,True,True,,1,992001,902016,188542008.25203124,2372.948029756546,a039,524775,4526a05608a7f13eb399c598e2aa5d2ef80b82f7fde9857dbb703e0e578f19e0,2026-09-17T11:54:14,v4_H4a_s4_rd0.0775_nk12_res24_nx49_pay2.5.json
v4_H4a_s4_rd0.0800_nk12_res24_nx49_pay2.5.json,legacy-verification,harminv,production,v4_H4a_s4_rd0.0800_nk12_res24_nx49_pay2.5,0.08,0.0,0.0,4,1.33,0.0,24,12,49,481.4,0.3105806452,0.06,1.0,1.5,1.0,pml,,,20500.0,even,5069.82784404101,0.298806620296832,1611.075415671116,0.3177771445562489,3.482381053436996e-10,3.241359346574539,20002.21640280371,3.9453443032220465,0.3333704312044401,True,True,,1,992001,902016,188214998.05620453,2377.070858478546,a039,524775,4526a05608a7f13eb399c598e2aa5d2ef80b82f7fde9857dbb703e0e578f19e0,2026-09-17T11:54:15,v4_H4a_s4_rd0.0800_nk12_res24_nx49_pay2.5.json
v4_H4a_s4_rd0.0825_nk12_res24_nx49_pay2.5.json,legacy-verification,harminv,production,v4_H4a_s4_rd0.0825_nk12_res24_nx49_pay2.5,0.0825,0.0,0.0,4,1.33,0.0,24,12,49,481.4,0.3105806452,0.06,1.0,1.5,1.0,pml,,,20500.0,even,3543.0768537129375,0.29799087822296627,1615.485691611678,0.4559555884086295,4.300422685901305e-10,2.883447616459558,20002.21640280371,5.645436785217504,0.3218212456530504,True,True,,1,992001,902016,185347884.46485537,2413.841346502304,a039,524775,4526a05608a7f13eb399c598e2aa5d2ef80b82f7fde9857dbb703e0e578f19e0,2026-09-17T11:54:16,v4_H4a_s4_rd0.0825_nk12_res24_nx49_pay2.5.json
v4_H4a_s4_rd0.0850_nk12_res24_nx49_pay2.5.json,legacy-verification,harminv,production,v4_H4a_s4_rd0.0850_nk12_res24_nx49_pay2.5,0.085,0.0,0.0,4,1.33,0.0,24,12,49,481.4,0.3105806452,0.06,1.0,1.5,1.0,pml,,,20500.0,even,2230.3319864177142,0.29714277087367724,1620.0966242071393,0.7263925882214894,1.4920728628904474e-10,2.5747021771355807,20002.21640280371,8.96826863651389,0.30981383613202557,True,True,,2,992001,902016,186108608.2669867,2403.974706888199,a039,524775,4526a05608a7f13eb399c598e2aa5d2ef80b82f7fde9857dbb703e0e578f19e0,2026-09-17T11:54:17,v4_H4a_s4_rd0.0850_nk12_res24_nx49_pay2.5.json
v4_H4a_s4_rd0.0875_nk12_res24_nx49_pay2.5.json,legacy-verification,harminv,production,v4_H4a_s4_rd0.0875_nk12_res24_nx49_pay2.5,0.0875,0.0,0.0,4,1.33,0.0,24,12,49,481.4,0.3105806452,0.06,1.0,1.5,1.0,pml,,,20500.0,even,1968.2344902071766,0.2962439429533674,1625.0121275079655,0.8256191706796666,1.2502579452969037e-10,2.2519763414623784,20002.21640280371,10.162516967527724,0.2970883304078521,True,True,,2,992001,902016,184550970.24180615,2424.2646160125732,a039,524775,4526a05608a7f13eb399c598e2aa5d2ef80b82f7fde9857dbb703e0e578f19e0,2026-09-17T11:54:18,v4_H4a_s4_rd0.0875_nk12_res24_nx49_pay2.5.json
v4_H4a_s4_rd0.0900_nk12_res24_nx49_pay2.5.json,legacy-verification,harminv,production,v4_H4a_s4_rd0.0900_nk12_res24_nx49_pay2.5,0.09,0.0,0.0,4,1.33,0.0,24,12,49,481.4,0.3105806452,0.06,1.0,1.5,1.0,pml,,,20500.0,even,3015.5743778697406,0.2953470730951132,1629.9467435215465,0.5405095478603225,3.7379227169119065e-10,1.874091910173587,20002.21640280371,6.632970670394693,0.2843905467084777,True,True,,2,992001,902016,184486670.59195137,2425.109551668167,a039,524775,4526a05608a7f13eb399c598e2aa5d2ef80b82f7fde9857dbb703e0e578f19e0,2026-09-17T11:54:19,v4_H4a_s4_rd0.0900_nk12_res24_nx49_pay2.5.json
v4_H4b_s3_rd0.0600_nk12_res24_em8_pay4.5.json,legacy-verification,harminv,production,v4_H4b_s3_rd0.0600_nk12_res24_em8_pay4.5,0.06,0.0,0.0,3,1.33,0.0,24,12,25,481.4,0.3105806452,0.06,1.0,1.5,1.0,absorber,8.0,,4600.0,even,634.0293859647883,0.3048078577213182,1579.3556097892256,2.4909817190664683,5.428437133138356e-12,5.424062232176613,4488.302217214491,7.0790129236435035,0.41833528317643803,True,True,,1,228801,684864,126292763.74733815,620.374293088913,a084,524774,4526a05608a7f13eb399c598e2aa5d2ef80b82f7fde9857dbb703e0e578f19e0,2026-09-17T11:54:05,v4_H4b_s3_rd0.0600_nk12_res24_em8_pay4.5.json
v4_H4b_s4_rd0.0500_nk12_res24_em8_pay2.5.json,legacy-verification,harminv,production,v4_H4b_s4_rd0.0500_nk12_res24_em8_pay2.5,0.05,0.0,0.0,4,1.33,0.0,24,12,25,481.4,0.3105806452,0.06,1.0,1.5,1.0,absorber,8.0,,14300.0,even,5061.492335092407,0.30693539594951447,1568.4082264633366,0.3098707105786227,2.8350326266010976e-10,6.693420628640172,13952.765588297221,2.7566505418885487,0.4484567327771329,True,True,,1,694400,684864,169997440.23295927,1398.755066394806,a084,524774,4526a05608a7f13eb399c598e2aa5d2ef80b82f7fde9857dbb703e0e578f19e0,2026-09-17T11:54:01,v4_H4b_s4_rd0.0500_nk12_res24_em8_pay2.5.json
v4_H4b_s4_rd0.0600_nk12_res24_em8_pay4.5.json,legacy-verification,harminv,production,v4_H4b_s4_rd0.0600_nk12_res24_em8_pay4.5,0.06,0.0,0.0,4,1.33,0.0,24,12,25,481.4,0.3105806452,0.06,1.0,1.5,1.0,absorber,8.0,,32000.0,even,4495.089751460868,0.30462053455636795,1580.326817760607,0.3515673557456808,2.5325500429866974e-10,5.914141790484367,31222.971945839938,6.946017470661787,0.41568318264197435,True,True,,1,1544001,684864,156504230.66656512,3378.2815210819244,a084,524774,4526a05608a7f13eb399c598e2aa5d2ef80b82f7fde9857dbb703e0e578f19e0,2026-09-17T11:54:06,v4_H4b_s4_rd0.0600_nk12_res24_em8_pay4.5.json
v4_H4b_s4_rd0.0650_nk12_res24_em8_pay2.5.json,legacy-verification,harminv,production,v4_H4b_s4_rd0.0650_nk12_res24_em8_pay2.5,0.065,0.0,0.0,4,1.33,0.0,24,12,25,481.4,0.3105806452,0.06,1.0,1.5,1.0,absorber,8.0,,17900.0,even,4215.701545854731,0.3034359741509237,1586.496134306607,0.37633027790276025,4.753994540649281e-10,5.412652737208845,17465.349932204215,4.142928464510911,0.3989123081736847,True,True,,1,867201,684864,167310158.5182914,1774.8914678096771,a084,524774,4526a05608a7f13eb399c598e2aa5d2ef80b82f7fde9857dbb703e0e578f19e0,2026-09-17T11:54:02,v4_H4b_s4_rd0.0650_nk12_res24_em8_pay2.5.json
v4_H4b_s4_rd0.0850_nk12_res24_em8_pay2.5.json,legacy-verification,harminv,production,v4_H4b_s4_rd0.0850_nk12_res24_em8_pay2.5,0.085,0.0,0.0,4,1.33,0.0,24,12,25,481.4,0.3105806452,0.06,1.0,1.5,1.0,absorber,8.0,,5300.0,even,3516.3160351441293,0.2971209565115443,1620.2155702918105,0.4607707481632549,2.0035424118519135e-09,2.5425524739572496,5171.30472852974,1.4706598260351689,0.3095049908192361,True,True,,1,262401,684864,127743137.53952837,703.3998143672943,a084,524774,4526a05608a7f13eb399c598e2aa5d2ef80b82f7fde9857dbb703e0e578f19e0,2026-09-17T11:54:03,v4_H4b_s4_rd0.0850_nk12_res24_em8_pay2.5.json
v4_H4b_s4_rd0.1050_nk12_res24_em8_pay2.5.json,legacy-verification,harminv,production,v4_H4b_s4_rd0.1050_nk12_res24_em8_pay2.5,0.105,0.0,0.0,4,1.33,0.0,24,12,25,481.4,0.3105806452,0.06,1.0,1.5,1.0,absorber,8.0,,13900.0,even,2730.966463473631,0.2897830828322572,1661.2425932353735,0.6082984230873232,6.383810089269455e-10,0.5703316789803912,13562.478438974224,4.966182712373383,0.20561619141829718,True,True,,1,675200,684864,158146472.32751724,1461.9996449947357,a084,524774,4526a05608a7f13eb399c598e2aa5d2ef80b82f7fde9857dbb703e0e578f19e0,2026-09-17T11:54:04,v4_H4b_s4_rd0.1050_nk12_res24_em8_pay2.5.json
v4_H4b_s5_rd0.0600_nk12_res24_em8_pay4.5.json,legacy-verification,harminv,production,v4_H4b_s5_rd0.0600_nk12_res24_em8_pay4.5,0.06,0.0,0.0,5,1.33,0.0,24,12,25,481.4,0.3105806452,0.06,1.0,1.5,1.0,absorber,8.0,,225600.0,even,30543.75328985516,0.3045732863617801,1580.5719725142949,0.05174779790535002,5.733846404580041e-12,5.974367300090858,220121.95221817156,7.206774823292038,0.4150142479581505,True,True,,1,10836800,684864,216010514.71151924,17179.104001283646,a084,524774,4526a05608a7f13eb399c598e2aa5d2ef80b82f7fde9857dbb703e0e578f19e0,2026-09-17T11:54:07,v4_H4b_s5_rd0.0600_nk12_res24_em8_pay4.5.json
v4_H4c_s4_rd0.0500_nk12_res24_em8_pay4.5.json,legacy-verification,harminv,production,v4_H4c_s4_rd0.0500_nk12_res24_em8_pay4.5,0.05,0.0,0.0,4,1.33,0.0,24,12,25,481.4,0.3105806452,0.06,1.0,1.5,1.0,absorber,8.0,,23400.0,even,5061.557637321116,0.3069353954316452,1568.4082291095951,0.30986671327123166,2.616556366403856e-10,6.69303492160342,22831.798235395454,4.5108245072715265,0.44845672544519766,True,True,,1,1131201,684864,167603410.61096525,2311.166696548462,a048,525887,4526a05608a7f13eb399c598e2aa5d2ef80b82f7fde9857dbb703e0e578f19e0,2026-09-19T15:58:27,v4_H4c_s4_rd0.0500_nk12_res24_em8_pay4.5.json
v4_H4c_s4_rd0.0550_nk12_res24_em8_pay4.5.json,legacy-verification,harminv,production,v4_H4c_s4_rd0.0550_nk12_res24_em8_pay4.5,0.055,0.0,0.0,4,1.33,0.0,24,12,25,481.4,0.3105806452,0.06,1.0,1.5,1.0,absorber,8.0,,22200.0,even,4794.326227665416,0.30584212920418924,1574.014676305772,0.3283077958322903,2.9691537933659447e-10,6.364170234292329,21660.936787426457,4.5180356443900545,0.4329783837947279,True,True,,1,1073601,684864,165089398.93850833,2226.886402130127,a048,525887,4526a05608a7f13eb399c598e2aa5d2ef80b82f7fde9857dbb703e0e578f19e0,2026-09-19T15:58:27,v4_H4c_s4_rd0.0550_nk12_res24_em8_pay4.5.json
v4_H4c_s4_rd0.0850_nk12_res24_em8_pay4.5.json,legacy-verification,harminv,production,v4_H4c_s4_rd0.0850_nk12_res24_em8_pay4.5,0.085,0.0,0.0,4,1.33,0.0,24,12,25,481.4,0.3105806452,0.06,1.0,1.5,1.0,absorber,8.0,,16300.0,even,3517.409110051982,0.29712096120453446,1620.2155447006987,0.4606275511342934,4.044683114355204e-10,2.542005999001192,15904.201334912219,4.521567107295398,0.3095050572620689,True,True,,1,790401,684864,203681247.79927722,1328.8341374397278,a048,525887,4526a05608a7f13eb399c598e2aa5d2ef80b82f7fde9857dbb703e0e578f19e0,2026-09-19T15:58:28,v4_H4c_s4_rd0.0850_nk12_res24_em8_pay4.5.json
v4_H5_s4_rd0.0600_nk12_res24_br2-0.18_pay4.5.json,legacy-verification,harminv,production,v4_H5_s4_rd0.0600_nk12_res24_br2-0.18_pay4.5,0.06,0.0,0.0,4,1.33,0.0,24,12,25,481.4,0.3105806452,0.06,1.0,1.5,1.0,pml,,2:0.18,38300.0,even,5663.630427210578,0.3048445015486391,1579.1657633791724,0.2788257079402928,1.816256662243963e-10,5.978963676433339,37369.994547677175,6.598240303275306,0.41885408240796107,True,True,,1,1846400,501120,367744322.6104831,1258.031614780426,a084,524774,4526a05608a7f13eb399c598e2aa5d2ef80b82f7fde9857dbb703e0e578f19e0,2026-09-17T11:54:08,v4_H5_s4_rd0.0600_nk12_res24_br2-0.18_pay4.5.json
v4_H5_s4_rd0.0600_nk12_res24_br2-0.19_pay4.5.json,legacy-verification,harminv,production,v4_H5_s4_rd0.0600_nk12_res24_br2-0.19_pay4.5,0.06,0.0,0.0,4,1.33,0.0,24,12,25,481.4,0.3105806452,0.06,1.0,1.5,1.0,pml,,2:0.19,38300.0,even,6375.554389894348,0.30471763948536,1579.8232121154529,0.2477938568949504,1.4542709626262613e-10,5.953667707387829,37369.994547677175,5.861450199046368,0.41705798342620903,True,True,,1,1846400,501120,367024464.029738,1260.4990384578705,a084,524774,4526a05608a7f13eb399c598e2aa5d2ef80b82f7fde9857dbb703e0e578f19e0,2026-09-17T11:54:09,v4_H5_s4_rd0.0600_nk12_res24_br2-0.19_pay4.5.json
v4_H5_s4_rd0.0600_nk12_res24_br2-0.21_pay4.5.json,legacy-verification,harminv,production,v4_H5_s4_rd0.0600_nk12_res24_br2-0.21_pay4.5,0.06,0.0,0.0,4,1.33,0.0,24,12,25,481.4,0.3105806452,0.06,1.0,1.5,1.0,pml,,2:0.21,38300.0,even,7326.00030459509,0.30452073234852745,1580.8447467183685,0.21578551474080812,9.865099047220172e-11,5.88815254292627,37369.994547677175,5.1010091446812496,0.4142701940838066,True,True,,1,1846400,501120,371162796.7970988,1246.444923877716,a084,524774,4526a05608a7f13eb399c598e2aa5d2ef80b82f7fde9857dbb703e0e578f19e0,2026-09-17T11:54:10,v4_H5_s4_rd0.0600_nk12_res24_br2-0.21_pay4.5.json
v4_H5_s4_rd0.0600_nk12_res24_br2-0.22_pay4.5.json,legacy-verification,harminv,production,v4_H5_s4_rd0.0600_nk12_res24_br2-0.22_pay4.5,0.06,0.0,0.0,4,1.33,0.0,24,12,25,481.4,0.3105806452,0.06,1.0,1.5,1.0,pml,,2:0.22,38300.0,even,7568.320246147499,0.3044306866310825,1581.3123352553935,0.20893834877829445,1.1326116899302979e-10,5.847644374878774,37369.994547677175,4.9376867431976885,0.4129953368315,True,True,,1,1846400,501120,360101206.1282566,1284.7332253456116,a084,524774,4526a05608a7f13eb399c598e2aa5d2ef80b82f7fde9857dbb703e0e578f19e0,2026-09-17T11:54:11,v4_H5_s4_rd0.0600_nk12_res24_br2-0.22_pay4.5.json
v4_H8_s5_rd0.0600_nk12_res32_pay4.5.json,legacy-verification,harminv,production,v4_H8_s5_rd0.0600_nk12_res32_pay4.5,0.06,0.0,0.0,5,1.33,0.0,32,12,25,481.4,0.3105806452,0.06,1.0,1.5,1.0,pml,,,225600.0,even,45923.40806240402,0.30466199140139016,1580.1117749728046,0.03440754599104743,2.2220357515078263e-12,6.027909604370319,220121.95221817156,4.793240778625447,0.41627012404278724,True,True,,1,14449067,890880,282203541.9534336,22806.91574573517,a039,524775,4526a05608a7f13eb399c598e2aa5d2ef80b82f7fde9857dbb703e0e578f19e0,2026-09-17T11:54:01,v4_H8_s5_rd0.0600_nk12_res32_pay4.5.json
v4_H9_s4_rd0.0550_nk12_res24_em8_pay2.5.json,legacy-verification,harminv,production,v4_H9_s4_rd0.0550_nk12_res24_em8_pay2.5,0.055,0.0,0.0,4,1.33,0.0,24,12,25,481.4,0.3105806452,0.06,1.0,1.5,1.0,absorber,8.0,,18000.0,even,4794.179108810851,0.30584212874252925,1574.0146786817022,0.32831787110100713,2.6447570453001634e-10,6.364528290593615,17562.921719534967,3.6633845588408307,0.43297837725859717,True,True,,1,872001,684864,108395284.02680913,2754.742045402527,a039,524775,4526a05608a7f13eb399c598e2aa5d2ef80b82f7fde9857dbb703e0e578f19e0,2026-09-17T11:54:20,v4_H9_s4_rd0.0550_nk12_res24_em8_pay2.5.json
v4_H9_s4_rd0.0700_nk12_res24_em8_pay2.5.json,legacy-verification,harminv,production,v4_H9_s4_rd0.0700_nk12_res24_em8_pay2.5,0.07,0.0,0.0,4,1.33,0.0,24,12,25,481.4,0.3105806452,0.06,1.0,1.5,1.0,absorber,8.0,,18000.0,even,3895.686093196679,0.30187523646663755,1594.6985437912958,0.4093498566468778,4.152356042196239e-10,4.694892483927538,17562.921719534967,4.5083000271008435,0.3768155576316335,True,True,,1,872001,684864,108283775.47070228,2757.5788259506226,a039,524775,4526a05608a7f13eb399c598e2aa5d2ef80b82f7fde9857dbb703e0e578f19e0,2026-09-17T11:54:21,v4_H9_s4_rd0.0700_nk12_res24_em8_pay2.5.json
v4_H9_s4_rd0.0750_nk12_res24_em8_pay2.5.json,legacy-verification,harminv,production,v4_H9_s4_rd0.0750_nk12_res24_em8_pay2.5,0.075,0.0,0.0,4,1.33,0.0,24,12,25,481.4,0.3105806452,0.06,1.0,1.5,1.0,absorber,8.0,,18000.0,even,3679.5308892405424,0.3003770775181175,1602.65225288692,0.43555885278020007,4.3135792015580235e-10,3.9856661189904132,17562.921719534967,4.773141535757012,0.35560478987027794,True,True,,1,872001,684864,108444330.86136541,2753.4961400032043,a039,524775,4526a05608a7f13eb399c598e2aa5d2ef80b82f7fde9857dbb703e0e578f19e0,2026-09-17T11:54:22,v4_H9_s4_rd0.0750_nk12_res24_em8_pay2.5.json
v4_H9_s4_rd0.0800_nk12_res24_em8_pay2.5.json,legacy-verification,harminv,production,v4_H9_s4_rd0.0800_nk12_res24_em8_pay2.5,0.08,0.0,0.0,4,1.33,0.0,24,12,25,481.4,0.3105806452,0.06,1.0,1.5,1.0,absorber,8.0,,18000.0,even,3562.2007459305223,0.298790692549965,1611.1612978690705,0.4522937961061487,4.6305190119166995e-10,3.2542978939912173,17562.921719534967,4.93035709444476,0.3331449279358502,True,True,,1,872001,684864,108337454.5213799,2756.2125005722046,a039,524775,4526a05608a7f13eb399c598e2aa5d2ef80b82f7fde9857dbb703e0e578f19e0,2026-09-17T11:54:23,v4_H9_s4_rd0.0800_nk12_res24_em8_pay2.5.json
v4_H9_s4_rd0.0900_nk12_res24_em8_pay2.5.json,legacy-verification,harminv,production,v4_H9_s4_rd0.0900_nk12_res24_em8_pay2.5,0.09,0.0,0.0,4,1.33,0.0,24,12,25,481.4,0.3105806452,0.06,1.0,1.5,1.0,absorber,8.0,,18000.0,even,3446.0081159366564,0.295374097690488,1629.7976151735618,0.472952343796372,5.027117658014825e-10,1.892370985945701,17562.921719534967,5.0965990585780165,0.2847731579240003,True,True,,1,872001,684864,103471386.75433445,2885.832072019577,a039,524775,4526a05608a7f13eb399c598e2aa5d2ef80b82f7fde9857dbb703e0e578f19e0,2026-09-17T11:54:24,v4_H9_s4_rd0.0900_nk12_res24_em8_pay2.5.json
v4_H9_s4_rd0.0950_nk12_res24_em8_pay2.5.json,legacy-verification,harminv,production,v4_H9_s4_rd0.0950_nk12_res24_em8_pay2.5,0.095,0.0,0.0,4,1.33,0.0,24,12,25,481.4,0.3105806452,0.06,1.0,1.5,1.0,absorber,8.0,,18000.0,even,3241.097573766862,0.29355539810993364,1639.8948992234862,0.5059690002845458,4.5720090146240767e-10,1.3376199425408897,17562.921719534967,5.418819186959257,0.2590242115462344,True,True,,1,872001,684864,104081725.37763658,2868.909458875656,a039,524775,4526a05608a7f13eb399c598e2aa5d2ef80b82f7fde9857dbb703e0e578f19e0,2026-09-17T11:54:25,v4_H9_s4_rd0.0950_nk12_res24_em8_pay2.5.json
v4_H9_s4_rd0.1000_nk12_res24_em8_pay2.5.json,legacy-verification,harminv,production,v4_H9_s4_rd0.1000_nk12_res24_em8_pay2.5,0.1,0.0,0.0,4,1.33,0.0,24,12,25,481.4,0.3105806452,0.06,1.0,1.5,1.0,absorber,8.0,,18000.0,even,2925.8478814805826,0.2916749383039479,1650.4674786228766,0.564098868252741,5.881031028467185e-10,0.8946178574214897,17562.921719534967,6.002677661645043,0.2324008707660537,True,True,,1,872001,684864,104136536.70193022,2867.399434328079,a039,524775,4526a05608a7f13eb399c598e2aa5d2ef80b82f7fde9857dbb703e0e578f19e0,2026-09-17T11:54:26,v4_H9_s4_rd0.1000_nk12_res24_em8_pay2.5.json
v4_H9_s4_rd0.1100_nk12_res24_em8_pay2.5.json,legacy-verification,harminv,production,v4_H9_s4_rd0.1100_nk12_res24_em8_pay2.5,0.11,0.0,0.0,4,1.33,0.0,24,12,25,481.4,0.3105806452,0.06,1.0,1.5,1.0,absorber,8.0,,18000.0,even,2890.9859041837185,0.28790281259516165,1672.0920357138955,0.5783812481735422,6.413910110846467e-10,0.3478981901921226,17562.921719534967,6.075063075928047,0.1789955345333792,True,False,gap position outside 0.2-0.8,1,872001,684864,103262345.92489183,2891.674053668976,a039,524775,4526a05608a7f13eb399c598e2aa5d2ef80b82f7fde9857dbb703e0e578f19e0,2026-09-17T11:54:27,v4_H9_s4_rd0.1100_nk12_res24_em8_pay2.5.json
v4_duman_a_orijinal.json,legacy-verification,harminv,manual,v4_duman_a_orijinal,0.06,0.0,0.0,3,1.33,0.0,12,8,25,481.4,0.3105806451612903,0.06,1.0,1.5,1.0,pml,,,3000.0,even,956.3553575648388,0.3044605725322079,1581.157113369989,1.6533154761594882,2.9228860499346977e-11,5.2592788137560875,2927.153619557664,3.0607384550143117,0.413418458095592,True,True,,1,76000,90720,253602961.93348163,13.593532085418701,a084,,,2026-09-17T11:39:40,v4_duman_a_orijinal.json
v4_duman_a_v4.json,legacy-verification,harminv,manual,v4_duman_a_v4,0.06,0.0,0.0,3,1.33,0.0,12,8,25,481.4,0.3105806451612903,0.06,1.0,1.5,1.0,pml,,,3000.0,even,956.3553575648388,0.3044605725322079,1581.157113369989,1.6533154761594882,2.9228860499346977e-11,5.2592788137560875,2927.153619557664,3.0607384550143117,0.413418458095592,True,True,,1,76000,90720,256291988.08207384,13.450908184051514,a084,524773,4526a05608a7f13eb399c598e2aa5d2ef80b82f7fde9857dbb703e0e578f19e0,2026-09-17T11:39:41,v4_duman_a_v4.json
v4_duman_br.json,legacy-verification,harminv,manual,v4_duman_br,0.06,0.0,0.0,3,1.33,0.0,12,8,25,481.4,0.3105806451612903,0.06,1.0,1.5,1.0,pml,,2:0.18,3000.0,even,679.2766958766958,0.3063508853991536,1571.4007138343004,2.3133440663766645,8.010726190955984e-11,5.621703721027083,2927.153619557664,4.309221319273713,0.4401812974169442,True,True,,1,76000,90720,255427362.90561303,13.496439695358276,a084,524773,4526a05608a7f13eb399c598e2aa5d2ef80b82f7fde9857dbb703e0e578f19e0,2026-09-17T11:39:45,v4_duman_br.json
v4_duman_em10.json,legacy-verification,harminv,manual,v4_duman_em10,0.06,0.0,0.0,3,1.33,0.0,12,8,25,481.4,0.3105806451612903,0.06,1.0,1.5,1.0,absorber,10.0,,3000.0,even,611.372087494031,0.3045099550473735,1580.9006964160078,2.5858241302706553,4.550066985221055e-12,5.2065359490105365,2927.153619557664,4.78784308187155,0.41411761025276755,True,True,,1,76000,136080,256353069.9682845,20.171554803848267,a084,524773,4526a05608a7f13eb399c598e2aa5d2ef80b82f7fde9857dbb703e0e578f19e0,2026-09-17T11:39:44,v4_duman_em10.json
v4_duman_em6.json,legacy-verification,harminv,manual,v4_duman_em6,0.06,0.0,0.0,3,1.33,0.0,12,8,25,481.4,0.3105806451612903,0.06,1.0,1.5,1.0,absorber,6.0,,3000.0,even,554.0344615799983,0.3045249741932736,1580.8227265277385,2.853293136350292,1.4938544640321593e-11,5.203404904555685,2927.153619557664,5.283342143032028,0.4143302496499265,True,True,,1,76000,111888,251745523.746711,16.889055013656616,a084,524773,4526a05608a7f13eb399c598e2aa5d2ef80b82f7fde9857dbb703e0e578f19e0,2026-09-17T11:39:42,v4_duman_em6.json
v4_duman_em8.json,legacy-verification,harminv,manual,v4_duman_em8,0.06,0.0,0.0,3,1.33,0.0,12,8,25,481.4,0.3105806451612903,0.06,1.0,1.5,1.0,absorber,8.0,,3000.0,even,616.1286128053806,0.30451422880508267,1580.8785089912517,2.565825504829478,1.997468860349508e-11,5.204098569010481,2927.153619557664,4.75088083676172,0.414178117639068,True,True,,1,76000,123984,253364125.47365513,18.59533977508545,a084,524773,4526a05608a7f13eb399c598e2aa5d2ef80b82f7fde9857dbb703e0e578f19e0,2026-09-17T11:39:43,v4_duman_em8.json
v4_duman_nk13.json,legacy-verification,harminv,manual,v4_duman_nk13,0.06,0.0,0.0,3,1.33,0.0,12,13,25,481.4,0.3105806451612903,0.06,1.0,1.5,1.0,pml,,,3000.0,even,983.8748541394771,0.3044595136095616,1581.1626126991275,1.6070769631388273,2.935984696947236e-11,5.270577953072384,2927.153619557664,2.9751279923886558,0.41340346598654387,True,True,,1,76000,133920,294423333.30160767,17.284499645233154,a084,524773,4526a05608a7f13eb399c598e2aa5d2ef80b82f7fde9857dbb703e0e578f19e0,2026-09-17T11:39:46,v4_duman_nk13.json
v4_duman_nx49.json,legacy-verification,harminv,manual,v4_duman_nx49,0.06,0.0,0.0,3,1.33,0.0,12,8,49,481.4,0.3105806451612903,0.06,1.0,1.5,1.0,pml,,,3000.0,even,603.5517680946112,0.3046580905670335,1580.1320066833352,2.618055468003596,1.8173159017465298e-10,5.000442355658377,2927.153619557664,4.849879951140846,0.41621489646383375,True,True,,3,76000,163296,308121361.51797646,20.138973712921143,a084,524773,4526a05608a7f13eb399c598e2aa5d2ef80b82f7fde9857dbb703e0e578f19e0,2026-09-17T11:39:47,v4_duman_nx49.json
v4_duman_pml2.json,legacy-verification,harminv,manual,v4_duman_pml2,0.06,0.0,0.0,3,1.33,0.0,12,8,25,481.4,0.3105806451612903,0.06,2.0,1.5,1.0,pml,,,3000.0,even,956.3570522585483,0.30446057743376465,1581.157087914702,1.65331251981738,2.927580521882376e-11,5.259282525447526,2927.153619557664,3.060733031292916,0.41341852749128766,True,True,,1,76000,105984,237223769.8850674,16.97718572616577,a084,524773,4526a05608a7f13eb399c598e2aa5d2ef80b82f7fde9857dbb703e0e578f19e0,2026-09-17T11:39:48,v4_duman_pml2.json
v4_duman_uzun.json,legacy-verification,harminv,manual,v4_duman_uzun,0.06,0.0,0.0,3,1.33,0.0,12,8,25,481.4,0.3105806451612903,0.06,1.0,1.5,1.0,pml,,,200000.0,even,956.2768379168891,0.3044605773757379,1581.157088216053,1.6534512031687132,1.7797362111884768e-11,5.259590747709744,195143.5746371776,204.06598476469395,0.4134185266697514,True,True,,1,4804000,90720,269215135.5962505,809.4249215126038,a084,524773,4526a05608a7f13eb399c598e2aa5d2ef80b82f7fde9857dbb703e0e578f19e0,2026-09-17T11:39:49,v4_duman_uzun.json
v4_regresyon_ref.json,legacy-verification,harminv,production,v4_regresyon_ref,0.06,0.0,0.0,4,1.33,0.0,24,12,25,481.4,0.3105806451612903,0.06,1.0,1.5,1.0,pml,,,17751.775421768845,even,6926.7174201944035,0.3046140797559758,1580.3603050313568,0.22815429144314694,3.373830943612657e-10,5.923484205947793,17320.724559801816,2.5005675140297114,0.4155917962959537,True,True,,1,860086,501120,406248844.32931805,530.4707968235016,a036,524748,4526a05608a7f13eb399c598e2aa5d2ef80b82f7fde9857dbb703e0e578f19e0,2026-09-17T11:23:25,v4_regresyon_ref.json
